"game_id","season","game_type","week","gameday","weekday","gametime","away_team","away_score","home_team","home_score","location","result","total","overtime","old_game_id","gsis","nfl_detail_id","pfr","pff","espn","ftn","away_rest","home_rest","away_moneyline","home_moneyline","spread_line","away_spread_odds","home_spread_odds","total_line","under_odds","over_odds","div_game","roof","surface","temp","wind","away_qb_id","home_qb_id","away_qb_name","home_qb_name","away_coach","home_coach","referee","stadium_id","stadium"
"2024_01_BAL_KC",2024,"REG",1,"2024-09-05","Thursday","20:20","BAL",20,"KC",27,"Home",7,47,0,"2024090500",59508,NA,"202409050kan",NA,"401671789",6449,7,7,124,-148,3,-118,-102,46,-110,-110,0,"outdoors","grass",67,8,"00-0034796","00-0033873","Lamar Jackson","Patrick Mahomes","John Harbaugh","Andy Reid","Shawn Hochuli","KAN00","GEHA Field at Arrowhead Stadium"
"2024_01_GB_PHI",2024,"REG",1,"2024-09-06","Friday","20:15","GB",29,"PHI",34,"Neutral",5,63,0,"2024090600",59509,NA,"202409060phi",NA,"401671805",6450,7,7,110,-130,2,-110,-110,49.5,-112,-108,0,"outdoors","",NA,NA,"00-0036264","00-0036389","Jordan Love","Jalen Hurts","Matt LaFleur","Nick Sirianni","Ron Torbert","SAO00","Arena Corinthians"
"2024_01_PIT_ATL",2024,"REG",1,"2024-09-08","Sunday","13:00","PIT",18,"ATL",10,"Home",-8,28,0,"2024090800",59510,NA,"202409080atl",NA,"401671744",6451,7,7,160,-192,4,-110,-110,43,-115,-105,0,"closed","fieldturf",NA,NA,"00-0036945","00-0029604","Justin Fields","Kirk Cousins","Mike Tomlin","Raheem Morris","Brad Rogers","ATL97","Mercedes-Benz Stadium"
"2024_01_ARI_BUF",2024,"REG",1,"2024-09-08","Sunday","13:00","ARI",28,"BUF",34,"Home",6,62,0,"2024090801",59511,NA,"202409080buf",NA,"401671617",6452,7,7,250,-310,6.5,-105,-115,46,-112,-108,0,"outdoors","a_turf",61,20,"00-0035228","00-0034857","Kyler Murray","Josh Allen","Jonathan Gannon","Sean McDermott","Tra Blake","BUF00","New Era Field"
"2024_01_TEN_CHI",2024,"REG",1,"2024-09-08","Sunday","13:00","TEN",17,"CHI",24,"Home",7,41,0,"2024090802",59512,NA,"202409080chi",NA,"401671719",6453,7,7,164,-198,4,-108,-112,43,-110,-110,0,"outdoors","grass",67,8,"00-0039152","00-0039918","Will Levis","Caleb Williams","Brian Callahan","Matt Eberflus","Shawn Smith","CHI98","Soldier Field"
"2024_01_NE_CIN",2024,"REG",1,"2024-09-08","Sunday","13:00","NE",16,"CIN",10,"Home",-6,26,0,"2024090803",59513,NA,"202409080cin",NA,"401671628",6454,7,7,295,-375,8,-110,-110,40.5,-112,-108,0,"outdoors","fieldturf",66,5,"00-0033119","00-0036442","Jacoby Brissett","Joe Burrow","Jerod Mayo","Zac Taylor","Land Clark","CIN00","Paycor Stadium"
"2024_01_HOU_IND",2024,"REG",1,"2024-09-08","Sunday","13:00","HOU",29,"IND",27,"Home",-2,56,0,"2024090804",59514,NA,"202409080clt",NA,"401671861",6455,7,7,-155,130,-3,-108,-112,49,-112,-108,1,"closed","fieldturf",NA,NA,"00-0039163","00-0039164","C.J. Stroud","Anthony Richardson","DeMeco Ryans","Shane Steichen","John Hussey","IND00","Lucas Oil Stadium"
"2024_01_JAX_MIA",2024,"REG",1,"2024-09-08","Sunday","13:00","JAX",17,"MIA",20,"Home",3,37,0,"2024090805",59515,NA,"202409080mia",NA,"401671849",6456,7,7,150,-180,3.5,-110,-110,49.5,-112,-108,0,"outdoors","grass",91,10,"00-0036971","00-0036212","Trevor Lawrence","Tua Tagovailoa","Doug Pederson","Mike McDaniel","Craig Wrolstad","MIA00","Hard Rock Stadium"
"2024_01_CAR_NO",2024,"REG",1,"2024-09-08","Sunday","13:00","CAR",10,"NO",47,"Home",37,57,0,"2024090806",59516,NA,"202409080nor",NA,"401671734",6457,7,7,160,-192,3.5,-108,-112,41.5,-112,-108,1,"dome","sportturf",NA,NA,"00-0039150","00-0031280","Bryce Young","Derek Carr","Dave Canales","Dennis Allen","Alan Eck","NOR00","Mercedes-Benz Superdome"
"2024_01_MIN_NYG",2024,"REG",1,"2024-09-08","Sunday","13:00","MIN",28,"NYG",6,"Home",-22,34,0,"2024090807",59517,NA,"202409080nyg",NA,"401671712",6458,7,7,-115,-105,-1,-108,-112,42.5,-108,-112,0,"outdoors","fieldturf",64,10,"00-0034869","00-0035710","Sam Darnold","Daniel Jones","Kevin O'Connell","Brian Daboll","Alex Kemp","NYC01","MetLife Stadium"
"2024_01_LV_LAC",2024,"REG",1,"2024-09-08","Sunday","16:05","LV",10,"LAC",22,"Home",12,32,0,"2024090808",59518,NA,"202409080sdg",NA,"401671659",6459,7,7,130,-155,3,-118,-102,41,-108,-112,1,"dome","matrixturf",NA,NA,"00-0035289","00-0036355","Gardner Minshew","Justin Herbert","Antonio Pierce","Jim Harbaugh","Scott Novak","LAX01","SoFi Stadium"
"2024_01_DEN_SEA",2024,"REG",1,"2024-09-08","Sunday","16:05","DEN",20,"SEA",26,"Home",6,46,0,"2024090809",59519,NA,"202409080sea",NA,"401671664",6460,7,7,225,-278,6.5,-110,-110,42,-108,-112,0,"outdoors","fieldturf",65,7,"00-0039732","00-0030565","Bo Nix","Geno Smith","Sean Payton","Mike Macdonald","Brad Allen","SEA00","Lumen Field"
"2024_01_DAL_CLE",2024,"REG",1,"2024-09-08","Sunday","16:25","DAL",33,"CLE",17,"Home",-16,50,0,"2024090810",59520,NA,"202409080cle",NA,"401671761",6461,7,7,110,-130,2.5,-112,-108,42,-108,-112,0,"outdoors","grass",69,17,"00-0033077","00-0033537","Dak Prescott","Deshaun Watson","Mike McCarthy","Kevin Stefanski","Clete Blakeman","CLE00","FirstEnergy Stadium"
"2024_01_WAS_TB",2024,"REG",1,"2024-09-08","Sunday","16:25","WAS",20,"TB",37,"Home",17,57,0,"2024090811",59521,NA,"202409080tam",NA,"401671770",6462,7,7,164,-198,4,-112,-108,42,-110,-110,0,"outdoors","grass",93,6,"00-0039910","00-0034855","Jayden Daniels","Baker Mayfield","Dan Quinn","Todd Bowles","Bill Vinovich","TAM00","Raymond James Stadium"
"2024_01_LA_DET",2024,"REG",1,"2024-09-08","Sunday","20:20","LA",20,"DET",26,"Home",6,46,1,"2024090812",59522,NA,"202409080det",NA,"401671792",6463,7,7,185,-225,5,-108,-112,54,-112,-108,0,"dome","fieldturf",NA,NA,"00-0026498","00-0033106","Matthew Stafford","Jared Goff","Sean McVay","Dan Campbell","Adrian Hill","DET00","Ford Field"
"2024_01_NYJ_SF",2024,"REG",1,"2024-09-09","Monday","20:15","NYJ",19,"SF",32,"Home",13,51,0,"2024090900",59523,NA,"202409090sfo",NA,"401671696",6464,7,7,150,-180,3.5,-115,-105,43,-108,-112,0,"outdoors","grass",76,10,"00-0023459","00-0037834","Aaron Rodgers","Brock Purdy","Robert Saleh","Kyle Shanahan","Carl Cheffers","SFO01","Levi's Stadium"
"2024_02_BUF_MIA",2024,"REG",2,"2024-09-12","Thursday","20:15","BUF",31,"MIA",10,"Home",-21,41,0,"2024091200",59524,NA,"202409120mia",NA,"401671807",6465,4,4,114,-135,2.5,-110,-110,48.5,-105,-115,1,"outdoors","grass",86,3,"00-0034857","00-0036212","Josh Allen","Tua Tagovailoa","Sean McDermott","Mike McDaniel","Bill Vinovich","MIA00","Hard Rock Stadium"
"2024_02_LV_BAL",2024,"REG",2,"2024-09-15","Sunday","13:00","LV",26,"BAL",23,"Home",-3,49,0,"2024091500",59525,NA,"202409150rav",NA,"401671624",6466,7,10,350,-455,9,-112,-108,41,-108,-112,0,"outdoors","grass",76,10,"00-0035289","00-0034796","Gardner Minshew","Lamar Jackson","Antonio Pierce","John Harbaugh","Tra Blake","BAL00","M&T Bank Stadium"
"2024_02_LAC_CAR",2024,"REG",2,"2024-09-15","Sunday","13:00","LAC",26,"CAR",3,"Home",-23,29,0,"2024091501",59526,NA,"202409150car",NA,"401671652",6467,7,7,-225,185,-5,-110,-110,39,-112,-108,0,"outdoors","grass",78,13,"00-0036355","00-0039150","Justin Herbert","Bryce Young","Jim Harbaugh","Dave Canales","Brad Rogers","CAR00","Bank of America Stadium"
"2024_02_NO_DAL",2024,"REG",2,"2024-09-15","Sunday","13:00","NO",44,"DAL",19,"Home",-25,63,0,"2024091502",59527,NA,"202409150dal",NA,"401671709",6468,7,7,235,-290,6.5,-112,-108,47,-108,-112,0,"closed","matrixturf",NA,NA,"00-0031280","00-0033077","Derek Carr","Dak Prescott","Dennis Allen","Mike McCarthy","Adrian Hill","DAL00","AT&T Stadium"
"2024_02_TB_DET",2024,"REG",2,"2024-09-15","Sunday","13:00","TB",20,"DET",16,"Home",-4,36,0,"2024091503",59528,NA,"202409150det",NA,"401671721",6469,7,7,295,-375,7.5,-108,-112,51.5,-112,-108,0,"dome","fieldturf",NA,NA,"00-0034855","00-0033106","Baker Mayfield","Jared Goff","Todd Bowles","Dan Campbell","Clay Martin","DET00","Ford Field"
"2024_02_IND_GB",2024,"REG",2,"2024-09-15","Sunday","13:00","IND",10,"GB",16,"Home",6,26,0,"2024091504",59529,NA,"202409150gnb",NA,"401671723",6470,7,9,-142,120,-3,-102,-118,41.5,-110,-110,0,"outdoors","grass",85,7,"00-0039164","00-0038128","Anthony Richardson","Malik Willis","Shane Steichen","Matt LaFleur","Shawn Hochuli","GNB00","Lambeau Field"
"2024_02_CLE_JAX",2024,"REG",2,"2024-09-15","Sunday","13:00","CLE",18,"JAX",13,"Home",-5,31,0,"2024091505",59530,NA,"202409150jax",NA,"401671635",6471,7,7,142,-170,3,100,-120,41.5,-108,-112,0,"outdoors","grass",80,12,"00-0033537","00-0036971","Deshaun Watson","Trevor Lawrence","Kevin Stefanski","Doug Pederson","Adrian Hill","JAX00","TIAA Bank Stadium"
"2024_02_SF_MIN",2024,"REG",2,"2024-09-15","Sunday","13:00","SF",17,"MIN",23,"Home",6,40,0,"2024091506",59531,NA,"202409150min",NA,"401671645",6472,6,7,-218,180,-4.5,-112,-108,46.5,-108,-112,0,"dome","sportturf",NA,NA,"00-0037834","00-0034869","Brock Purdy","Sam Darnold","Kyle Shanahan","Kevin O'Connell","Brad Allen","MIN01","U.S. Bank Stadium"
"2024_02_SEA_NE",2024,"REG",2,"2024-09-15","Sunday","13:00","SEA",23,"NE",20,"Home",-3,43,1,"2024091507",59532,NA,"202409150nwe",NA,"401671702",6473,7,7,-170,142,-3.5,-102,-118,39,-110,-110,0,"outdoors","fieldturf",77,5,"00-0030565","00-0033119","Geno Smith","Jacoby Brissett","Mike Macdonald","Jerod Mayo","Carl Cheffers","BOS00","Gillette Stadium"
"2024_02_NYJ_TEN",2024,"REG",2,"2024-09-15","Sunday","13:00","NYJ",24,"TEN",17,"Home",-7,41,0,"2024091508",59533,NA,"202409150oti",NA,"401671636",6474,6,7,-180,150,-3.5,-112,-108,41.5,-112,-108,0,"outdoors","grass",80,13,"00-0023459","00-0039152","Aaron Rodgers","Will Levis","Robert Saleh","Brian Callahan","Alan Eck","NAS00","Nissan Stadium"
"2024_02_NYG_WAS",2024,"REG",2,"2024-09-15","Sunday","13:00","NYG",18,"WAS",21,"Home",3,39,0,"2024091509",59534,NA,"202409150was",NA,"401671716",6475,7,7,105,-125,1.5,-108,-112,42.5,-105,-115,1,"outdoors","grass",82,11,"00-0035710","00-0039910","Daniel Jones","Jayden Daniels","Brian Daboll","Dan Quinn","Scott Novak","WAS00","FedExField"
"2024_02_LA_ARI",2024,"REG",2,"2024-09-15","Sunday","16:05","LA",10,"ARI",41,"Home",31,51,0,"2024091510",59535,NA,"202409150crd",NA,"401671754",6476,7,7,-112,-108,-1,-105,-115,47.5,-118,-102,1,"closed","grass",NA,NA,"00-0026498","00-0035228","Matthew Stafford","Kyler Murray","Sean McVay","Jonathan Gannon","John Hussey","PHO00","State Farm Stadium"
"2024_02_PIT_DEN",2024,"REG",2,"2024-09-15","Sunday","16:25","PIT",13,"DEN",6,"Home",-7,19,0,"2024091511",59536,NA,"202409150den",NA,"401671668",6477,7,7,-155,130,-3,-102,-118,36.5,-112,-108,0,"outdoors","grass",83,4,"00-0036945","00-0039732","Justin Fields","Bo Nix","Mike Tomlin","Sean Payton","Clete Blakeman","DEN00","Empower Field at Mile High"
"2024_02_CIN_KC",2024,"REG",2,"2024-09-15","Sunday","16:25","CIN",25,"KC",26,"Home",1,51,0,"2024091512",59537,NA,"202409150kan",NA,"401671670",6478,7,10,235,-290,6.5,-105,-115,47.5,-108,-112,0,"outdoors","grass",89,8,"00-0036442","00-0033873","Joe Burrow","Patrick Mahomes","Zac Taylor","Andy Reid","Alex Kemp","KAN00","GEHA Field at Arrowhead Stadium"
"2024_02_CHI_HOU",2024,"REG",2,"2024-09-15","Sunday","20:20","CHI",13,"HOU",19,"Home",6,32,0,"2024091513",59538,NA,"202409150htx",NA,"401671786",6479,7,7,210,-258,6,-108,-112,45.5,-105,-115,0,"closed","astroturf",NA,NA,"00-0039918","00-0039163","Caleb Williams","C.J. Stroud","Matt Eberflus","DeMeco Ryans","Land Clark","HOU00","NRG Stadium"
"2024_02_ATL_PHI",2024,"REG",2,"2024-09-16","Monday","20:15","ATL",22,"PHI",21,"Home",-1,43,0,"2024091600",59539,NA,"202409160phi",NA,"401671691",6480,8,10,215,-265,5.5,-105,-115,46.5,-110,-110,0,"outdoors","grass",71,9,"00-0029604","00-0036389","Kirk Cousins","Jalen Hurts","Raheem Morris","Nick Sirianni","Craig Wrolstad","PHI00","Lincoln Financial Field"
"2024_03_NE_NYJ",2024,"REG",3,"2024-09-19","Thursday","20:15","NE",3,"NYJ",24,"Home",21,27,0,"2024091900",59540,NA,"202409190nyj",NA,"401671808",6481,4,4,230,-285,6.5,-110,-110,39,-108,-112,1,"outdoors","fieldturf",75,5,"00-0033119","00-0023459","Jacoby Brissett","Aaron Rodgers","Jerod Mayo","Robert Saleh","John Hussey","NYC01","MetLife Stadium"
"2024_03_NYG_CLE",2024,"REG",3,"2024-09-22","Sunday","13:00","NYG",21,"CLE",15,"Home",-6,36,0,"2024092200",59541,NA,"202409220cle",NA,"401671855",6482,7,7,220,-270,6.5,-112,-108,38,-108,-112,0,"outdoors","grass",76,4,"00-0035710","00-0033537","Daniel Jones","Deshaun Watson","Brian Daboll","Kevin Stefanski","Craig Wrolstad","CLE00","FirstEnergy Stadium"
"2024_03_CHI_IND",2024,"REG",3,"2024-09-22","Sunday","13:00","CHI",16,"IND",21,"Home",5,37,0,"2024092201",59542,NA,"202409220clt",NA,"401671865",6483,7,7,105,-125,1.5,-108,-112,43,-105,-115,0,"closed","fieldturf",NA,NA,"00-0039918","00-0039164","Caleb Williams","Anthony Richardson","Matt Eberflus","Shane Steichen","Adrian Hill","IND00","Lucas Oil Stadium"
"2024_03_HOU_MIN",2024,"REG",3,"2024-09-22","Sunday","13:00","HOU",7,"MIN",34,"Home",27,41,0,"2024092202",59543,NA,"202409220min",NA,"401671646",6484,7,7,-135,114,-2,-112,-108,46,-108,-112,0,"dome","sportturf",NA,NA,"00-0039163","00-0034869","C.J. Stroud","Sam Darnold","DeMeco Ryans","Kevin O'Connell","Shawn Hochuli","MIN01","U.S. Bank Stadium"
"2024_03_PHI_NO",2024,"REG",3,"2024-09-22","Sunday","13:00","PHI",15,"NO",12,"Home",-3,27,0,"2024092203",59544,NA,"202409220nor",NA,"401671736",6485,6,7,120,-142,2.5,-105,-115,49,-110,-110,0,"dome","sportturf",NA,NA,"00-0036389","00-0031280","Jalen Hurts","Derek Carr","Nick Sirianni","Dennis Allen","Scott Novak","NOR00","Mercedes-Benz Superdome"
"2024_03_LAC_PIT",2024,"REG",3,"2024-09-22","Sunday","13:00","LAC",10,"PIT",20,"Home",10,30,0,"2024092204",59545,NA,"202409220pit",NA,"401671632",6486,7,7,124,-148,3,-118,-102,36,-115,-105,0,"outdoors","grass",72,2,"00-0036355","00-0036945","Justin Herbert","Justin Fields","Jim Harbaugh","Mike Tomlin","Alex Kemp","PIT00","Acrisure Stadium"
"2024_03_DEN_TB",2024,"REG",3,"2024-09-22","Sunday","13:00","DEN",26,"TB",7,"Home",-19,33,0,"2024092205",59546,NA,"202409220tam",NA,"401671741",6487,7,7,200,-245,6,-112,-108,40.5,-108,-112,0,"outdoors","grass",85,6,"00-0039732","00-0034855","Bo Nix","Baker Mayfield","Sean Payton","Todd Bowles","Alan Eck","TAM00","Raymond James Stadium"
"2024_03_GB_TEN",2024,"REG",3,"2024-09-22","Sunday","13:00","GB",30,"TEN",14,"Home",-16,44,0,"2024092206",59547,NA,"202409220oti",NA,"401671823",6488,7,7,136,-162,3,-112,-108,37,-108,-112,0,"outdoors","grass",87,7,"00-0038128","00-0039152","Malik Willis","Will Levis","Matt LaFleur","Brian Callahan","Clay Martin","NAS00","Nissan Stadium"
"2024_03_CAR_LV",2024,"REG",3,"2024-09-22","Sunday","16:05","CAR",36,"LV",22,"Home",-14,58,0,"2024092207",59548,NA,"202409220rai",NA,"401671658",6489,7,7,200,-245,5.5,-110,-110,40,-108,-112,0,"dome","grass",NA,NA,"00-0027973","00-0035289","Andy Dalton","Gardner Minshew","Dave Canales","Antonio Pierce","Bill Vinovich","VEG00","Allegiant Stadium"
"2024_03_MIA_SEA",2024,"REG",3,"2024-09-22","Sunday","16:05","MIA",3,"SEA",24,"Home",21,27,0,"2024092208",59549,NA,"202409220sea",NA,"401671662",6490,10,7,170,-205,4,-110,-110,41.5,-110,-110,0,"outdoors","fieldturf",64,2,"00-0037327","00-0030565","Skylar Thompson","Geno Smith","Mike McDaniel","Mike Macdonald","Land Clark","SEA00","Lumen Field"
"2024_03_DET_ARI",2024,"REG",3,"2024-09-22","Sunday","16:25","DET",20,"ARI",13,"Home",-7,33,0,"2024092209",59550,NA,"202409220crd",NA,"401671771",6491,7,7,-148,124,-3,-102,-118,51.5,-112,-108,0,"closed","grass",NA,NA,"00-0033106","00-0035228","Jared Goff","Kyler Murray","Dan Campbell","Jonathan Gannon","Brad Rogers","PHO00","State Farm Stadium"
"2024_03_BAL_DAL",2024,"REG",3,"2024-09-22","Sunday","16:25","BAL",28,"DAL",25,"Home",-3,53,0,"2024092210",59551,NA,"202409220dal",NA,"401671763",6492,7,7,-120,100,-1.5,-110,-110,47.5,-112,-108,0,"closed","matrixturf",NA,NA,"00-0034796","00-0033077","Lamar Jackson","Dak Prescott","John Harbaugh","Mike McCarthy","Ron Torbert","DAL00","AT&T Stadium"
"2024_03_SF_LA",2024,"REG",3,"2024-09-22","Sunday","16:25","SF",24,"LA",27,"Home",3,51,0,"2024092211",59552,NA,"202409220ram",NA,"401671772",6493,7,7,-258,210,-6,-108,-112,44.5,-110,-110,1,"dome","matrixturf",NA,NA,"00-0037834","00-0026498","Brock Purdy","Matthew Stafford","Kyle Shanahan","Sean McVay","Clete Blakeman","LAX01","SoFi Stadium"
"2024_03_KC_ATL",2024,"REG",3,"2024-09-22","Sunday","20:20","KC",22,"ATL",17,"Home",-5,39,0,"2024092212",59553,NA,"202409220atl",NA,"401671793",6494,7,6,-170,142,-3,-118,-102,46,-108,-112,0,"closed","fieldturf",NA,NA,"00-0033873","00-0029604","Patrick Mahomes","Kirk Cousins","Andy Reid","Raheem Morris","Tra Blake","ATL97","Mercedes-Benz Stadium"
"2024_03_JAX_BUF",2024,"REG",3,"2024-09-23","Monday","19:30","JAX",10,"BUF",47,"Home",37,57,0,"2024092300",59554,NA,"202409230buf",NA,"401671682",6495,8,11,180,-218,4,-108,-112,46.5,-110,-110,0,"outdoors","a_turf",68,5,"00-0036971","00-0034857","Trevor Lawrence","Josh Allen","Doug Pederson","Sean McDermott","Shawn Smith","BUF00","New Era Field"
"2024_03_WAS_CIN",2024,"REG",3,"2024-09-23","Monday","20:15","WAS",38,"CIN",33,"Home",-5,71,0,"2024092301",59555,NA,"202409230cin",NA,"401671490",6496,8,8,280,-355,7.5,-115,-105,46,-112,-108,0,"outdoors","fieldturf",69,5,"00-0039910","00-0036442","Jayden Daniels","Joe Burrow","Dan Quinn","Zac Taylor","Brad Allen","CIN00","Paycor Stadium"
"2024_04_DAL_NYG",2024,"REG",4,"2024-09-26","Thursday","20:15","DAL",20,"NYG",15,"Home",-5,35,0,"2024092600",59556,NA,"202409260nyg",NA,"401671812",6497,4,4,-250,205,-5.5,-115,-105,45,-112,-108,1,"outdoors","fieldturf",74,3,"00-0033077","00-0035710","Dak Prescott","Daniel Jones","Mike McCarthy","Brian Daboll","Clay Martin","NYC01","MetLife Stadium"
"2024_04_NO_ATL",2024,"REG",4,"2024-09-29","Sunday","13:00","NO",24,"ATL",26,"Home",2,50,0,"2024092900",59557,NA,"202409290atl",NA,"401671727",6498,7,7,120,-142,2.5,-105,-115,41.5,-112,-108,1,"closed","fieldturf",NA,NA,"00-0031280","00-0029604","Derek Carr","Kirk Cousins","Dennis Allen","Raheem Morris","John Hussey","ATL97","Mercedes-Benz Stadium"
"2024_04_CIN_CAR",2024,"REG",4,"2024-09-29","Sunday","13:00","CIN",34,"CAR",24,"Home",-10,58,0,"2024092901",59558,NA,"202409290car",NA,"401671745",6499,6,7,-205,170,-4.5,-112,-108,47,-108,-112,0,"outdoors","grass",78,6,"00-0036442","00-0027973","Joe Burrow","Andy Dalton","Zac Taylor","Dave Canales","Adrian Hill","CAR00","Bank of America Stadium"
"2024_04_LA_CHI",2024,"REG",4,"2024-09-29","Sunday","13:00","LA",18,"CHI",24,"Home",6,42,0,"2024092902",59559,NA,"202409290chi",NA,"401671871",6500,7,7,136,-162,3,-112,-108,40,-105,-115,0,"outdoors","grass",70,16,"00-0026498","00-0039918","Matthew Stafford","Caleb Williams","Sean McVay","Matt Eberflus","Brad Rogers","CHI98","Soldier Field"
"2024_04_MIN_GB",2024,"REG",4,"2024-09-29","Sunday","13:00","MIN",31,"GB",29,"Home",-2,60,0,"2024092903",59560,NA,"202409290gnb",NA,"401671643",6501,7,7,114,-135,2.5,-102,-118,44,-112,-108,1,"outdoors","grass",71,15,"00-0034869","00-0036264","Sam Darnold","Jordan Love","Kevin O'Connell","Matt LaFleur","Bill Vinovich","GNB00","Lambeau Field"
"2024_04_JAX_HOU",2024,"REG",4,"2024-09-29","Sunday","13:00","JAX",20,"HOU",24,"Home",4,44,0,"2024092904",59561,NA,"202409290htx",NA,"401671857",6502,6,7,195,-238,5.5,-108,-112,44.5,-108,-112,1,"closed","astroturf",NA,NA,"00-0036971","00-0039163","Trevor Lawrence","C.J. Stroud","Doug Pederson","DeMeco Ryans","Tra Blake","HOU00","NRG Stadium"
"2024_04_PIT_IND",2024,"REG",4,"2024-09-29","Sunday","13:00","PIT",24,"IND",27,"Home",3,51,0,"2024092905",59562,NA,"202409290clt",NA,"401671867",6503,7,7,-130,110,-2.5,-108,-112,40,-110,-110,0,"closed","fieldturf",NA,NA,"00-0036945","00-0039164","Justin Fields","Anthony Richardson","Mike Tomlin","Shane Steichen","Land Clark","IND00","Lucas Oil Stadium"
"2024_04_DEN_NYJ",2024,"REG",4,"2024-09-29","Sunday","13:00","DEN",10,"NYJ",9,"Home",-1,19,0,"2024092906",59563,NA,"202409290nyj",NA,"401671622",6504,7,10,330,-425,7.5,-108,-112,39.5,-112,-108,0,"outdoors","fieldturf",67,8,"00-0039732","00-0023459","Bo Nix","Aaron Rodgers","Sean Payton","Robert Saleh","Ron Torbert","NYC01","MetLife Stadium"
"2024_04_PHI_TB",2024,"REG",4,"2024-09-29","Sunday","13:00","PHI",16,"TB",33,"Home",17,49,0,"2024092907",59564,NA,"202409290tam",NA,"401671740",6505,7,7,-115,-105,-1,-110,-110,42,-108,-112,0,"outdoors","grass",88,9,"00-0036389","00-0034855","Jalen Hurts","Baker Mayfield","Nick Sirianni","Todd Bowles","Carl Cheffers","TAM00","Raymond James Stadium"
"2024_04_WAS_ARI",2024,"REG",4,"2024-09-29","Sunday","16:05","WAS",42,"ARI",14,"Home",-28,56,0,"2024092908",59565,NA,"202409290crd",NA,"401671755",6506,6,7,150,-180,3.5,-115,-105,49,-112,-108,0,"closed","grass",NA,NA,"00-0039910","00-0035228","Jayden Daniels","Kyler Murray","Dan Quinn","Jonathan Gannon","Craig Wrolstad","PHO00","State Farm Stadium"
"2024_04_NE_SF",2024,"REG",4,"2024-09-29","Sunday","16:05","NE",13,"SF",30,"Home",17,43,0,"2024092909",59566,NA,"202409290sfo",NA,"401671758",6507,10,7,410,-550,10.5,-112,-108,41.5,-110,-110,0,"outdoors","grass",71,5,"00-0033119","00-0037834","Jacoby Brissett","Brock Purdy","Jerod Mayo","Kyle Shanahan","Scott Novak","SFO01","Levi's Stadium"
"2024_04_KC_LAC",2024,"REG",4,"2024-09-29","Sunday","16:25","KC",17,"LAC",10,"Home",-7,27,0,"2024092910",59567,NA,"202409290sdg",NA,"401671674",6508,7,7,-345,275,-7.5,-108,-112,41.5,-108,-112,1,"dome","matrixturf",NA,NA,"00-0033873","00-0036355","Patrick Mahomes","Justin Herbert","Andy Reid","Jim Harbaugh","Shawn Smith","LAX01","SoFi Stadium"
"2024_04_CLE_LV",2024,"REG",4,"2024-09-29","Sunday","16:25","CLE",16,"LV",20,"Home",4,36,0,"2024092911",59568,NA,"202409290rai",NA,"401671672",6509,7,7,-135,114,-2.5,-115,-105,36.5,-108,-112,0,"dome","grass",NA,NA,"00-0033537","00-0035289","Deshaun Watson","Gardner Minshew","Kevin Stefanski","Antonio Pierce","Brad Allen","VEG00","Allegiant Stadium"
"2024_04_BUF_BAL",2024,"REG",4,"2024-09-29","Sunday","20:20","BUF",10,"BAL",35,"Home",25,45,0,"2024092912",59569,NA,"202409290rav",NA,"401671783",6510,6,7,114,-135,2.5,-108,-112,46.5,-110,-110,0,"outdoors","grass",68,8,"00-0034857","00-0034796","Josh Allen","Lamar Jackson","Sean McDermott","John Harbaugh","Alan Eck","BAL00","M&T Bank Stadium"
"2024_04_TEN_MIA",2024,"REG",4,"2024-09-30","Monday","19:30","TEN",31,"MIA",12,"Home",-19,43,0,"2024093000",59570,NA,"202409300mia",NA,"401671683",6511,8,8,114,-135,2.5,-108,-112,37,-110,-110,0,"outdoors","grass",86,9,"00-0039152","00-0035993","Will Levis","Tyler Huntley","Brian Callahan","Mike McDaniel","Clete Blakeman","MIA00","Hard Rock Stadium"
"2024_04_SEA_DET",2024,"REG",4,"2024-09-30","Monday","20:15","SEA",29,"DET",42,"Home",13,71,0,"2024093001",59571,NA,"202409300det",NA,"401671491",6512,8,8,154,-185,3.5,-108,-112,46.5,-108,-112,0,"dome","fieldturf",NA,NA,"00-0030565","00-0033106","Geno Smith","Jared Goff","Mike Macdonald","Dan Campbell","Alex Kemp","DET00","Ford Field"
"2024_05_TB_ATL",2024,"REG",5,"2024-10-03","Thursday","20:15","TB",30,"ATL",36,"Home",6,66,1,"2024100300",59572,NA,"202410030atl",NA,"401671815",6513,4,4,120,-142,2.5,-102,-118,44,-110,-110,1,"closed","fieldturf",NA,NA,"00-0034855","00-0029604","Baker Mayfield","Kirk Cousins","Todd Bowles","Raheem Morris","Ron Torbert","ATL97","Mercedes-Benz Stadium"
"2024_05_NYJ_MIN",2024,"REG",5,"2024-10-06","Sunday","09:30","NYJ",17,"MIN",23,"Neutral",6,40,0,"2024100600",59573,NA,"202410060min",NA,"401671804",6514,7,7,120,-142,2.5,-105,-115,42,-112,-108,0,"outdoors","grass",59,8,"00-0023459","00-0034869","Aaron Rodgers","Sam Darnold","Robert Saleh","Kevin O'Connell","Scott Novak","LON02","Tottenham Stadium"
"2024_05_CAR_CHI",2024,"REG",5,"2024-10-06","Sunday","13:00","CAR",10,"CHI",36,"Home",26,46,0,"2024100601",59574,NA,"202410060chi",NA,"401671872",6515,7,7,164,-198,4,-108,-112,40,-108,-112,0,"outdoors","grass",74,7,"00-0027973","00-0039918","Andy Dalton","Caleb Williams","Dave Canales","Matt Eberflus","Tra Blake","CHI98","Soldier Field"
"2024_05_BAL_CIN",2024,"REG",5,"2024-10-06","Sunday","13:00","BAL",41,"CIN",38,"Home",-3,79,1,"2024100602",59575,NA,"202410060cin",NA,"401671626",6516,7,7,-148,124,-2.5,-118,-102,48.5,-112,-108,1,"outdoors","fieldturf",81,10,"00-0034796","00-0036442","Lamar Jackson","Joe Burrow","John Harbaugh","Zac Taylor","Bill Vinovich","CIN00","Paycor Stadium"
"2024_05_BUF_HOU",2024,"REG",5,"2024-10-06","Sunday","13:00","BUF",20,"HOU",23,"Home",3,43,0,"2024100603",59576,NA,"202410060htx",NA,"401671859",6517,7,7,-102,-118,1,-108,-112,48,-110,-110,0,"closed","astroturf",NA,NA,"00-0034857","00-0039163","Josh Allen","C.J. Stroud","Sean McDermott","DeMeco Ryans","Clay Martin","HOU00","NRG Stadium"
"2024_05_IND_JAX",2024,"REG",5,"2024-10-06","Sunday","13:00","IND",34,"JAX",37,"Home",3,71,0,"2024100604",59577,NA,"202410060jax",NA,"401671633",6518,7,7,154,-185,3.5,-110,-110,45,-110,-110,1,"outdoors","grass",74,4,"00-0026158","00-0036971","Joe Flacco","Trevor Lawrence","Shane Steichen","Doug Pederson","Carl Cheffers","JAX00","TIAA Bank Stadium"
"2024_05_MIA_NE",2024,"REG",5,"2024-10-06","Sunday","13:00","MIA",15,"NE",10,"Home",-5,25,0,"2024100605",59578,NA,"202410060nwe",NA,"401671700",6519,6,7,-130,110,-2,-112,-108,37,-108,-112,1,"outdoors","fieldturf",65,2,"00-0035993","00-0033119","Tyler Huntley","Jacoby Brissett","Mike McDaniel","Jerod Mayo","Adrian Hill","BOS00","Gillette Stadium"
"2024_05_CLE_WAS",2024,"REG",5,"2024-10-06","Sunday","13:00","CLE",13,"WAS",34,"Home",21,47,0,"2024100606",59579,NA,"202410060was",NA,"401671718",6520,7,7,130,-155,3,-112,-108,44,-112,-108,0,"outdoors","grass",73,5,"00-0033537","00-0039910","Deshaun Watson","Jayden Daniels","Kevin Stefanski","Dan Quinn","Alan Eck","WAS00","FedExField"
"2024_05_LV_DEN",2024,"REG",5,"2024-10-06","Sunday","16:05","LV",18,"DEN",34,"Home",16,52,0,"2024100607",59580,NA,"202410060den",NA,"401671747",6521,7,7,130,-155,3,-112,-108,36,-108,-112,1,"outdoors","grass",73,7,"00-0035289","00-0039732","Gardner Minshew","Bo Nix","Antonio Pierce","Sean Payton","Craig Wrolstad","DEN00","Empower Field at Mile High"
"2024_05_ARI_SF",2024,"REG",5,"2024-10-06","Sunday","16:05","ARI",24,"SF",23,"Home",-1,47,0,"2024100608",59581,NA,"202410060sfo",NA,"401671756",6522,7,7,260,-325,7,-105,-115,48.5,-108,-112,1,"outdoors","grass",89,3,"00-0035228","00-0037834","Kyler Murray","Brock Purdy","Jonathan Gannon","Kyle Shanahan","Land Clark","SFO01","Levi's Stadium"
"2024_05_GB_LA",2024,"REG",5,"2024-10-06","Sunday","16:25","GB",24,"LA",19,"Home",-5,43,0,"2024100609",59582,NA,"202410060ram",NA,"401671679",6523,7,7,-155,130,-3,-112,-108,49.5,-112,-108,0,"dome","matrixturf",NA,NA,"00-0036264","00-0026498","Jordan Love","Matthew Stafford","Matt LaFleur","Sean McVay","Brad Allen","LAX01","SoFi Stadium"
"2024_05_NYG_SEA",2024,"REG",5,"2024-10-06","Sunday","16:25","NYG",29,"SEA",20,"Home",-9,49,0,"2024100610",59583,NA,"202410060sea",NA,"401671680",6524,10,6,250,-310,7,-112,-108,42.5,-110,-110,0,"outdoors","fieldturf",61,3,"00-0035710","00-0030565","Daniel Jones","Geno Smith","Brian Daboll","Mike Macdonald","Shawn Smith","SEA00","Lumen Field"
"2024_05_DAL_PIT",2024,"REG",5,"2024-10-06","Sunday","20:20","DAL",20,"PIT",17,"Home",-3,37,0,"2024100611",59584,NA,"202410060pit",NA,"401671784",6525,10,7,114,-135,2.5,-108,-112,43.5,-108,-112,0,"outdoors","grass",67,6,"00-0033077","00-0036945","Dak Prescott","Justin Fields","Mike McCarthy","Mike Tomlin","Shawn Hochuli","PIT00","Acrisure Stadium"
"2024_05_NO_KC",2024,"REG",5,"2024-10-07","Monday","20:15","NO",13,"KC",26,"Home",13,39,0,"2024100700",59585,NA,"202410070kan",NA,"401671687",6526,8,8,190,-230,5.5,-112,-108,43,-110,-110,0,"outdoors","grass",70,1,"00-0031280","00-0033873","Derek Carr","Patrick Mahomes","Dennis Allen","Andy Reid","Brad Rogers","KAN00","GEHA Field at Arrowhead Stadium"
"2024_06_SF_SEA",2024,"REG",6,"2024-10-10","Thursday","20:15","SF",36,"SEA",24,"Home",-12,60,0,"2024101000",59586,NA,"202410100sea",NA,"401671819",6527,4,4,-198,164,-3.5,-118,-102,49,-110,-110,1,"outdoors","fieldturf",59,10,"00-0037834","00-0030565","Brock Purdy","Geno Smith","Kyle Shanahan","Mike Macdonald","Craig Wrolstad","SEA00","Lumen Field"
"2024_06_JAX_CHI",2024,"REG",6,"2024-10-13","Sunday","09:30","JAX",16,"CHI",35,"Neutral",19,51,0,"2024101300",59587,NA,"202410130chi",NA,"401671802",6528,7,7,-120,100,-1.5,-108,-112,44.5,-108,-112,0,"outdoors","grass",54,3,"00-0036971","00-0039918","Trevor Lawrence","Caleb Williams","Doug Pederson","Matt Eberflus","Brad Allen","LON02","Tottenham Stadium"
"2024_06_WAS_BAL",2024,"REG",6,"2024-10-13","Sunday","13:00","WAS",23,"BAL",30,"Home",7,53,0,"2024101301",59588,NA,"202410130rav",NA,"401671625",6529,7,7,230,-285,6.5,-108,-112,51.5,-110,-110,0,"outdoors","grass",75,8,"00-0039910","00-0034796","Jayden Daniels","Lamar Jackson","Dan Quinn","John Harbaugh","Land Clark","BAL00","M&T Bank Stadium"
"2024_06_ARI_GB",2024,"REG",6,"2024-10-13","Sunday","13:00","ARI",13,"GB",34,"Home",21,47,0,"2024101302",59589,NA,"202410130gnb",NA,"401671722",6530,7,7,195,-238,5.5,-110,-110,47,-110,-110,0,"outdoors","grass",50,4,"00-0035228","00-0036264","Kyler Murray","Jordan Love","Jonathan Gannon","Matt LaFleur","Alex Kemp","GNB00","Lambeau Field"
"2024_06_HOU_NE",2024,"REG",6,"2024-10-13","Sunday","13:00","HOU",41,"NE",21,"Home",-20,62,0,"2024101303",59590,NA,"202410130nwe",NA,"401671619",6531,7,7,-265,215,-6.5,-108,-112,38.5,-112,-108,0,"outdoors","fieldturf",53,5,"00-0039163","00-0039851","C.J. Stroud","Drake Maye","DeMeco Ryans","Jerod Mayo","Ron Torbert","BOS00","Gillette Stadium"
"2024_06_TB_NO",2024,"REG",6,"2024-10-13","Sunday","13:00","TB",51,"NO",27,"Home",-24,78,0,"2024101304",59591,NA,"202410130nor",NA,"401671735",6532,10,6,-175,145,-3.5,-108,-112,42.5,-110,-110,1,"dome","sportturf",NA,NA,"00-0034855","00-0039376","Baker Mayfield","Spencer Rattler","Todd Bowles","Dennis Allen","Clete Blakeman","NOR00","Mercedes-Benz Superdome"
"2024_06_CLE_PHI",2024,"REG",6,"2024-10-13","Sunday","13:00","CLE",16,"PHI",20,"Home",4,36,0,"2024101305",59592,NA,"202410130phi",NA,"401671714",6533,7,14,330,-425,8,-108,-112,42,-110,-110,0,"outdoors","grass",82,10,"00-0033537","00-0036389","Deshaun Watson","Jalen Hurts","Kevin Stefanski","Nick Sirianni","Shawn Hochuli","PHI00","Lincoln Financial Field"
"2024_06_IND_TEN",2024,"REG",6,"2024-10-13","Sunday","13:00","IND",20,"TEN",17,"Home",-3,37,0,"2024101306",59593,NA,"202410130oti",NA,"401671820",6534,7,13,114,-135,2.5,-110,-110,42,-112,-108,1,"outdoors","grass",80,12,"00-0026158","00-0039152","Joe Flacco","Will Levis","Shane Steichen","Brian Callahan","Brad Rogers","NAS00","Nissan Stadium"
"2024_06_LAC_DEN",2024,"REG",6,"2024-10-13","Sunday","16:05","LAC",23,"DEN",16,"Home",-7,39,0,"2024101307",59594,NA,"202410130den",NA,"401671655",6535,14,7,-155,130,-3,-105,-115,37,-108,-112,1,"outdoors","grass",65,7,"00-0036355","00-0039732","Justin Herbert","Bo Nix","Jim Harbaugh","Sean Payton","Tra Blake","DEN00","Empower Field at Mile High"
"2024_06_PIT_LV",2024,"REG",6,"2024-10-13","Sunday","16:05","PIT",32,"LV",13,"Home",-19,45,0,"2024101308",59595,NA,"202410130rai",NA,"401671657",6536,7,7,-180,150,-3.5,-110,-110,36.5,-108,-112,0,"dome","grass",NA,NA,"00-0036945","00-0038579","Justin Fields","Aidan O'Connell","Mike Tomlin","Antonio Pierce","Alan Eck","VEG00","Allegiant Stadium"
"2024_06_ATL_CAR",2024,"REG",6,"2024-10-13","Sunday","16:25","ATL",38,"CAR",20,"Home",-18,58,0,"2024101309",59596,NA,"202410130car",NA,"401671769",6537,10,7,-258,210,-6,-112,-108,45.5,-110,-110,1,"outdoors","grass",79,9,"00-0029604","00-0027973","Kirk Cousins","Andy Dalton","Raheem Morris","Dave Canales","Clay Martin","CAR00","Bank of America Stadium"
"2024_06_DET_DAL",2024,"REG",6,"2024-10-13","Sunday","16:25","DET",47,"DAL",9,"Home",-38,56,0,"2024101310",59597,NA,"202410130dal",NA,"401671764",6538,13,7,-180,150,-3.5,-105,-115,52.5,-110,-110,0,"closed","matrixturf",NA,NA,"00-0033106","00-0033077","Jared Goff","Dak Prescott","Dan Campbell","Mike McCarthy","John Hussey","DAL00","AT&T Stadium"
"2024_06_CIN_NYG",2024,"REG",6,"2024-10-13","Sunday","20:20","CIN",17,"NYG",7,"Home",-10,24,0,"2024101311",59598,NA,"202410130nyg",NA,"401671791",6539,7,7,-230,190,-4.5,-112,-108,46,-102,-118,0,"outdoors","fieldturf",63,2,"00-0036442","00-0035710","Joe Burrow","Daniel Jones","Zac Taylor","Brian Daboll","Carl Cheffers","NYC01","MetLife Stadium"
"2024_06_BUF_NYJ",2024,"REG",6,"2024-10-14","Monday","20:15","BUF",23,"NYJ",20,"Home",-3,43,0,"2024101400",59599,NA,"202410140nyj",NA,"401671684",6540,8,8,-122,102,-1,-112,-108,42,-110,-110,1,"outdoors","fieldturf",49,14,"00-0034857","00-0023459","Josh Allen","Aaron Rodgers","Sean McDermott","Robert Saleh","Adrian Hill","NYC01","MetLife Stadium"
"2024_07_DEN_NO",2024,"REG",7,"2024-10-17","Thursday","20:15","DEN",33,"NO",10,"Home",-23,43,0,"2024101700",59600,NA,"202410170nor",NA,"401671816",6541,4,4,-148,124,-2.5,-118,-102,37,-110,-110,0,"dome","sportturf",NA,NA,"00-0039732","00-0039376","Bo Nix","Spencer Rattler","Sean Payton","Dennis Allen","Land Clark","NOR00","Mercedes-Benz Superdome"
"2024_07_NE_JAX",2024,"REG",7,"2024-10-20","Sunday","09:30","NE",16,"JAX",32,"Neutral",16,48,0,"2024102000",59601,NA,"202410200jax",NA,"401671801",6542,7,7,240,-298,6.5,-105,-115,42,-108,-112,0,"outdoors","grass",63,12,"00-0039851","00-0036971","Drake Maye","Trevor Lawrence","Jerod Mayo","Doug Pederson","Brad Rogers","LON00","Wembley Stadium"
"2024_07_SEA_ATL",2024,"REG",7,"2024-10-20","Sunday","13:00","SEA",34,"ATL",14,"Home",-20,48,0,"2024102001",59602,NA,"202410200atl",NA,"401671730",6543,10,7,136,-162,3,-115,-105,51.5,-110,-110,0,"closed","fieldturf",NA,NA,"00-0030565","00-0029604","Geno Smith","Kirk Cousins","Mike Macdonald","Raheem Morris","Bill Vinovich","ATL97","Mercedes-Benz Stadium"
"2024_07_TEN_BUF",2024,"REG",7,"2024-10-20","Sunday","13:00","TEN",10,"BUF",34,"Home",24,44,0,"2024102002",59603,NA,"202410200buf",NA,"401671616",6544,7,6,400,-535,9.5,-110,-110,41,-108,-112,0,"outdoors","a_turf",66,12,"00-0034771","00-0034857","Mason Rudolph","Josh Allen","Brian Callahan","Sean McDermott","John Hussey","BUF00","New Era Field"
"2024_07_CIN_CLE",2024,"REG",7,"2024-10-20","Sunday","13:00","CIN",21,"CLE",14,"Home",-7,35,0,"2024102003",59604,NA,"202410200cle",NA,"401671853",6545,7,7,-230,190,-5.5,-110,-110,42,-112,-108,1,"outdoors","grass",62,8,"00-0036442","00-0033537","Joe Burrow","Deshaun Watson","Zac Taylor","Kevin Stefanski","Ron Torbert","CLE00","FirstEnergy Stadium"
"2024_07_HOU_GB",2024,"REG",7,"2024-10-20","Sunday","13:00","HOU",22,"GB",24,"Home",2,46,0,"2024102004",59605,NA,"202410200gnb",NA,"401671644",6546,7,7,142,-170,3,100,-120,48,-108,-112,0,"outdoors","grass",72,3,"00-0039163","00-0036264","C.J. Stroud","Jordan Love","DeMeco Ryans","Matt LaFleur","Scott Novak","GNB00","Lambeau Field"
"2024_07_MIA_IND",2024,"REG",7,"2024-10-20","Sunday","13:00","MIA",10,"IND",16,"Home",6,26,0,"2024102005",59606,NA,"202410200clt",NA,"401671864",6547,14,7,130,-155,3,-120,100,44,-108,-112,0,"closed","fieldturf",NA,NA,"00-0034177","00-0039164","Tim Boyle","Anthony Richardson","Mike McDaniel","Shane Steichen","Craig Wrolstad","IND00","Lucas Oil Stadium"
"2024_07_DET_MIN",2024,"REG",7,"2024-10-20","Sunday","13:00","DET",31,"MIN",29,"Home",-2,60,0,"2024102006",59607,NA,"202410200min",NA,"401671724",6548,7,14,-102,-118,1,-108,-112,50.5,-112,-108,1,"dome","sportturf",NA,NA,"00-0033106","00-0034869","Jared Goff","Sam Darnold","Dan Campbell","Kevin O'Connell","Clay Martin","MIN01","U.S. Bank Stadium"
"2024_07_PHI_NYG",2024,"REG",7,"2024-10-20","Sunday","13:00","PHI",28,"NYG",3,"Home",-25,31,0,"2024102007",59608,NA,"202410200nyg",NA,"401671710",6549,7,7,-166,140,-3,-120,100,42,-110,-110,1,"outdoors","fieldturf",71,4,"00-0036389","00-0035710","Jalen Hurts","Daniel Jones","Nick Sirianni","Brian Daboll","Tra Blake","NYC01","MetLife Stadium"
"2024_07_LV_LA",2024,"REG",7,"2024-10-20","Sunday","16:05","LV",15,"LA",20,"Home",5,35,0,"2024102008",59609,NA,"202410200ram",NA,"401671663",6550,7,14,280,-355,7,-105,-115,43,-105,-115,0,"dome","matrixturf",NA,NA,"00-0038579","00-0026498","Aidan O'Connell","Matthew Stafford","Antonio Pierce","Sean McVay","Shawn Hochuli","LAX01","SoFi Stadium"
"2024_07_CAR_WAS",2024,"REG",7,"2024-10-20","Sunday","16:05","CAR",7,"WAS",40,"Home",33,47,0,"2024102009",59610,NA,"202410200was",NA,"401671640",6551,7,7,400,-535,10,100,-120,51,-110,-110,0,"outdoors","grass",76,2,"00-0027973","00-0039910","Andy Dalton","Jayden Daniels","Dave Canales","Dan Quinn","Carl Cheffers","WAS00","FedExField"
"2024_07_KC_SF",2024,"REG",7,"2024-10-20","Sunday","16:25","KC",28,"SF",18,"Home",-10,46,0,"2024102010",59611,NA,"202410200sfo",NA,"401671777",6552,13,10,120,-142,2.5,-105,-115,47.5,-110,-110,0,"outdoors","grass",78,3,"00-0033873","00-0037834","Patrick Mahomes","Brock Purdy","Andy Reid","Kyle Shanahan","Alan Eck","SFO01","Levi's Stadium"
"2024_07_NYJ_PIT",2024,"REG",7,"2024-10-20","Sunday","20:20","NYJ",15,"PIT",37,"Home",22,52,0,"2024102011",59612,NA,"202410200pit",NA,"401671785",6553,6,7,-166,140,-3,-108,-112,40,-110,-110,0,"outdoors","grass",60,4,"00-0023459","00-0029263","Aaron Rodgers","Russell Wilson","Robert Saleh","Mike Tomlin","Shawn Smith","PIT00","Acrisure Stadium"
"2024_07_BAL_TB",2024,"REG",7,"2024-10-21","Monday","20:15","BAL",41,"TB",31,"Home",-10,72,0,"2024102100",59613,NA,"202410210tam",NA,"401671695",6554,8,8,-225,185,-4.5,-110,-110,51,-110,-110,0,"outdoors","grass",80,8,"00-0034796","00-0034855","Lamar Jackson","Baker Mayfield","John Harbaugh","Todd Bowles","Alex Kemp","TAM00","Raymond James Stadium"
"2024_07_LAC_ARI",2024,"REG",7,"2024-10-21","Monday","21:00","LAC",15,"ARI",17,"Home",2,32,0,"2024102101",59614,NA,"202410210crd",NA,"401671699",6555,8,8,-122,102,-1,-115,-105,44,-108,-112,0,"closed","grass",NA,NA,"00-0036355","00-0035228","Justin Herbert","Kyler Murray","Jim Harbaugh","Jonathan Gannon","Clete Blakeman","PHO00","State Farm Stadium"
"2024_08_MIN_LA",2024,"REG",8,"2024-10-24","Thursday","20:15","MIN",20,"LA",30,"Home",10,50,0,"2024102400",59615,NA,"202410240ram",NA,"401671817",6556,4,4,-155,130,-3,-105,-115,47.5,-110,-110,0,"dome","matrixturf",NA,NA,"00-0034869","00-0026498","Sam Darnold","Matthew Stafford","Kevin O'Connell","Sean McVay","Tra Blake","LAX01","SoFi Stadium"
"2024_08_PHI_CIN",2024,"REG",8,"2024-10-27","Sunday","13:00","PHI",37,"CIN",17,"Home",-20,54,0,"2024102710",59626,NA,"202410270cin",NA,"401671667",6567,7,7,124,-148,2.5,100,-120,47.5,-108,-112,0,"outdoors","fieldturf",59,6,"00-0036389","00-0036442","Jalen Hurts","Joe Burrow","Nick Sirianni","Zac Taylor","John Hussey","CIN00","Paycor Stadium"
"2024_08_BAL_CLE",2024,"REG",8,"2024-10-27","Sunday","13:00","BAL",24,"CLE",29,"Home",5,53,0,"2024102700",59616,NA,"202410270cle",NA,"401671852",6557,6,7,-380,300,-7.5,-110,-110,44.5,-105,-115,1,"outdoors","grass",52,4,"00-0034796","00-0031503","Lamar Jackson","Jameis Winston","John Harbaugh","Kevin Stefanski","Shawn Smith","CLE00","FirstEnergy Stadium"
"2024_08_TEN_DET",2024,"REG",8,"2024-10-27","Sunday","13:00","TEN",14,"DET",52,"Home",38,66,0,"2024102701",59617,NA,"202410270det",NA,"401671720",6558,7,7,550,-800,12.5,-105,-115,45,-108,-112,0,"dome","fieldturf",NA,NA,"00-0034771","00-0033106","Mason Rudolph","Jared Goff","Brian Callahan","Dan Campbell","Carl Cheffers","DET00","Ford Field"
"2024_08_IND_HOU",2024,"REG",8,"2024-10-27","Sunday","13:00","IND",20,"HOU",23,"Home",3,43,0,"2024102702",59618,NA,"202410270htx",NA,"401671856",6559,7,7,185,-225,5,-112,-108,45,-108,-112,1,"closed","astroturf",NA,NA,"00-0026158","00-0039163","Joe Flacco","C.J. Stroud","Shane Steichen","DeMeco Ryans","Brad Allen","HOU00","NRG Stadium"
"2024_08_GB_JAX",2024,"REG",8,"2024-10-27","Sunday","13:00","GB",30,"JAX",27,"Home",-3,57,0,"2024102703",59619,NA,"202410270jax",NA,"401671707",6560,7,7,-192,160,-3.5,-115,-105,49,-112,-108,0,"outdoors","grass",84,4,"00-0036264","00-0036971","Jordan Love","Trevor Lawrence","Matt LaFleur","Doug Pederson","Land Clark","JAX00","TIAA Bank Stadium"
"2024_08_ARI_MIA",2024,"REG",8,"2024-10-27","Sunday","13:00","ARI",28,"MIA",27,"Home",-1,55,0,"2024102704",59620,NA,"202410270mia",NA,"401671850",6561,6,7,164,-198,4,-108,-112,46.5,-110,-110,0,"outdoors","grass",82,14,"00-0035228","00-0034177","Kyler Murray","Tim Boyle","Jonathan Gannon","Mike McDaniel","Clay Martin","MIA00","Hard Rock Stadium"
"2024_08_NYJ_NE",2024,"REG",8,"2024-10-27","Sunday","13:00","NYJ",22,"NE",25,"Home",3,47,0,"2024102705",59621,NA,"202410270nwe",NA,"401671618",6562,7,7,-305,245,-7,-110,-110,41,-110,-110,1,"outdoors","fieldturf",53,8,"00-0023459","00-0039851","Aaron Rodgers","Drake Maye","Robert Saleh","Jerod Mayo","Craig Wrolstad","BOS00","Gillette Stadium"
"2024_08_ATL_TB",2024,"REG",8,"2024-10-27","Sunday","13:00","ATL",31,"TB",26,"Home",-5,57,0,"2024102706",59622,NA,"202410270tam",NA,"401671739",6563,7,6,-122,102,-1.5,-110,-110,47,-108,-112,1,"outdoors","grass",79,6,"00-0029604","00-0034855","Kirk Cousins","Baker Mayfield","Raheem Morris","Todd Bowles","Shawn Hochuli","TAM00","Raymond James Stadium"
"2024_08_NO_LAC",2024,"REG",8,"2024-10-27","Sunday","16:05","NO",8,"LAC",26,"Home",18,34,0,"2024102708",59624,NA,"202410270sdg",NA,"401671750",6565,10,6,250,-310,7,-110,-110,41.5,-108,-112,0,"dome","matrixturf",NA,NA,"00-0039376","00-0036355","Spencer Rattler","Justin Herbert","Dennis Allen","Jim Harbaugh","Alan Eck","LAX01","SoFi Stadium"
"2024_08_BUF_SEA",2024,"REG",8,"2024-10-27","Sunday","16:05","BUF",31,"SEA",10,"Home",-21,41,0,"2024102709",59625,NA,"202410270sea",NA,"401671760",6566,7,7,-170,142,-3,-120,100,45.5,-105,-115,0,"outdoors","fieldturf",55,14,"00-0034857","00-0030565","Josh Allen","Geno Smith","Sean McDermott","Mike Macdonald","Ron Torbert","SEA00","Lumen Field"
"2024_08_CAR_DEN",2024,"REG",8,"2024-10-27","Sunday","16:25","CAR",14,"DEN",28,"Home",14,42,0,"2024102711",59627,NA,"202410270den",NA,"401671600",6568,7,10,525,-750,13,-110,-110,40.5,-112,-108,0,"outdoors","grass",76,4,"00-0039150","00-0039732","Bryce Young","Bo Nix","Dave Canales","Sean Payton","Alex Kemp","DEN00","Empower Field at Mile High"
"2024_08_KC_LV",2024,"REG",8,"2024-10-27","Sunday","16:25","KC",27,"LV",20,"Home",-7,47,0,"2024102712",59628,NA,"202410270rai",NA,"401671671",6569,7,7,-440,340,-9,-112,-108,42,-108,-112,1,"dome","grass",NA,NA,"00-0033873","00-0038579","Patrick Mahomes","Aidan O'Connell","Andy Reid","Antonio Pierce","Adrian Hill","VEG00","Allegiant Stadium"
"2024_08_CHI_WAS",2024,"REG",8,"2024-10-27","Sunday","16:25","CHI",15,"WAS",18,"Home",3,33,0,"2024102707",59623,NA,"202410270was",NA,"401671599",6564,14,7,102,-122,1.5,-110,-110,46.5,-108,-112,0,"outdoors","grass",58,2,"00-0039918","00-0039910","Caleb Williams","Jayden Daniels","Matt Eberflus","Dan Quinn","Clete Blakeman","WAS00","FedExField"
"2024_08_DAL_SF",2024,"REG",8,"2024-10-27","Sunday","20:20","DAL",24,"SF",30,"Home",6,54,0,"2024102713",59629,NA,"202410270sfo",NA,"401671795",6570,14,7,195,-238,5.5,-105,-115,48,-110,-110,0,"outdoors","grass",69,9,"00-0033077","00-0037834","Dak Prescott","Brock Purdy","Mike McCarthy","Kyle Shanahan","Bill Vinovich","SFO01","Levi's Stadium"
"2024_08_NYG_PIT",2024,"REG",8,"2024-10-28","Monday","20:15","NYG",18,"PIT",26,"Home",8,44,0,"2024102800",59630,NA,"202410280pit",NA,"401671685",6571,8,8,220,-270,6,-105,-115,37.5,-110,-110,0,"outdoors","grass",54,7,"00-0035710","00-0029263","Daniel Jones","Russell Wilson","Brian Daboll","Mike Tomlin","Scott Novak","PIT00","Acrisure Stadium"
"2024_09_HOU_NYJ",2024,"REG",9,"2024-10-31","Thursday","20:15","HOU",13,"NYJ",21,"Home",8,34,0,"2024103100",59631,NA,"202410310nyj",NA,"401671809",6572,4,4,124,-148,2.5,100,-120,43.5,-105,-115,0,"outdoors","fieldturf",71,8,"00-0039163","00-0023459","C.J. Stroud","Aaron Rodgers","DeMeco Ryans","Robert Saleh","Shawn Hochuli","NYC01","MetLife Stadium"
"2024_09_DAL_ATL",2024,"REG",9,"2024-11-03","Sunday","13:00","DAL",21,"ATL",27,"Home",6,48,0,"2024110300",59632,NA,"202411030atl",NA,"401671728",6573,7,7,140,-166,3,-105,-115,52,-112,-108,0,"closed","fieldturf",NA,NA,"00-0033077","00-0029604","Dak Prescott","Kirk Cousins","Mike McCarthy","Raheem Morris","Scott Novak","ATL97","Mercedes-Benz Stadium"
"2024_09_DEN_BAL",2024,"REG",9,"2024-11-03","Sunday","13:00","DEN",10,"BAL",41,"Home",31,51,0,"2024110301",59633,NA,"202411030rav",NA,"401671623",6574,7,7,330,-440,9,-115,-105,46.5,-110,-110,0,"outdoors","grass",57,3,"00-0039732","00-0034796","Bo Nix","Lamar Jackson","Sean Payton","John Harbaugh","Adrian Hill","BAL00","M&T Bank Stadium"
"2024_09_MIA_BUF",2024,"REG",9,"2024-11-03","Sunday","13:00","MIA",27,"BUF",30,"Home",3,57,0,"2024110302",59634,NA,"202411030buf",NA,"401671493",6575,7,7,230,-285,6.5,-110,-110,49,-108,-112,1,"outdoors","a_turf",54,9,"00-0036212","00-0034857","Tua Tagovailoa","Josh Allen","Mike McDaniel","Sean McDermott","Tra Blake","BUF00","New Era Field"
"2024_09_NO_CAR",2024,"REG",9,"2024-11-03","Sunday","13:00","NO",22,"CAR",23,"Home",1,45,0,"2024110303",59635,NA,"202411030car",NA,"401671650",6576,7,7,-345,275,-7,-118,-102,43.5,-108,-112,1,"outdoors","grass",66,7,"00-0031280","00-0039150","Derek Carr","Bryce Young","Dennis Allen","Dave Canales","Ron Torbert","CAR00","Bank of America Stadium"
"2024_09_LV_CIN",2024,"REG",9,"2024-11-03","Sunday","13:00","LV",24,"CIN",41,"Home",17,65,0,"2024110304",59636,NA,"202411030cin",NA,"401671704",6577,7,7,320,-410,8,-110,-110,45,-108,-112,0,"outdoors","fieldturf",67,7,"00-0035289","00-0036442","Gardner Minshew","Joe Burrow","Antonio Pierce","Zac Taylor","Brad Rogers","CIN00","Paycor Stadium"
"2024_09_LAC_CLE",2024,"REG",9,"2024-11-03","Sunday","13:00","LAC",27,"CLE",10,"Home",-17,37,0,"2024110305",59637,NA,"202411030cle",NA,"401671629",6578,7,7,-130,110,-2,-110,-110,42.5,-108,-112,0,"outdoors","grass",57,10,"00-0036355","00-0031503","Justin Herbert","Jameis Winston","Jim Harbaugh","Kevin Stefanski","Bill Vinovich","CLE00","FirstEnergy Stadium"
"2024_09_WAS_NYG",2024,"REG",9,"2024-11-03","Sunday","13:00","WAS",27,"NYG",22,"Home",-5,49,0,"2024110307",59639,NA,"202411030nyg",NA,"401671711",6580,7,6,-218,180,-4.5,-108,-112,44.5,-110,-110,1,"outdoors","fieldturf",52,6,"00-0032268","00-0035710","Marcus Mariota","Daniel Jones","Dan Quinn","Brian Daboll","Brad Allen","NYC01","MetLife Stadium"
"2024_09_NE_TEN",2024,"REG",9,"2024-11-03","Sunday","13:00","NE",17,"TEN",20,"Home",3,37,1,"2024110308",59640,NA,"202411030oti",NA,"401671822",6581,7,7,136,-162,3,-105,-115,38.5,-110,-110,0,"outdoors","grass",75,10,"00-0039851","00-0034771","Drake Maye","Mason Rudolph","Jerod Mayo","Brian Callahan","Alex Kemp","NAS00","Nissan Stadium"
"2024_09_CHI_ARI",2024,"REG",9,"2024-11-03","Sunday","16:05","CHI",9,"ARI",29,"Home",20,38,0,"2024110309",59641,NA,"202411030crd",NA,"401671661",6582,7,7,100,-120,1.5,-110,-110,44.5,-110,-110,0,"closed","grass",NA,NA,"00-0039918","00-0035228","Caleb Williams","Kyler Murray","Matt Eberflus","Jonathan Gannon","Carl Cheffers","PHO00","State Farm Stadium"
"2024_09_JAX_PHI",2024,"REG",9,"2024-11-03","Sunday","16:05","JAX",23,"PHI",28,"Home",5,51,0,"2024110312",59644,NA,"202411030phi",NA,"401671797",6585,7,7,270,-340,7.5,-112,-108,46,-110,-110,0,"outdoors","grass",57,6,"00-0036971","00-0036389","Trevor Lawrence","Jalen Hurts","Doug Pederson","Nick Sirianni","Alan Eck","PHI00","Lincoln Financial Field"
"2024_09_DET_GB",2024,"REG",9,"2024-11-03","Sunday","16:25","DET",24,"GB",14,"Home",-10,38,0,"2024110310",59642,NA,"202411030gnb",NA,"401671767",6583,7,7,-155,130,-2.5,-120,100,47.5,-108,-112,1,"outdoors","grass",50,15,"00-0033106","00-0036264","Jared Goff","Jordan Love","Dan Campbell","Matt LaFleur","Clete Blakeman","GNB00","Lambeau Field"
"2024_09_LA_SEA",2024,"REG",9,"2024-11-03","Sunday","16:25","LA",26,"SEA",20,"Home",-6,46,1,"2024110311",59643,NA,"202411030sea",NA,"401671776",6584,10,7,-125,105,-1.5,-112,-108,48.5,-110,-110,1,"outdoors","fieldturf",52,4,"00-0026498","00-0030565","Matthew Stafford","Geno Smith","Sean McVay","Mike Macdonald","Clay Martin","SEA00","Lumen Field"
"2024_09_IND_MIN",2024,"REG",9,"2024-11-03","Sunday","20:20","IND",13,"MIN",21,"Home",8,34,0,"2024110306",59638,NA,"202411030min",NA,"401671647",6579,7,10,240,-298,6.5,-110,-110,47,-110,-110,0,"dome","sportturf",NA,NA,"00-0026158","00-0034869","Joe Flacco","Sam Darnold","Shane Steichen","Kevin O'Connell","Shawn Smith","MIN01","U.S. Bank Stadium"
"2024_09_TB_KC",2024,"REG",9,"2024-11-04","Monday","20:15","TB",24,"KC",30,"Home",6,54,1,"2024110400",59645,NA,"202411040kan",NA,"401671688",6586,8,8,330,-425,9,-110,-110,45.5,-108,-112,0,"outdoors","grass",63,6,"00-0034855","00-0033873","Baker Mayfield","Patrick Mahomes","Todd Bowles","Andy Reid","John Hussey","KAN00","GEHA Field at Arrowhead Stadium"
"2024_10_CIN_BAL",2024,"REG",10,"2024-11-07","Thursday","20:15","CIN",34,"BAL",35,"Home",1,69,0,"2024110700",59646,NA,"202411070rav",NA,"401671810",6587,4,4,220,-270,6,-108,-112,53,-108,-112,1,"outdoors","grass",69,6,"00-0036442","00-0034796","Joe Burrow","Lamar Jackson","Zac Taylor","John Harbaugh","Clete Blakeman","BAL00","M&T Bank Stadium"
"2024_10_NYG_CAR",2024,"REG",10,"2024-11-10","Sunday","09:30","NYG",17,"CAR",20,"Neutral",3,37,1,"2024111000",59647,NA,"202411100car",NA,"401671803",6588,7,7,-298,240,-6.5,-118,-102,40.5,-115,-105,0,"outdoors","",NA,NA,"00-0035710","00-0027973","Daniel Jones","Andy Dalton","Brian Daboll","Dave Canales","Shawn Hochuli","GER00","Allianz Arena"
"2024_10_NE_CHI",2024,"REG",10,"2024-11-10","Sunday","13:00","NE",19,"CHI",3,"Home",-16,22,0,"2024111001",59648,NA,"202411100chi",NA,"401671873",6589,7,7,260,-325,6.5,-110,-110,37.5,-112,-108,0,"outdoors","grass",60,6,"00-0039851","00-0039918","Drake Maye","Caleb Williams","Jerod Mayo","Matt Eberflus","Land Clark","CHI98","Soldier Field"
"2024_10_BUF_IND",2024,"REG",10,"2024-11-10","Sunday","13:00","BUF",30,"IND",20,"Home",-10,50,0,"2024111002",59649,NA,"202411100clt",NA,"401671863",6590,7,7,-230,190,-4.5,-115,-105,46.5,-108,-112,0,"closed","fieldturf",NA,NA,"00-0034857","00-0026158","Josh Allen","Joe Flacco","Sean McDermott","Shane Steichen","Scott Novak","IND00","Lucas Oil Stadium"
"2024_10_MIN_JAX",2024,"REG",10,"2024-11-10","Sunday","13:00","MIN",12,"JAX",7,"Home",-5,19,0,"2024111003",59650,NA,"202411100jax",NA,"401671708",6591,7,7,-345,280,-7,-120,100,42.5,-108,-112,0,"outdoors","grass",79,7,"00-0034869","00-0036972","Sam Darnold","Mac Jones","Kevin O'Connell","Doug Pederson","Adrian Hill","JAX00","TIAA Bank Stadium"
"2024_10_DEN_KC",2024,"REG",10,"2024-11-10","Sunday","13:00","DEN",14,"KC",16,"Home",2,30,0,"2024111004",59651,NA,"202411100kan",NA,"401671637",6592,7,6,300,-380,7.5,-115,-105,42.5,-110,-110,1,"outdoors","grass",57,12,"00-0039732","00-0033873","Bo Nix","Patrick Mahomes","Sean Payton","Andy Reid","Brad Allen","KAN00","GEHA Field at Arrowhead Stadium"
"2024_10_ATL_NO",2024,"REG",10,"2024-11-10","Sunday","13:00","ATL",17,"NO",20,"Home",3,37,0,"2024111005",59652,NA,"202411100nor",NA,"401671733",6593,7,7,-192,160,-3.5,-112,-108,46.5,-112,-108,1,"dome","sportturf",NA,NA,"00-0029604","00-0031280","Kirk Cousins","Derek Carr","Raheem Morris","Dennis Allen","Carl Cheffers","NOR00","Mercedes-Benz Superdome"
"2024_10_SF_TB",2024,"REG",10,"2024-11-10","Sunday","13:00","SF",23,"TB",20,"Home",-3,43,0,"2024111006",59653,NA,"202411100tam",NA,"401671742",6594,14,6,-298,240,-6.5,-118,-102,50.5,-112,-108,0,"outdoors","grass",85,9,"00-0037834","00-0034855","Brock Purdy","Baker Mayfield","Kyle Shanahan","Todd Bowles","Shawn Smith","TAM00","Raymond James Stadium"
"2024_10_PIT_WAS",2024,"REG",10,"2024-11-10","Sunday","13:00","PIT",28,"WAS",27,"Home",-1,55,0,"2024111007",59654,NA,"202411100was",NA,"401671641",6595,13,7,102,-122,1.5,-110,-110,45,-108,-112,0,"outdoors","grass",57,9,"00-0029263","00-0032268","Russell Wilson","Marcus Mariota","Mike Tomlin","Dan Quinn","Brad Rogers","WAS00","FedExField"
"2024_10_TEN_LAC",2024,"REG",10,"2024-11-10","Sunday","16:05","TEN",17,"LAC",27,"Home",10,44,0,"2024111008",59655,NA,"202411100sdg",NA,"401671751",6596,7,7,300,-380,8,-108,-112,40,-110,-110,0,"dome","matrixturf",NA,NA,"00-0034771","00-0036355","Mason Rudolph","Justin Herbert","Brian Callahan","Jim Harbaugh","Craig Wrolstad","LAX01","SoFi Stadium"
"2024_10_NYJ_ARI",2024,"REG",10,"2024-11-10","Sunday","16:25","NYJ",6,"ARI",31,"Home",25,37,0,"2024111009",59656,NA,"202411100crd",NA,"401671678",6597,10,7,-130,110,-2,-110,-110,45.5,-108,-112,0,"closed","grass",NA,NA,"00-0023459","00-0035228","Aaron Rodgers","Kyler Murray","Robert Saleh","Jonathan Gannon","John Hussey","PHO00","State Farm Stadium"
"2024_10_PHI_DAL",2024,"REG",10,"2024-11-10","Sunday","16:25","PHI",34,"DAL",6,"Home",-28,40,0,"2024111010",59657,NA,"202411100dal",NA,"401671676",6598,7,7,-360,285,-7.5,-108,-112,44.5,-110,-110,1,"closed","matrixturf",NA,NA,"00-0036389","00-0033662","Jalen Hurts","Cooper Rush","Nick Sirianni","Mike McCarthy","Alex Kemp","DAL00","AT&T Stadium"
"2024_10_DET_HOU",2024,"REG",10,"2024-11-10","Sunday","20:20","DET",26,"HOU",23,"Home",-3,49,0,"2024111011",59658,NA,"202411100htx",NA,"401671787",6599,7,10,-230,190,-4.5,-110,-110,49,-110,-112,0,"closed","astroturf",NA,NA,"00-0033106","00-0039163","Jared Goff","C.J. Stroud","Dan Campbell","DeMeco Ryans","Bill Vinovich","HOU00","NRG Stadium"
"2024_10_MIA_LA",2024,"REG",10,"2024-11-11","Monday","20:15","MIA",23,"LA",15,"Home",-8,38,0,"2024111100",59659,NA,"202411110ram",NA,"401671693",6600,8,8,120,-142,2.5,-102,-118,49.5,-108,-112,0,"dome","matrixturf",NA,NA,"00-0036212","00-0026498","Tua Tagovailoa","Matthew Stafford","Mike McDaniel","Sean McVay","Ron Torbert","LAX01","SoFi Stadium"
"2024_11_WAS_PHI",2024,"REG",11,"2024-11-14","Thursday","20:15","WAS",18,"PHI",26,"Home",8,44,0,"2024111400",59660,NA,"202411140phi",NA,"401671813",6601,4,4,190,-230,4.5,-110,-110,49.5,-110,-110,1,"outdoors","grass",46,9,"00-0032268","00-0036389","Marcus Mariota","Jalen Hurts","Dan Quinn","Nick Sirianni","Adrian Hill","PHI00","Lincoln Financial Field"
"2024_11_GB_CHI",2024,"REG",11,"2024-11-17","Sunday","13:00","GB",20,"CHI",19,"Home",-1,39,0,"2024111700",59661,NA,"202411170chi",NA,"401671869",6602,14,7,-265,215,-6,-115,-105,41,-108,-112,1,"outdoors","grass",54,5,"00-0036264","00-0039918","Jordan Love","Caleb Williams","Matt LaFleur","Matt Eberflus","Bill Vinovich","CHI98","Soldier Field"
"2024_11_JAX_DET",2024,"REG",11,"2024-11-17","Sunday","13:00","JAX",6,"DET",52,"Home",46,58,0,"2024111701",59662,NA,"202411170det",NA,"401671642",6603,7,7,650,-1000,14,-105,-115,47.5,-110,-110,0,"dome","fieldturf",NA,NA,"00-0036972","00-0033106","Mac Jones","Jared Goff","Doug Pederson","Dan Campbell","Scott Novak","DET00","Ford Field"
"2024_11_LV_MIA",2024,"REG",11,"2024-11-17","Sunday","13:00","LV",19,"MIA",34,"Home",15,53,0,"2024111702",59663,NA,"202411170mia",NA,"401671851",6604,14,6,330,-425,8,-105,-115,43.5,-112,-108,0,"outdoors","grass",80,16,"00-0035289","00-0036212","Gardner Minshew","Tua Tagovailoa","Antonio Pierce","Mike McDaniel","John Hussey","MIA00","Hard Rock Stadium"
"2024_11_LA_NE",2024,"REG",11,"2024-11-17","Sunday","13:00","LA",28,"NE",22,"Home",-6,50,0,"2024111703",59664,NA,"202411170nwe",NA,"401671701",6605,6,7,-198,164,-4,-108,-112,42.5,-112,-108,0,"outdoors","fieldturf",59,9,"00-0026498","00-0039851","Matthew Stafford","Drake Maye","Sean McVay","Jerod Mayo","Shawn Smith","BOS00","Gillette Stadium"
"2024_11_CLE_NO",2024,"REG",11,"2024-11-17","Sunday","13:00","CLE",14,"NO",35,"Home",21,49,0,"2024111704",59665,NA,"202411170nor",NA,"401671746",6606,14,7,-115,-105,-1,-110,-110,44,-110,-110,0,"dome","sportturf",NA,NA,"00-0031503","00-0031280","Jameis Winston","Derek Carr","Kevin Stefanski","Dennis Allen","Alex Kemp","NOR00","Mercedes-Benz Superdome"
"2024_11_IND_NYJ",2024,"REG",11,"2024-11-17","Sunday","13:00","IND",28,"NYJ",27,"Home",-1,55,0,"2024111711",59672,NA,"202411170nyj",NA,"401671782",6613,7,7,170,-205,4,-110,-110,43,-110,-110,0,"outdoors","fieldturf",62,4,"00-0026158","00-0023459","Joe Flacco","Aaron Rodgers","Shane Steichen","Robert Saleh","Tra Blake","NYC01","MetLife Stadium"
"2024_11_BAL_PIT",2024,"REG",11,"2024-11-17","Sunday","13:00","BAL",16,"PIT",18,"Home",2,34,0,"2024111705",59666,NA,"202411170pit",NA,"401671630",6607,10,7,-175,145,-3,-120,100,48,-108,-112,1,"outdoors","grass",52,5,"00-0034796","00-0029263","Lamar Jackson","Russell Wilson","John Harbaugh","Mike Tomlin","Clay Martin","PIT00","Acrisure Stadium"
"2024_11_MIN_TEN",2024,"REG",11,"2024-11-17","Sunday","13:00","MIN",23,"TEN",13,"Home",-10,36,0,"2024111706",59667,NA,"202411170oti",NA,"401671824",6608,7,7,-290,235,-6,-118,-102,40,-110,-110,0,"outdoors","grass",66,7,"00-0034869","00-0034771","Sam Darnold","Mason Rudolph","Kevin O'Connell","Brian Callahan","Clete Blakeman","NAS00","Nissan Stadium"
"2024_11_ATL_DEN",2024,"REG",11,"2024-11-17","Sunday","16:05","ATL",6,"DEN",38,"Home",32,44,0,"2024111707",59668,NA,"202411170den",NA,"401671748",6609,7,7,114,-135,2,-108,-112,44.5,-112,-108,0,"outdoors","grass",55,9,"00-0029604","00-0039732","Kirk Cousins","Bo Nix","Raheem Morris","Sean Payton","Alan Eck","DEN00","Empower Field at Mile High"
"2024_11_SEA_SF",2024,"REG",11,"2024-11-17","Sunday","16:05","SEA",20,"SF",17,"Home",-3,37,0,"2024111708",59669,NA,"202411170sfo",NA,"401671757",6610,14,7,215,-265,6,-110,-110,49,-112,-108,1,"outdoors","grass",59,4,"00-0030565","00-0037834","Geno Smith","Brock Purdy","Mike Macdonald","Kyle Shanahan","Brad Rogers","SFO01","Levi's Stadium"
"2024_11_KC_BUF",2024,"REG",11,"2024-11-17","Sunday","16:25","KC",21,"BUF",30,"Home",9,51,0,"2024111709",59670,NA,"202411170buf",NA,"401671665",6611,7,7,120,-142,2.5,-108,-112,46.5,-108,-112,0,"outdoors","a_turf",50,3,"00-0033873","00-0034857","Patrick Mahomes","Josh Allen","Andy Reid","Sean McDermott","Land Clark","BUF00","New Era Field"
"2024_11_CIN_LAC",2024,"REG",11,"2024-11-17","Sunday","20:20","CIN",27,"LAC",34,"Home",7,61,0,"2024111710",59671,NA,"202411170sdg",NA,"401671675",6612,10,7,-110,-110,1,-118,-102,48,-105,-115,0,"dome","matrixturf",NA,NA,"00-0036442","00-0036355","Joe Burrow","Justin Herbert","Zac Taylor","Jim Harbaugh","Brad Allen","LAX01","SoFi Stadium"
"2024_11_HOU_DAL",2024,"REG",11,"2024-11-18","Monday","20:15","HOU",34,"DAL",10,"Home",-24,44,0,"2024111800",59673,NA,"202411180dal",NA,"401671694",6614,8,8,-360,285,-7.5,100,-120,41.5,-105,-115,0,"closed","matrixturf",NA,NA,"00-0039163","00-0033662","C.J. Stroud","Cooper Rush","DeMeco Ryans","Mike McCarthy","Craig Wrolstad","DAL00","AT&T Stadium"
"2024_12_PIT_CLE",2024,"REG",12,"2024-11-21","Thursday","20:15","PIT",19,"CLE",24,"Home",5,43,0,"2024112100",59674,NA,"202411210cle",NA,"401671875",6615,4,4,-205,170,-3.5,-115,-105,36.5,-108,-112,1,"outdoors","grass",36,13,"00-0029263","00-0031503","Russell Wilson","Jameis Winston","Mike Tomlin","Kevin Stefanski","Brad Allen","CLE00","FirstEnergy Stadium"
"2024_12_KC_CAR",2024,"REG",12,"2024-11-24","Sunday","13:00","KC",30,"CAR",27,"Home",-3,57,0,"2024112400",59675,NA,"202411240car",NA,"401671651",6616,7,14,-700,500,-11,-112,-108,43,-110,-110,0,"outdoors","grass",61,5,"00-0033873","00-0027973","Patrick Mahomes","Andy Dalton","Andy Reid","Dave Canales","Shawn Smith","CAR00","Bank of America Stadium"
"2024_12_MIN_CHI",2024,"REG",12,"2024-11-24","Sunday","13:00","MIN",30,"CHI",27,"Home",-3,57,1,"2024112401",59676,NA,"202411240chi",NA,"401671870",6617,7,7,-175,145,-3,-120,100,39.5,-108,-112,1,"outdoors","grass",47,5,"00-0034869","00-0039918","Sam Darnold","Caleb Williams","Kevin O'Connell","Matt Eberflus","Clay Martin","CHI98","Soldier Field"
"2024_12_TEN_HOU",2024,"REG",12,"2024-11-24","Sunday","13:00","TEN",32,"HOU",27,"Home",-5,59,0,"2024112402",59677,NA,"202411240htx",NA,"401671858",6618,7,6,295,-375,8,-112,-108,40.5,-112,-108,1,"closed","astroturf",NA,NA,"00-0034771","00-0039163","Mason Rudolph","C.J. Stroud","Brian Callahan","DeMeco Ryans","Brad Rogers","HOU00","NRG Stadium"
"2024_12_DET_IND",2024,"REG",12,"2024-11-24","Sunday","13:00","DET",24,"IND",6,"Home",-18,30,0,"2024112403",59678,NA,"202411240clt",NA,"401671866",6619,7,7,-375,295,-7,-122,102,50.5,-110,-110,0,"closed","fieldturf",NA,NA,"00-0033106","00-0026158","Jared Goff","Joe Flacco","Dan Campbell","Shane Steichen","Shawn Hochuli","IND00","Lucas Oil Stadium"
"2024_12_NE_MIA",2024,"REG",12,"2024-11-24","Sunday","13:00","NE",15,"MIA",34,"Home",19,49,0,"2024112404",59679,NA,"202411240mia",NA,"401671847",6620,7,7,285,-360,7.5,-115,-105,46,-108,-112,1,"outdoors","grass",77,6,"00-0039851","00-0036212","Drake Maye","Tua Tagovailoa","Jerod Mayo","Mike McDaniel","Alan Eck","MIA00","Hard Rock Stadium"
"2024_12_TB_NYG",2024,"REG",12,"2024-11-24","Sunday","13:00","TB",30,"NYG",7,"Home",-23,37,0,"2024112405",59680,NA,"202411240nyg",NA,"401671638",6621,14,14,-298,240,-6.5,-108,-112,40.5,-110,-110,0,"outdoors","fieldturf",50,13,"00-0034855","00-0038476","Baker Mayfield","Tommy DeVito","Todd Bowles","Brian Daboll","Adrian Hill","NYC01","MetLife Stadium"
"2024_12_DAL_WAS",2024,"REG",12,"2024-11-24","Sunday","13:00","DAL",34,"WAS",26,"Home",-8,60,0,"2024112406",59681,NA,"202411240was",NA,"401671715",6622,6,10,455,-625,10.5,-112,-108,45,-110,-110,1,"outdoors","grass",55,5,"00-0033662","00-0032268","Cooper Rush","Marcus Mariota","Mike McCarthy","Dan Quinn","Tra Blake","WAS00","FedExField"
"2024_12_DEN_LV",2024,"REG",12,"2024-11-24","Sunday","16:05","DEN",29,"LV",19,"Home",-10,48,0,"2024112407",59682,NA,"202411240rai",NA,"401671656",6623,7,7,-278,225,-6.5,-105,-115,41.5,-108,-112,1,"dome","grass",NA,NA,"00-0039732","00-0035289","Bo Nix","Gardner Minshew","Sean Payton","Antonio Pierce","Ron Torbert","VEG00","Allegiant Stadium"
"2024_12_SF_GB",2024,"REG",12,"2024-11-24","Sunday","16:25","SF",10,"GB",38,"Home",28,48,0,"2024112408",59683,NA,"202411240gnb",NA,"401671768",6624,7,7,235,-290,6.5,-112,-108,44.5,-108,-112,0,"outdoors","grass",43,11,"00-0032434","00-0036264","Brandon Allen","Jordan Love","Kyle Shanahan","Matt LaFleur","Craig Wrolstad","GNB00","Lambeau Field"
"2024_12_ARI_SEA",2024,"REG",12,"2024-11-24","Sunday","16:25","ARI",6,"SEA",16,"Home",10,22,0,"2024112409",59684,NA,"202411240sea",NA,"401671775",6625,14,7,-115,-105,-1,-110,-110,46.5,-108,-112,1,"outdoors","fieldturf",45,5,"00-0035228","00-0030565","Kyler Murray","Geno Smith","Jonathan Gannon","Mike Macdonald","Scott Novak","SEA00","Lumen Field"
"2024_12_PHI_LA",2024,"REG",12,"2024-11-24","Sunday","20:20","PHI",37,"LA",20,"Home",-17,57,0,"2024112410",59685,NA,"202411240ram",NA,"401671794",6626,10,7,-170,142,-3,-112,-108,49,-108,-112,0,"dome","matrixturf",NA,NA,"00-0036389","00-0026498","Jalen Hurts","Matthew Stafford","Nick Sirianni","Sean McVay","Land Clark","LAX01","SoFi Stadium"
"2024_12_BAL_LAC",2024,"REG",12,"2024-11-25","Monday","20:15","BAL",30,"LAC",23,"Home",-7,53,0,"2024112500",59686,NA,"202411250sdg",NA,"401671689",6627,8,8,-166,140,-3,-110,-110,51,-112,-108,0,"dome","matrixturf",NA,NA,"00-0034796","00-0036355","Lamar Jackson","Justin Herbert","John Harbaugh","Jim Harbaugh","Craig Wrolstad","LAX01","SoFi Stadium"
"2024_13_CHI_DET",2024,"REG",13,"2024-11-28","Thursday","12:30","CHI",20,"DET",23,"Home",3,43,0,"2024112800",59687,NA,"202411280det",NA,"401671492",6628,4,4,390,-520,9.5,-102,-118,47.5,100,-120,1,"dome","fieldturf",NA,NA,"00-0039918","00-0033106","Caleb Williams","Jared Goff","Matt Eberflus","Dan Campbell","Alan Eck","DET00","Ford Field"
"2024_13_NYG_DAL",2024,"REG",13,"2024-11-28","Thursday","16:30","NYG",20,"DAL",27,"Home",7,47,0,"2024112801",59688,NA,"202411280dal",NA,"401671779",6629,4,4,185,-218,4.5,-110,-110,39,-110,-110,1,"closed","matrixturf",NA,NA,"00-0035704","00-0033662","Drew Lock","Cooper Rush","Brian Daboll","Mike McCarthy","Brad Rogers","DAL00","AT&T Stadium"
"2024_13_MIA_GB",2024,"REG",13,"2024-11-28","Thursday","20:20","MIA",17,"GB",30,"Home",13,47,0,"2024112802",59689,NA,"202411280gnb",NA,"401671798",6630,4,4,145,-175,3.5,-115,-105,47.5,-110,-110,0,"outdoors","grass",27,10,"00-0036212","00-0036264","Tua Tagovailoa","Jordan Love","Mike McDaniel","Matt LaFleur","Shawn Smith","GNB00","Lambeau Field"
"2024_13_LV_KC",2024,"REG",13,"2024-11-29","Friday","15:00","LV",17,"KC",19,"Home",2,36,0,"2024112900",59690,NA,"202411290kan",NA,"401671806",6631,5,5,550,-800,13.5,-108,-112,42,-108,-112,1,"outdoors","grass",37,5,"00-0035289","00-0033873","Gardner Minshew","Patrick Mahomes","Antonio Pierce","Andy Reid","Clay Martin","KAN00","GEHA Field at Arrowhead Stadium"
"2024_13_LAC_ATL",2024,"REG",13,"2024-12-01","Sunday","13:00","LAC",17,"ATL",13,"Home",-4,30,0,"2024120100",59691,NA,"202412010atl",NA,"401671649",6632,6,14,-118,-102,-1,-108,-112,47,-110,-110,0,"closed","fieldturf",NA,NA,"00-0036355","00-0029604","Justin Herbert","Kirk Cousins","Jim Harbaugh","Raheem Morris","Clete Blakeman","ATL97","Mercedes-Benz Stadium"
"2024_13_PIT_CIN",2024,"REG",13,"2024-12-01","Sunday","13:00","PIT",44,"CIN",38,"Home",-6,82,0,"2024120101",59692,NA,"202412010cin",NA,"401671627",6633,10,14,130,-155,3,-110,-110,46,-108,-112,1,"outdoors","fieldturf",32,9,"00-0029263","00-0036442","Russell Wilson","Joe Burrow","Mike Tomlin","Zac Taylor","Shawn Hochuli","CIN00","Paycor Stadium"
"2024_13_HOU_JAX",2024,"REG",13,"2024-12-01","Sunday","13:00","HOU",23,"JAX",20,"Home",-3,43,0,"2024120102",59693,NA,"202412010jax",NA,"401671705",6634,7,14,-192,160,-3.5,-110,-110,44.5,-108,-112,1,"outdoors","grass",NA,NA,"00-0039163","00-0036971","C.J. Stroud","Trevor Lawrence","DeMeco Ryans","Doug Pederson","Land Clark","JAX00","TIAA Bank Stadium"
"2024_13_ARI_MIN",2024,"REG",13,"2024-12-01","Sunday","13:00","ARI",22,"MIN",23,"Home",1,45,0,"2024120103",59694,NA,"202412010min",NA,"401671726",6635,7,7,154,-185,3.5,-110,-110,45.5,-112,-108,0,"dome","sportturf",NA,NA,"00-0035228","00-0034869","Kyler Murray","Sam Darnold","Jonathan Gannon","Kevin O'Connell","Bill Vinovich","MIN01","U.S. Bank Stadium"
"2024_13_IND_NE",2024,"REG",13,"2024-12-01","Sunday","13:00","IND",25,"NE",24,"Home",-1,49,0,"2024120104",59695,NA,"202412010nwe",NA,"401671620",6636,7,7,-135,114,-2.5,-115,-105,41.5,-110,-110,0,"outdoors","fieldturf",36,9,"00-0026158","00-0039851","Joe Flacco","Drake Maye","Shane Steichen","Jerod Mayo","Adrian Hill","BOS00","Gillette Stadium"
"2024_13_SEA_NYJ",2024,"REG",13,"2024-12-01","Sunday","13:00","SEA",26,"NYJ",21,"Home",-5,47,0,"2024120105",59696,NA,"202412010nyj",NA,"401671703",6637,7,14,-105,-115,1,-110,-110,41.5,-110,-110,0,"outdoors","fieldturf",37,12,"00-0030565","00-0023459","Geno Smith","Aaron Rodgers","Mike Macdonald","Robert Saleh","Carl Cheffers","NYC01","MetLife Stadium"
"2024_13_TEN_WAS",2024,"REG",13,"2024-12-01","Sunday","13:00","TEN",19,"WAS",42,"Home",23,61,0,"2024120106",59697,NA,"202412010was",NA,"401671743",6638,7,7,205,-250,6,-112,-108,45,-108,-112,0,"outdoors","grass",42,6,"00-0034771","00-0032268","Mason Rudolph","Marcus Mariota","Brian Callahan","Dan Quinn","Ron Torbert","WAS00","FedExField"
"2024_13_TB_CAR",2024,"REG",13,"2024-12-01","Sunday","16:05","TB",26,"CAR",23,"Home",-3,49,1,"2024120107",59698,NA,"202412010car",NA,"401671752",6639,7,7,-290,235,-6.5,-115,-105,46,-110,-110,1,"outdoors","grass",51,7,"00-0034855","00-0027973","Baker Mayfield","Andy Dalton","Todd Bowles","Dave Canales","Tra Blake","CAR00","Bank of America Stadium"
"2024_13_LA_NO",2024,"REG",13,"2024-12-01","Sunday","16:05","LA",21,"NO",14,"Home",-7,35,0,"2024120108",59699,NA,"202412010nor",NA,"401671753",6640,7,14,-142,120,-2.5,-115,-105,48.5,-108,-112,0,"dome","sportturf",NA,NA,"00-0026498","00-0031280","Matthew Stafford","Derek Carr","Sean McVay","Dennis Allen","Brad Allen","NOR00","Mercedes-Benz Superdome"
"2024_13_PHI_BAL",2024,"REG",13,"2024-12-01","Sunday","16:25","PHI",24,"BAL",19,"Home",-5,43,0,"2024120109",59700,NA,"202412010rav",NA,"401671666",6641,7,6,136,-162,3,-110,-110,50,-110,-110,0,"outdoors","grass",41,7,"00-0036389","00-0034796","Jalen Hurts","Lamar Jackson","Nick Sirianni","John Harbaugh","Craig Wrolstad","BAL00","M&T Bank Stadium"
"2024_13_SF_BUF",2024,"REG",13,"2024-12-01","Sunday","20:20","SF",10,"BUF",35,"Home",25,45,0,"2024120110",59701,NA,"202412010buf",NA,"401671781",6642,7,14,270,-340,6.5,-102,-118,45,-110,-110,0,"outdoors","a_turf",28,11,"00-0037834","00-0034857","Brock Purdy","Josh Allen","Kyle Shanahan","Sean McDermott","Alex Kemp","BUF00","New Era Field"
"2024_13_CLE_DEN",2024,"REG",13,"2024-12-02","Monday","20:15","CLE",32,"DEN",41,"Home",9,73,0,"2024120200",59702,NA,"202412020den",NA,"401671686",6643,11,8,235,-290,6.5,-108,-112,41.5,-110,-110,0,"outdoors","grass",48,4,"00-0031503","00-0039732","Jameis Winston","Bo Nix","Kevin Stefanski","Sean Payton","John Hussey","DEN00","Empower Field at Mile High"
"2024_14_GB_DET",2024,"REG",14,"2024-12-05","Thursday","20:15","GB",31,"DET",34,"Home",3,65,0,"2024120500",59703,NA,"202412050det",NA,"401671814",6644,7,7,142,-170,3,100,-120,53,-110,-110,1,"dome","fieldturf",NA,NA,"00-0036264","00-0033106","Jordan Love","Jared Goff","Matt LaFleur","Dan Campbell","John Hussey","DET00","Ford Field"
"2024_14_NYJ_MIA",2024,"REG",14,"2024-12-08","Sunday","13:00","NYJ",26,"MIA",32,"Home",6,58,1,"2024120800",59704,NA,"202412080mia",NA,"401671848",6645,7,10,240,-298,6.5,-108,-112,45,-112,-108,1,"outdoors","grass",77,12,"00-0023459","00-0036212","Aaron Rodgers","Tua Tagovailoa","Robert Saleh","Mike McDaniel","Shawn Hochuli","MIA00","Hard Rock Stadium"
"2024_14_ATL_MIN",2024,"REG",14,"2024-12-08","Sunday","13:00","ATL",21,"MIN",42,"Home",21,63,0,"2024120801",59705,NA,"202412080min",NA,"401671648",6646,7,7,205,-250,6,-110,-110,46.5,-108,-112,0,"dome","sportturf",NA,NA,"00-0029604","00-0034869","Kirk Cousins","Sam Darnold","Raheem Morris","Kevin O'Connell","Alex Kemp","MIN01","U.S. Bank Stadium"
"2024_14_NO_NYG",2024,"REG",14,"2024-12-08","Sunday","13:00","NO",14,"NYG",11,"Home",-3,25,0,"2024120802",59706,NA,"202412080nyg",NA,"401671601",6647,7,10,-245,200,-5.5,-115,-105,41,-110,-110,0,"outdoors","fieldturf",54,13,"00-0031280","00-0038476","Derek Carr","Tommy DeVito","Dennis Allen","Brian Daboll","Clete Blakeman","NYC01","MetLife Stadium"
"2024_14_CAR_PHI",2024,"REG",14,"2024-12-08","Sunday","13:00","CAR",16,"PHI",22,"Home",6,38,0,"2024120803",59707,NA,"202412080phi",NA,"401671713",6648,7,7,625,-950,14,-112,-108,44.5,-112,-108,0,"outdoors","grass",55,16,"00-0027973","00-0036389","Andy Dalton","Jalen Hurts","Dave Canales","Nick Sirianni","Carl Cheffers","PHI00","Lincoln Financial Field"
"2024_14_CLE_PIT",2024,"REG",14,"2024-12-08","Sunday","13:00","CLE",14,"PIT",27,"Home",13,41,0,"2024120804",59708,NA,"202412080pit",NA,"401671631",6649,6,7,210,-258,6,-112,-108,43,-110,-110,1,"outdoors","grass",49,12,"00-0031503","00-0029263","Jameis Winston","Russell Wilson","Kevin Stefanski","Mike Tomlin","Land Clark","PIT00","Acrisure Stadium"
"2024_14_LV_TB",2024,"REG",14,"2024-12-08","Sunday","13:00","LV",13,"TB",28,"Home",15,41,0,"2024120805",59709,NA,"202412080tam",NA,"401671654",6650,9,7,260,-325,7,-115,-105,47,-112,-108,0,"outdoors","grass",71,4,"00-0035289","00-0034855","Gardner Minshew","Baker Mayfield","Antonio Pierce","Todd Bowles","Alan Eck","TAM00","Raymond James Stadium"
"2024_14_JAX_TEN",2024,"REG",14,"2024-12-08","Sunday","13:00","JAX",10,"TEN",6,"Home",-4,16,0,"2024120806",59710,NA,"202412080oti",NA,"401671821",6651,7,7,142,-170,3,-105,-115,40,-108,-112,1,"outdoors","grass",53,9,"00-0036972","00-0034771","Mac Jones","Mason Rudolph","Doug Pederson","Brian Callahan","Tra Blake","NAS00","Nissan Stadium"
"2024_14_SEA_ARI",2024,"REG",14,"2024-12-08","Sunday","16:05","SEA",30,"ARI",18,"Home",-12,48,0,"2024120807",59711,NA,"202412080crd",NA,"401671660",6652,7,7,145,-175,3,-105,-115,45.5,-110,-110,1,"closed","grass",NA,NA,"00-0030565","00-0035228","Geno Smith","Kyler Murray","Mike Macdonald","Jonathan Gannon","Clay Martin","PHO00","State Farm Stadium"
"2024_14_BUF_LA",2024,"REG",14,"2024-12-08","Sunday","16:25","BUF",42,"LA",44,"Home",2,86,0,"2024120808",59712,NA,"202412080ram",NA,"401671773",6653,7,7,-192,160,-3.5,-118,-102,49.5,-108,-112,0,"dome","matrixturf",NA,NA,"00-0034857","00-0026498","Josh Allen","Matthew Stafford","Sean McDermott","Sean McVay","Craig Wrolstad","LAX01","SoFi Stadium"
"2024_14_CHI_SF",2024,"REG",14,"2024-12-08","Sunday","16:25","CHI",13,"SF",38,"Home",25,51,0,"2024120809",59713,NA,"202412080sfo",NA,"401671774",6654,10,7,136,-162,3,-110,-110,43.5,-108,-112,0,"outdoors","grass",65,4,"00-0039918","00-0037834","Caleb Williams","Brock Purdy","Matt Eberflus","Kyle Shanahan","Ron Torbert","SFO01","Levi's Stadium"
"2024_14_LAC_KC",2024,"REG",14,"2024-12-08","Sunday","20:20","LAC",17,"KC",19,"Home",2,36,0,"2024120810",59714,NA,"202412080kan",NA,"401671788",6655,7,9,195,-238,5,-115,-105,43.5,-110,-110,1,"outdoors","grass",50,10,"00-0036355","00-0033873","Justin Herbert","Patrick Mahomes","Jim Harbaugh","Andy Reid","Bill Vinovich","KAN00","GEHA Field at Arrowhead Stadium"
"2024_14_CIN_DAL",2024,"REG",14,"2024-12-09","Monday","20:15","CIN",27,"DAL",20,"Home",-7,47,0,"2024120900",59715,NA,"202412090dal",NA,"401671690",6656,8,11,-230,190,-5,-110,-110,51,-112,-108,0,"closed","matrixturf",NA,NA,"00-0036442","00-0033662","Joe Burrow","Cooper Rush","Zac Taylor","Mike McCarthy","Scott Novak","DAL00","AT&T Stadium"
"2024_15_LA_SF",2024,"REG",15,"2024-12-12","Thursday","20:15","LA",12,"SF",6,"Home",-6,18,0,"2024121200",59716,NA,"202412120sfo",NA,"401671818",6657,4,4,130,-155,3,-118,-102,48.5,-110,-110,1,"outdoors","grass",53,4,"00-0026498","00-0037834","Matthew Stafford","Brock Purdy","Sean McVay","Kyle Shanahan","Clay Martin","SFO01","Levi's Stadium"
"2024_15_DAL_CAR",2024,"REG",15,"2024-12-15","Sunday","13:00","DAL",30,"CAR",14,"Home",-16,44,0,"2024121500",59717,NA,"202412150car",NA,"401671731",6658,6,7,120,-142,2.5,100,-120,42,-112,-108,0,"outdoors","grass",45,7,"00-0033662","00-0039150","Cooper Rush","Bryce Young","Mike McCarthy","Dave Canales","Bill Vinovich","CAR00","Bank of America Stadium"
"2024_15_KC_CLE",2024,"REG",15,"2024-12-15","Sunday","13:00","KC",21,"CLE",7,"Home",-14,28,0,"2024121501",59718,NA,"202412150cle",NA,"401671854",6659,7,7,-230,190,-4.5,-110,-110,41.5,-112,-108,0,"outdoors","grass",40,18,"00-0033873","00-0031503","Patrick Mahomes","Jameis Winston","Andy Reid","Kevin Stefanski","Tra Blake","CLE00","FirstEnergy Stadium"
"2024_15_MIA_HOU",2024,"REG",15,"2024-12-15","Sunday","13:00","MIA",12,"HOU",20,"Home",8,32,0,"2024121502",59719,NA,"202412150htx",NA,"401671860",6660,7,14,130,-155,2.5,-105,-115,46.5,-112,-108,0,"closed","astroturf",NA,NA,"00-0036212","00-0039163","Tua Tagovailoa","C.J. Stroud","Mike McDaniel","DeMeco Ryans","Alex Kemp","HOU00","NRG Stadium"
"2024_15_NYJ_JAX",2024,"REG",15,"2024-12-15","Sunday","13:00","NYJ",32,"JAX",25,"Home",-7,57,0,"2024121503",59720,NA,"202412150jax",NA,"401671706",6661,7,7,-175,145,-3.5,-102,-118,41.5,-112,-108,0,"outdoors","grass",NA,NA,"00-0023459","00-0036972","Aaron Rodgers","Mac Jones","Robert Saleh","Doug Pederson","Brad Rogers","JAX00","TIAA Bank Stadium"
"2024_15_WAS_NO",2024,"REG",15,"2024-12-15","Sunday","13:00","WAS",20,"NO",19,"Home",-1,39,0,"2024121504",59721,NA,"202412150nor",NA,"401671737",6662,14,7,-375,295,-7.5,-112,-108,44.5,-108,-112,0,"dome","sportturf",NA,NA,"00-0039910","00-0038998","Jayden Daniels","Jake Haener","Dan Quinn","Dennis Allen","Shawn Hochuli","NOR00","Mercedes-Benz Superdome"
"2024_15_BAL_NYG",2024,"REG",15,"2024-12-15","Sunday","13:00","BAL",35,"NYG",14,"Home",-21,49,0,"2024121505",59722,NA,"202412150nyg",NA,"401671639",6663,14,7,-1800,1000,-16.5,-112,-108,43.5,-112,-108,0,"outdoors","fieldturf",36,6,"00-0034796","00-0038476","Lamar Jackson","Tommy DeVito","John Harbaugh","Brian Daboll","Brad Allen","NYC01","MetLife Stadium"
"2024_15_CIN_TEN",2024,"REG",15,"2024-12-15","Sunday","13:00","CIN",37,"TEN",27,"Home",-10,64,0,"2024121506",59723,NA,"202412150oti",NA,"401671825",6664,6,7,-250,205,-6,-110,-110,46.5,-112,-108,0,"outdoors","grass",52,12,"00-0036442","00-0039152","Joe Burrow","Will Levis","Zac Taylor","Brian Callahan","Craig Wrolstad","NAS00","Nissan Stadium"
"2024_15_NE_ARI",2024,"REG",15,"2024-12-15","Sunday","16:25","NE",17,"ARI",30,"Home",13,47,0,"2024121507",59724,NA,"202412150crd",NA,"401671677",6665,14,7,210,-258,6,-108,-112,46.5,-110,-110,0,"closed","grass",NA,NA,"00-0039851","00-0035228","Drake Maye","Kyler Murray","Jerod Mayo","Jonathan Gannon","Ron Torbert","PHO00","State Farm Stadium"
"2024_15_IND_DEN",2024,"REG",15,"2024-12-15","Sunday","16:25","IND",13,"DEN",31,"Home",18,44,0,"2024121508",59725,NA,"202412150den",NA,"401671669",6666,14,13,195,-238,4.5,-105,-115,43.5,-108,-112,0,"outdoors","grass",55,15,"00-0039164","00-0039732","Anthony Richardson","Bo Nix","Shane Steichen","Sean Payton","Carl Cheffers","DEN00","Empower Field at Mile High"
"2024_15_BUF_DET",2024,"REG",15,"2024-12-15","Sunday","16:25","BUF",48,"DET",42,"Home",-6,90,0,"2024121509",59726,NA,"202412150det",NA,"401671681",6667,7,10,110,-130,2.5,-110,-110,55.5,-110,-110,0,"dome","fieldturf",NA,NA,"00-0034857","00-0033106","Josh Allen","Jared Goff","Sean McDermott","Dan Campbell","Adrian Hill","DET00","Ford Field"
"2024_15_TB_LAC",2024,"REG",15,"2024-12-15","Sunday","16:25","TB",40,"LAC",17,"Home",-23,57,0,"2024121510",59727,NA,"202412150sdg",NA,"401671762",6668,7,7,136,-162,3,-105,-115,46,-108,-112,0,"dome","matrixturf",NA,NA,"00-0034855","00-0036355","Baker Mayfield","Justin Herbert","Todd Bowles","Jim Harbaugh","Scott Novak","LAX01","SoFi Stadium"
"2024_15_PIT_PHI",2024,"REG",15,"2024-12-15","Sunday","16:25","PIT",13,"PHI",27,"Home",14,40,0,"2024121511",59728,NA,"202412150phi",NA,"401671766",6669,7,7,215,-265,5.5,-110,-110,43,-110,-110,0,"outdoors","grass",37,5,"00-0029263","00-0036389","Russell Wilson","Jalen Hurts","Mike Tomlin","Nick Sirianni","Alan Eck","PHI00","Lincoln Financial Field"
"2024_15_GB_SEA",2024,"REG",15,"2024-12-15","Sunday","20:20","GB",30,"SEA",13,"Home",-17,43,0,"2024121512",59729,NA,"202412150sea",NA,"401671796",6670,10,7,-162,136,-3,-110,-110,48,-110,-110,0,"outdoors","fieldturf",43,3,"00-0036264","00-0030565","Jordan Love","Geno Smith","Matt LaFleur","Mike Macdonald","Clete Blakeman","SEA00","Lumen Field"
"2024_15_CHI_MIN",2024,"REG",15,"2024-12-16","Monday","20:00","CHI",12,"MIN",30,"Home",18,42,0,"2024121600",59730,NA,"202412160min",NA,"401671489",6671,8,8,260,-325,7,-115,-105,43.5,-110,-110,1,"dome","sportturf",NA,NA,"00-0039918","00-0034869","Caleb Williams","Sam Darnold","Matt Eberflus","Kevin O'Connell","John Hussey","MIN01","U.S. Bank Stadium"
"2024_15_ATL_LV",2024,"REG",15,"2024-12-16","Monday","20:30","ATL",15,"LV",9,"Home",-6,24,0,"2024121601",59731,NA,"202412160rai",NA,"401671697",6672,8,8,-345,275,-6.5,-110,-110,44.5,-110,-110,0,"dome","grass",NA,NA,"00-0029604","00-0038579","Kirk Cousins","Aidan O'Connell","Raheem Morris","Antonio Pierce","Shawn Smith","VEG00","Allegiant Stadium"
"2024_16_DEN_LAC",2024,"REG",16,"2024-12-19","Thursday","20:15","DEN",27,"LAC",34,"Home",7,61,0,"2024121901",59742,NA,"202412190sdg",NA,"401671749",6683,4,4,124,-148,3,-120,100,41.5,-110,-110,1,"dome","matrixturf",NA,NA,"00-0039732","00-0036355","Bo Nix","Justin Herbert","Sean Payton","Jim Harbaugh","Clay Martin","LAX01","SoFi Stadium"
"2024_16_HOU_KC",2024,"REG",16,"2024-12-21","Saturday","13:00","HOU",19,"KC",27,"Home",8,46,0,"2024122100",59733,NA,"202412210kan",NA,"401671780",6674,6,6,150,-180,3.5,-120,100,42.5,-108,-112,0,"outdoors","grass",30,5,"00-0039163","00-0033873","C.J. Stroud","Patrick Mahomes","DeMeco Ryans","Andy Reid","Carl Cheffers","KAN00","GEHA Field at Arrowhead Stadium"
"2024_16_PIT_BAL",2024,"REG",16,"2024-12-21","Saturday","16:30","PIT",17,"BAL",34,"Home",17,51,0,"2024122101",59734,NA,"202412210rav",NA,"401671778",6675,6,6,275,-345,7,-115,-105,44.5,-112,-108,1,"outdoors","grass",35,15,"00-0029263","00-0034796","Russell Wilson","Lamar Jackson","Mike Tomlin","John Harbaugh","Bill Vinovich","BAL00","M&T Bank Stadium"
"2024_16_NYG_ATL",2024,"REG",16,"2024-12-22","Sunday","13:00","NYG",7,"ATL",34,"Home",27,41,0,"2024122202",59735,NA,"202412220atl",NA,"401671729",6676,7,6,410,-550,9.5,-110,-110,42.5,-110,-110,0,"closed","fieldturf",NA,NA,"00-0038476","00-0039917","Tommy DeVito","Michael Penix Jr.","Brian Daboll","Raheem Morris","Tra Blake","ATL97","Mercedes-Benz Stadium"
"2024_16_ARI_CAR",2024,"REG",16,"2024-12-22","Sunday","13:00","ARI",30,"CAR",36,"Home",6,66,1,"2024122204",59737,NA,"202412220car",NA,"401671732",6678,7,7,-245,200,-5.5,-110,-110,47,-110,-110,0,"outdoors","grass",37,10,"00-0035228","00-0039150","Kyler Murray","Bryce Young","Jonathan Gannon","Dave Canales","Adrian Hill","CAR00","Bank of America Stadium"
"2024_16_DET_CHI",2024,"REG",16,"2024-12-22","Sunday","13:00","DET",34,"CHI",17,"Home",-17,51,0,"2024122205",59738,NA,"202412220chi",NA,"401671868",6679,7,6,-340,270,-7,-110,-110,47.5,-110,-110,1,"outdoors","grass",29,7,"00-0033106","00-0039918","Jared Goff","Caleb Williams","Dan Campbell","Matt Eberflus","Clete Blakeman","CHI98","Soldier Field"
"2024_16_CLE_CIN",2024,"REG",16,"2024-12-22","Sunday","13:00","CLE",6,"CIN",24,"Home",18,30,0,"2024122214",59732,NA,"202412220cin",NA,"401671811",6673,7,7,425,-575,10,-108,-112,46.5,-112,-108,1,"outdoors","fieldturf",33,6,"00-0031503","00-0036442","Jameis Winston","Joe Burrow","Kevin Stefanski","Zac Taylor","Brad Rogers","CIN00","Paycor Stadium"
"2024_16_TEN_IND",2024,"REG",16,"2024-12-22","Sunday","13:00","TEN",30,"IND",38,"Home",8,68,0,"2024122206",59739,NA,"202412220clt",NA,"401671862",6680,7,7,164,-198,4,-112,-108,42.5,-108,-112,1,"closed","fieldturf",NA,NA,"00-0034771","00-0026158","Mason Rudolph","Joe Flacco","Brian Callahan","Shane Steichen","John Hussey","IND00","Lucas Oil Stadium"
"2024_16_LA_NYJ",2024,"REG",16,"2024-12-22","Sunday","13:00","LA",19,"NYJ",9,"Home",-10,28,0,"2024122207",59740,NA,"202412220nyj",NA,"401671621",6681,10,7,-162,136,-3,-105,-115,47,-110,-110,0,"outdoors","fieldturf",23,8,"00-0026498","00-0023459","Matthew Stafford","Aaron Rodgers","Sean McVay","Robert Saleh","Ron Torbert","NYC01","MetLife Stadium"
"2024_16_PHI_WAS",2024,"REG",16,"2024-12-22","Sunday","13:00","PHI",33,"WAS",36,"Home",3,69,0,"2024122208",59741,NA,"202412220was",NA,"401671717",6682,7,7,-218,180,-4,-115,-105,47,-110,-110,1,"outdoors","grass",32,8,"00-0036389","00-0039910","Jalen Hurts","Jayden Daniels","Nick Sirianni","Dan Quinn","Shawn Smith","WAS00","FedExField"
"2024_16_MIN_SEA",2024,"REG",16,"2024-12-22","Sunday","16:05","MIN",27,"SEA",24,"Home",-3,51,0,"2024122210",59743,NA,"202412220sea",NA,"401671759",6684,6,7,-148,124,-2.5,-115,-105,43,-115,-105,0,"outdoors","fieldturf",48,5,"00-0034869","00-0030565","Sam Darnold","Geno Smith","Kevin O'Connell","Mike Macdonald","Craig Wrolstad","SEA00","Lumen Field"
"2024_16_NE_BUF",2024,"REG",16,"2024-12-22","Sunday","16:25","NE",21,"BUF",24,"Home",3,45,0,"2024122203",59736,NA,"202412220buf",NA,"401671494",6677,7,7,700,-1100,14,-110,-110,48,-110,-110,1,"outdoors","a_turf",14,2,"00-0039851","00-0034857","Drake Maye","Josh Allen","Jerod Mayo","Sean McDermott","Brad Allen","BUF00","New Era Field"
"2024_16_JAX_LV",2024,"REG",16,"2024-12-22","Sunday","16:25","JAX",14,"LV",19,"Home",5,33,0,"2024122211",59744,NA,"202412220rai",NA,"401671673",6685,7,6,110,-130,2.5,-110,-110,41.5,-112,-108,0,"dome","grass",NA,NA,"00-0036972","00-0038579","Mac Jones","Aidan O'Connell","Doug Pederson","Antonio Pierce","Shawn Hochuli","VEG00","Allegiant Stadium"
"2024_16_SF_MIA",2024,"REG",16,"2024-12-22","Sunday","16:25","SF",17,"MIA",29,"Home",12,46,0,"2024122212",59745,NA,"202412220mia",NA,"401671874",6686,10,7,-125,105,-2,-108,-112,44,-108,-112,0,"outdoors","grass",73,12,"00-0037834","00-0036212","Brock Purdy","Tua Tagovailoa","Kyle Shanahan","Mike McDaniel","Scott Novak","MIA00","Hard Rock Stadium"
"2024_16_TB_DAL",2024,"REG",16,"2024-12-22","Sunday","20:20","TB",24,"DAL",26,"Home",2,50,0,"2024122213",59746,NA,"202412220dal",NA,"401671790",6687,7,7,-218,180,-4.5,-105,-115,47.5,-110,-110,0,"closed","matrixturf",NA,NA,"00-0034855","00-0033662","Baker Mayfield","Cooper Rush","Todd Bowles","Mike McCarthy","Land Clark","DAL00","AT&T Stadium"
"2024_16_NO_GB",2024,"REG",16,"2024-12-23","Monday","20:15","NO",0,"GB",34,"Home",34,34,0,"2024122300",59747,NA,"202412230gnb",NA,"401671692",6688,8,8,625,-950,14,-105,-115,44,-110,-110,0,"outdoors","grass",34,12,"00-0038998","00-0036264","Jake Haener","Jordan Love","Dennis Allen","Matt LaFleur","Alex Kemp","GNB00","Lambeau Field"
"2024_17_KC_PIT",2024,"REG",17,"2024-12-25","Wednesday","13:00","KC",29,"PIT",10,"Home",-19,39,0,"2024122500",59748,NA,"202412250pit",NA,"401671799",6689,4,4,-162,136,-3,-105,-115,43.5,-110,-110,0,"outdoors","grass",39,2,"00-0033873","00-0029263","Patrick Mahomes","Russell Wilson","Andy Reid","Mike Tomlin","Craig Wrolstad","PIT00","Acrisure Stadium"
"2024_17_BAL_HOU",2024,"REG",17,"2024-12-25","Wednesday","16:30","BAL",31,"HOU",2,"Home",-29,33,0,"2024122501",59749,NA,"202412250htx",NA,"401671800",6690,4,4,-245,200,-5.5,-108,-112,46.5,-112,-108,0,"closed","astroturf",NA,NA,"00-0034796","00-0039163","Lamar Jackson","C.J. Stroud","John Harbaugh","DeMeco Ryans","Alan Eck","HOU00","NRG Stadium"
"2024_17_SEA_CHI",2024,"REG",17,"2024-12-26","Thursday","20:15","SEA",6,"CHI",3,"Home",-3,9,0,"2024122600",59750,NA,"202412260chi",NA,"401671876",6691,4,4,-192,160,-3.5,-118,-102,43.5,-112,-108,0,"outdoors","grass",47,5,"00-0030565","00-0039918","Geno Smith","Caleb Williams","Mike Macdonald","Matt Eberflus","Scott Novak","CHI98","Soldier Field"
"2024_17_LAC_NE",2024,"REG",17,"2024-12-28","Saturday","13:00","LAC",40,"NE",7,"Home",-33,47,0,"2024122800",59753,NA,"202412280nwe",NA,"401671832",6694,9,6,-305,245,-6,-118,-102,42,-108,-112,0,"outdoors","fieldturf",40,4,"00-0036355","00-0039851","Justin Herbert","Drake Maye","Jim Harbaugh","Jerod Mayo","John Hussey","BOS00","Gillette Stadium"
"2024_17_DEN_CIN",2024,"REG",17,"2024-12-28","Saturday","16:30","DEN",24,"CIN",30,"Home",6,54,1,"2024122801",59751,NA,"202412280cin",NA,"401671835",6692,9,6,145,-175,3.5,-115,-105,50.5,-110,-110,0,"outdoors","fieldturf",60,8,"00-0039732","00-0036442","Bo Nix","Joe Burrow","Sean Payton","Zac Taylor","Adrian Hill","CIN00","Paycor Stadium"
"2024_17_ARI_LA",2024,"REG",17,"2024-12-28","Saturday","20:15","ARI",9,"LA",13,"Home",4,22,0,"2024122802",59752,NA,"202412280ram",NA,"401671829",6693,6,6,270,-340,6.5,100,-120,48,-112,-108,1,"dome","matrixturf",NA,NA,"00-0035228","00-0026498","Kyler Murray","Matthew Stafford","Jonathan Gannon","Sean McVay","Brad Rogers","LAX01","SoFi Stadium"
"2024_17_NYJ_BUF",2024,"REG",17,"2024-12-29","Sunday","13:00","NYJ",14,"BUF",40,"Home",26,54,0,"2024122905",59756,NA,"202412290buf",NA,"401671495",6697,7,7,390,-520,10,-105,-115,44.5,-112,-108,1,"outdoors","a_turf",54,15,"00-0023459","00-0034857","Aaron Rodgers","Josh Allen","Robert Saleh","Sean McDermott","Clete Blakeman","BUF00","New Era Field"
"2024_17_TEN_JAX",2024,"REG",17,"2024-12-29","Sunday","13:00","TEN",13,"JAX",20,"Home",7,33,0,"2024122906",59757,NA,"202412290jax",NA,"401671634",6698,7,7,-108,-112,-1,-105,-115,38,-110,-110,1,"outdoors","grass",72,16,"00-0034771","00-0036972","Mason Rudolph","Mac Jones","Brian Callahan","Doug Pederson","Shawn Smith","JAX00","TIAA Bank Stadium"
"2024_17_LV_NO",2024,"REG",17,"2024-12-29","Sunday","13:00","LV",25,"NO",10,"Home",-15,35,0,"2024122908",59759,NA,"202412290nor",NA,"401671738",6700,7,6,-125,105,-2,-110,-110,37.5,-112,-108,0,"dome","sportturf",NA,NA,"00-0038579","00-0038998","Aidan O'Connell","Jake Haener","Antonio Pierce","Dennis Allen","Land Clark","NOR00","Mercedes-Benz Superdome"
"2024_17_IND_NYG",2024,"REG",17,"2024-12-29","Sunday","13:00","IND",33,"NYG",45,"Home",12,78,0,"2024122903",59754,NA,"202412290nyg",NA,"401671846",6695,7,7,-410,320,-7.5,-112,-108,40.5,-112,-108,0,"outdoors","fieldturf",54,0,"00-0026158","00-0038476","Joe Flacco","Tommy DeVito","Shane Steichen","Brian Daboll","Bill Vinovich","NYC01","MetLife Stadium"
"2024_17_DAL_PHI",2024,"REG",17,"2024-12-29","Sunday","13:00","DAL",7,"PHI",41,"Home",34,48,0,"2024122910",59761,NA,"202412290phi",NA,"401671765",6702,7,7,260,-325,7.5,-112,-108,37.5,-108,-112,1,"outdoors","grass",62,10,"00-0033662","00-0036389","Cooper Rush","Jalen Hurts","Mike McCarthy","Nick Sirianni","Brad Allen","PHI00","Lincoln Financial Field"
"2024_17_CAR_TB",2024,"REG",17,"2024-12-29","Sunday","13:00","CAR",14,"TB",48,"Home",34,62,0,"2024122909",59760,NA,"202412290tam",NA,"401671653",6701,7,7,380,-500,9.5,-105,-115,47.5,-108,-112,1,"outdoors","grass",76,8,"00-0039150","00-0034855","Bryce Young","Baker Mayfield","Dave Canales","Todd Bowles","Clay Martin","TAM00","Raymond James Stadium"
"2024_17_MIA_CLE",2024,"REG",17,"2024-12-29","Sunday","16:05","MIA",20,"CLE",3,"Home",-17,23,0,"2024122911",59762,NA,"202412290cle",NA,"401671877",6703,7,7,-170,142,-3,-115,-105,32.5,-112,-108,0,"outdoors","grass",54,15,"00-0035993","00-0031503","Tyler Huntley","Jameis Winston","Mike McDaniel","Kevin Stefanski","Ron Torbert","CLE00","FirstEnergy Stadium"
"2024_17_GB_MIN",2024,"REG",17,"2024-12-29","Sunday","16:25","GB",25,"MIN",27,"Home",2,52,0,"2024122907",59758,NA,"202412290min",NA,"401671725",6699,6,7,-112,-108,-1,-105,-115,49,-110,-110,1,"dome","sportturf",NA,NA,"00-0036264","00-0034869","Jordan Love","Sam Darnold","Matt LaFleur","Kevin O'Connell","Carl Cheffers","MIN01","U.S. Bank Stadium"
"2024_17_ATL_WAS",2024,"REG",17,"2024-12-29","Sunday","20:20","ATL",24,"WAS",30,"Home",6,54,1,"2024122904",59755,NA,"202412290was",NA,"401671842",6696,7,7,160,-192,3.5,-115,-105,46.5,-110,-110,0,"outdoors","grass",58,10,"00-0039917","00-0039910","Michael Penix Jr.","Jayden Daniels","Raheem Morris","Dan Quinn","Alex Kemp","WAS00","FedExField"
"2024_17_DET_SF",2024,"REG",17,"2024-12-30","Monday","20:15","DET",40,"SF",34,"Home",-6,74,0,"2024123000",59763,NA,"202412300sfo",NA,"401671698",6704,8,8,-230,190,-4,-112,-108,50.5,-110,-110,0,"outdoors","grass",NA,NA,"00-0033106","00-0037834","Jared Goff","Brock Purdy","Dan Campbell","Kyle Shanahan","Shawn Hochuli","SFO01","Levi's Stadium"
"2024_18_CLE_BAL",2024,"REG",18,"2025-01-04","Saturday","16:30","CLE",10,"BAL",35,"Home",25,45,0,"2025010400",59766,NA,"202501040rav",NA,"401671834",6707,6,10,1200,-2400,19.5,-105,-115,42.5,-108,-112,1,"outdoors","grass",31,16,"00-0038108","00-0034796","Bailey Zappe","Lamar Jackson","Kevin Stefanski","John Harbaugh","Scott Novak","BAL00","M&T Bank Stadium"
"2024_18_CIN_PIT",2024,"REG",18,"2025-01-04","Saturday","20:00","CIN",19,"PIT",17,"Home",-2,36,0,"2025010401",59777,NA,"202501040pit",NA,"401671836",6718,7,10,-148,124,-2.5,-118,-102,48.5,-112,-108,1,"outdoors","grass",19,10,"00-0036442","00-0029263","Joe Burrow","Russell Wilson","Zac Taylor","Mike Tomlin","John Hussey","PIT00","Acrisure Stadium"
"2024_18_CAR_ATL",2024,"REG",18,"2025-01-05","Sunday","13:00","CAR",44,"ATL",38,"Home",-6,82,1,"2025010501",59765,NA,"202501050atl",NA,"401671827",6706,7,7,300,-380,7.5,-105,-115,48.5,-108,-112,1,"closed","fieldturf",NA,NA,"00-0039150","00-0039917","Bryce Young","Michael Penix Jr.","Dave Canales","Raheem Morris","Land Clark","ATL97","Mercedes-Benz Stadium"
"2024_18_WAS_DAL",2024,"REG",18,"2025-01-05","Sunday","13:00","WAS",23,"DAL",19,"Home",-4,42,0,"2025010503",59767,NA,"202501050dal",NA,"401671840",6708,7,7,-310,250,-7,-108,-112,43.5,-118,-102,1,"closed","matrixturf",NA,NA,"00-0039910","00-0037012","Jayden Daniels","Trey Lance","Dan Quinn","Mike McCarthy","Clete Blakeman","DAL00","AT&T Stadium"
"2024_18_CHI_GB",2024,"REG",18,"2025-01-05","Sunday","13:00","CHI",24,"GB",22,"Home",-2,46,0,"2025010506",59770,NA,"202501050gnb",NA,"401671844",6711,10,7,320,-410,10,-115,-105,41.5,-108,-112,1,"outdoors","grass",16,13,"00-0039918","00-0036264","Caleb Williams","Jordan Love","Matt Eberflus","Matt LaFleur","Clay Martin","GNB00","Lambeau Field"
"2024_18_JAX_IND",2024,"REG",18,"2025-01-05","Sunday","13:00","JAX",23,"IND",26,"Home",3,49,1,"2025010507",59771,NA,"202501050clt",NA,"401671837",6712,7,7,150,-180,3.5,-110,-110,45.5,-105,-110,1,"closed","fieldturf",NA,NA,"00-0036972","00-0026158","Mac Jones","Joe Flacco","Doug Pederson","Shane Steichen","Alex Kemp","IND00","Lucas Oil Stadium"
"2024_18_BUF_NE",2024,"REG",18,"2025-01-05","Sunday","13:00","BUF",16,"NE",23,"Home",7,39,0,"2025010510",59774,NA,"202501050nwe",NA,"401671831",6715,7,8,-166,140,-3,-112,-108,36.5,-108,-112,1,"outdoors","fieldturf",33,14,"00-0033869","00-0039398","Mitchell Trubisky","Joe Milton III","Sean McDermott","Jerod Mayo","Alan Eck","BOS00","Gillette Stadium"
"2024_18_NYG_PHI",2024,"REG",18,"2025-01-05","Sunday","13:00","NYG",13,"PHI",20,"Home",7,33,0,"2025010512",59776,NA,"202501050phi",NA,"401671841",6717,7,7,130,-155,3,-110,-110,36.5,-118,-102,1,"outdoors","grass",31,19,"00-0035704","00-0038400","Drew Lock","Tanner McKee","Brian Daboll","Nick Sirianni","Ron Torbert","PHI00","Lincoln Financial Field"
"2024_18_NO_TB",2024,"REG",18,"2025-01-05","Sunday","13:00","NO",19,"TB",27,"Home",8,46,0,"2025010514",59778,NA,"202501050tam",NA,"401671828",6719,7,7,675,-1050,14.5,-102,-118,44.5,-112,-108,1,"outdoors","grass",68,6,"00-0039376","00-0034855","Spencer Rattler","Baker Mayfield","Dennis Allen","Todd Bowles","Adrian Hill","TAM00","Raymond James Stadium"
"2024_18_HOU_TEN",2024,"REG",18,"2025-01-05","Sunday","13:00","HOU",23,"TEN",14,"Home",-9,37,0,"2025010515",59779,NA,"202501050oti",NA,"401671826",6720,11,7,120,-142,2.5,-108,-112,36.5,-108,-112,1,"outdoors","grass",35,10,"00-0036898","00-0034771","Davis Mills","Mason Rudolph","DeMeco Ryans","Brian Callahan","Brad Allen","NAS00","Nissan Stadium"
"2024_18_SF_ARI",2024,"REG",18,"2025-01-05","Sunday","16:25","SF",24,"ARI",47,"Home",23,71,0,"2025010500",59764,NA,"202501050crd",NA,"401671845",6705,6,8,160,-192,4.5,-110,-110,42.5,-110,-110,1,"closed","grass",NA,NA,"00-0033949","00-0035228","Joshua Dobbs","Kyler Murray","Kyle Shanahan","Jonathan Gannon","Shawn Smith","PHO00","State Farm Stadium"
"2024_18_KC_DEN",2024,"REG",18,"2025-01-05","Sunday","16:25","KC",0,"DEN",38,"Home",38,38,0,"2025010504",59768,NA,"202501050den",NA,"401671838",6709,11,8,370,-485,10.5,-115,-105,40.5,-115,-105,1,"outdoors","grass",28,5,"00-0032950","00-0039732","Carson Wentz","Bo Nix","Andy Reid","Sean Payton","Shawn Hochuli","DEN00","Empower Field at Mile High"
"2024_18_SEA_LA",2024,"REG",18,"2025-01-05","Sunday","16:25","SEA",30,"LA",25,"Home",-5,55,0,"2025010508",59772,NA,"202501050ram",NA,"401671830",6713,10,8,-360,285,-7.5,-110,-110,38.5,-112,-108,1,"dome","matrixturf",NA,NA,"00-0030565","00-0031345","Geno Smith","Jimmy Garoppolo","Mike Macdonald","Sean McVay","Bill Vinovich","LAX01","SoFi Stadium"
"2024_18_LAC_LV",2024,"REG",18,"2025-01-05","Sunday","16:25","LAC",34,"LV",20,"Home",-14,54,0,"2025010509",59773,NA,"202501050rai",NA,"401671839",6714,8,7,-345,275,-7,-118,-102,42.5,-112,-108,1,"dome","grass",NA,NA,"00-0036355","00-0038579","Justin Herbert","Aidan O'Connell","Jim Harbaugh","Antonio Pierce","Carl Cheffers","VEG00","Allegiant Stadium"
"2024_18_MIA_NYJ",2024,"REG",18,"2025-01-05","Sunday","16:25","MIA",20,"NYJ",32,"Home",12,52,0,"2025010511",59775,NA,"202501050nyj",NA,"401671833",6716,7,7,102,-122,1.5,-110,-110,39.5,-112,-108,1,"outdoors","fieldturf",34,10,"00-0036212","00-0023459","Tua Tagovailoa","Aaron Rodgers","Mike McDaniel","Robert Saleh","Tra Blake","NYC01","MetLife Stadium"
"2024_18_MIN_DET",2024,"REG",18,"2025-01-05","Sunday","20:20","MIN",9,"DET",31,"Home",22,40,0,"2025010505",59769,NA,"202501050det",NA,"401671843",6710,7,6,124,-148,3,-118,-102,56.5,-102,-118,1,"dome","fieldturf",NA,NA,"00-0034869","00-0033106","Sam Darnold","Jared Goff","Kevin O'Connell","Dan Campbell","Brad Rogers","DET00","Ford Field"
"2024_19_LAC_HOU",2024,"WC",19,"2025-01-11","Saturday","16:30","LAC",12,"HOU",32,"Home",20,44,0,"2025011100",59829,NA,"202501110htx",NA,"401671878",NA,6,6,-162,136,-3,-105,-115,41.5,-108,-112,0,"closed","astroturf",NA,NA,"00-0036355","00-0039163","Justin Herbert","C.J. Stroud","Jim Harbaugh","DeMeco Ryans","Land Clark","HOU00","NRG Stadium"
"2024_19_PIT_BAL",2024,"WC",19,"2025-01-11","Saturday","20:00","PIT",14,"BAL",28,"Home",14,42,0,"2025011101",59830,NA,"202501110rav",NA,"401671879",NA,7,7,390,-520,9.5,-112,-108,44.5,-108,-112,1,"outdoors","grass",32,12,"00-0029263","00-0034796","Russell Wilson","Lamar Jackson","Mike Tomlin","John Harbaugh","Alex Kemp","BAL00","M&T Bank Stadium"
"2024_19_DEN_BUF",2024,"WC",19,"2025-01-12","Sunday","13:00","DEN",7,"BUF",31,"Home",24,38,0,"2025011200",59831,NA,"202501120buf",NA,"401671881",NA,7,7,330,-425,7.5,100,-120,48.5,-102,-118,0,"outdoors","a_turf",32,10,"00-0039732","00-0034857","Bo Nix","Josh Allen","Sean Payton","Sean McDermott","Bill Vinovich","BUF00","New Era Field"
"2024_19_GB_PHI",2024,"WC",19,"2025-01-12","Sunday","16:30","GB",10,"PHI",22,"Home",12,32,0,"2025011201",59832,NA,"202501120phi",NA,"401671880",NA,7,7,205,-250,5.5,-105,-115,45.5,-110,-110,0,"outdoors","grass",40,6,"00-0036264","00-0036389","Jordan Love","Jalen Hurts","Matt LaFleur","Nick Sirianni","Brad Allen","PHI00","Lincoln Financial Field"
"2024_19_WAS_TB",2024,"WC",19,"2025-01-12","Sunday","20:00","WAS",23,"TB",20,"Home",-3,43,0,"2025011202",59833,NA,"202501120tam",NA,"401671883",NA,7,7,136,-162,3,-110,-110,51.5,-105,-115,0,"outdoors","grass",58,2,"00-0039910","00-0034855","Jayden Daniels","Baker Mayfield","Dan Quinn","Todd Bowles","Craig Wrolstad","TAM00","Raymond James Stadium"
"2024_19_MIN_LA",2024,"WC",19,"2025-01-13","Monday","20:00","MIN",9,"LA",27,"Neutral",18,36,0,"2025011300",59834,NA,"202501130ram",NA,"401671882",NA,8,8,-142,120,-2.5,-118,-102,47.5,-108,-112,0,"closed","grass",NA,NA,"00-0034869","00-0026498","Sam Darnold","Matthew Stafford","Kevin O'Connell","Sean McVay","John Hussey","PHO00","State Farm Stadium"
"2024_20_HOU_KC",2024,"DIV",20,"2025-01-18","Saturday","16:30","HOU",14,"KC",23,"Home",9,37,0,"2025011800",59835,NA,"202501180kan",NA,"401671884",NA,7,13,410,-550,9.5,-110,-110,41.5,-112,-108,0,"outdoors","grass",23,17,"00-0039163","00-0033873","C.J. Stroud","Patrick Mahomes","DeMeco Ryans","Andy Reid","Clay Martin","KAN00","GEHA Field at Arrowhead Stadium"
"2024_20_WAS_DET",2024,"DIV",20,"2025-01-18","Saturday","20:00","WAS",45,"DET",31,"Home",-14,76,0,"2025011801",59836,NA,"202501180det",NA,"401671885",NA,6,13,390,-520,8.5,-105,-115,55.5,-112,-108,0,"dome","fieldturf",NA,NA,"00-0039910","00-0033106","Jayden Daniels","Jared Goff","Dan Quinn","Dan Campbell","Ron Torbert","DET00","Ford Field"
"2024_20_LA_PHI",2024,"DIV",20,"2025-01-19","Sunday","15:00","LA",22,"PHI",28,"Home",6,50,0,"2025011900",59837,NA,"202501190phi",NA,"401671937",NA,6,7,260,-325,7,-112,-108,43.5,-110,-110,0,"outdoors","grass",34,8,"00-0026498","00-0036389","Matthew Stafford","Jalen Hurts","Sean McVay","Nick Sirianni","Shawn Smith","PHI00","Lincoln Financial Field"
"2024_20_BAL_BUF",2024,"DIV",20,"2025-01-19","Sunday","18:30","BAL",25,"BUF",27,"Home",2,52,0,"2025011901",59838,NA,"202501190buf",NA,"401671886",NA,8,7,-118,-102,-1.5,-102,-118,51.5,-105,-115,0,"outdoors","a_turf",19,4,"00-0034796","00-0034857","Lamar Jackson","Josh Allen","John Harbaugh","Sean McDermott","Carl Cheffers","BUF00","New Era Field"
"2024_21_WAS_PHI",2024,"CON",21,"2025-01-26","Sunday","15:00","WAS",23,"PHI",55,"Home",32,78,0,"2025012600",59839,NA,"202501260phi",NA,"401671888",NA,8,7,205,-250,6,-110,-110,46.5,-105,-115,1,"outdoors","grass",40,11,"00-0039910","00-0036389","Jayden Daniels","Jalen Hurts","Dan Quinn","Nick Sirianni","Shawn Hochuli","PHI00","Lincoln Financial Field"
"2024_21_BUF_KC",2024,"CON",21,"2025-01-26","Sunday","18:30","BUF",29,"KC",32,"Home",3,61,0,"2025012601",59840,NA,"202501260kan",NA,"401671887",NA,7,8,-102,-118,1.5,-115,-105,49.5,-115,-105,0,"outdoors","grass",31,8,"00-0034857","00-0033873","Josh Allen","Patrick Mahomes","Sean McDermott","Andy Reid","Clete Blakeman","KAN00","GEHA Field at Arrowhead Stadium"
"2024_22_KC_PHI",2024,"SB",22,"2025-02-09","Sunday","18:30","KC",22,"PHI",40,"Neutral",18,62,0,"2025020900",59841,NA,"202502090phi",NA,"401671889",NA,14,14,-120,100,-1.5,-105,-115,48.5,-105,-115,0,"dome","sportturf",NA,NA,"00-0033873","00-0036389","Patrick Mahomes","Jalen Hurts","Andy Reid","Nick Sirianni","Ron Torbert","NOR00","Mercedes-Benz Superdome"
