player_id,player_name,team,opponent,week,season,game_id,position,passing_yards,passing_tds,completions,attempts,rushing_yards,rushing_tds,carries,receiving_yards,receiving_tds,receptions,targets,season_avg_pass_yards,l3_avg_pass_yards,games_played
qb_ari,Kyler Murray,ARI,NO,1,2025,2025_01_ARI_NO,QB,207,2,16,26,0,0,0,0,0,0,0,207.0,207.0,1
qb_ari,Kyler Murray,ARI,CAR,2,2025,2025_02_CAR_ARI,QB,349,3,29,45,0,0,0,0,0,0,0,278.0,278.0,2
qb_ari,Kyler Murray,ARI,SF,3,2025,2025_03_ARI_SF,QB,178,1,19,30,0,0,0,0,0,0,0,244.66666666666666,244.66666666666666,3
qb_ari,Kyler Murray,ARI,SEA,4,2025,2025_04_SEA_ARI,QB,228,2,17,27,0,0,0,0,0,0,0,240.5,251.66666666666666,4
qb_ari,Kyler Murray,ARI,TEN,5,2025,2025_05_TEN_ARI,QB,246,1,20,31,0,0,0,0,0,0,0,241.6,217.33333333333334,5
qb_ari,Kyler Murray,ARI,IND,6,2025,2025_06_ARI_IND,QB,267,1,21,33,0,0,0,0,0,0,0,245.83333333333334,247.0,6
qb_ari,Kyler Murray,ARI,GB,7,2025,2025_07_GB_ARI,QB,240,2,22,35,0,0,0,0,0,0,0,245.0,251.0,7
qb_ari,Kyler Murray,ARI,DAL,9,2025,2025_09_ARI_DAL,QB,274,3,22,35,0,0,0,0,0,0,0,248.625,260.3333333333333,8
qb_atl,Kirk Cousins,ATL,TB,1,2025,2025_01_TB_ATL,QB,230,2,17,27,0,0,0,0,0,0,0,230.0,230.0,1
qb_atl,Kirk Cousins,ATL,MIN,2,2025,2025_02_ATL_MIN,QB,255,2,22,34,0,0,0,0,0,0,0,242.5,242.5,2
qb_atl,Kirk Cousins,ATL,CAR,3,2025,2025_03_ATL_CAR,QB,120,0,10,16,0,0,0,0,0,0,0,201.66666666666666,201.66666666666666,3
qb_atl,Kirk Cousins,ATL,WAS,4,2025,2025_04_WAS_ATL,QB,378,3,31,49,0,0,0,0,0,0,0,245.75,251.0,4
qb_atl,Kirk Cousins,ATL,BUF,6,2025,2025_06_BUF_ATL,QB,264,2,22,34,0,0,0,0,0,0,0,249.4,254.0,5
qb_atl,Kirk Cousins,ATL,SF,7,2025,2025_07_ATL_SF,QB,137,1,12,19,0,0,0,0,0,0,0,230.66666666666666,259.6666666666667,6
qb_atl,Kirk Cousins,ATL,MIA,8,2025,2025_08_MIA_ATL,QB,163,1,14,23,0,0,0,0,0,0,0,221.0,188.0,7
qb_atl,Kirk Cousins,ATL,NE,9,2025,2025_09_ATL_NE,QB,224,2,19,30,0,0,0,0,0,0,0,221.375,174.66666666666666,8
qb_bal,Lamar Jackson,BAL,BUF,1,2025,2025_01_BAL_BUF,QB,521,5,44,69,0,0,0,0,0,0,0,521.0,521.0,1
qb_bal,Lamar Jackson,BAL,CLE,2,2025,2025_02_CLE_BAL,QB,467,3,40,62,0,0,0,0,0,0,0,494.0,494.0,2
qb_bal,Lamar Jackson,BAL,DET,3,2025,2025_03_DET_BAL,QB,366,2,34,53,0,0,0,0,0,0,0,451.3333333333333,451.3333333333333,3
qb_bal,Lamar Jackson,BAL,KC,4,2025,2025_04_BAL_KC,QB,282,1,20,32,0,0,0,0,0,0,0,409.0,371.6666666666667,4
qb_bal,Lamar Jackson,BAL,HOU,5,2025,2025_05_HOU_BAL,QB,131,0,10,16,0,0,0,0,0,0,0,353.4,259.6666666666667,5
qb_bal,Lamar Jackson,BAL,LA,6,2025,2025_06_LA_BAL,QB,120,0,11,18,0,0,0,0,0,0,0,314.5,177.66666666666666,6
qb_bal,Lamar Jackson,BAL,CHI,8,2025,2025_08_CHI_BAL,QB,389,3,36,56,0,0,0,0,0,0,0,325.14285714285717,213.33333333333334,7
qb_bal,Lamar Jackson,BAL,MIA,9,2025,2025_09_BAL_MIA,QB,259,3,22,34,0,0,0,0,0,0,0,316.875,256.0,8
qb_buf,Josh Allen,BUF,BAL,1,2025,2025_01_BAL_BUF,QB,497,3,42,65,0,0,0,0,0,0,0,497.0,497.0,1
qb_buf,Josh Allen,BUF,NYJ,2,2025,2025_02_BUF_NYJ,QB,314,2,25,39,0,0,0,0,0,0,0,405.5,405.5,2
qb_buf,Josh Allen,BUF,MIA,3,2025,2025_03_MIA_BUF,QB,381,3,32,50,0,0,0,0,0,0,0,397.3333333333333,397.3333333333333,3
qb_buf,Josh Allen,BUF,NO,4,2025,2025_04_NO_BUF,QB,292,3,21,33,0,0,0,0,0,0,0,371.0,329.0,4
qb_buf,Josh Allen,BUF,NE,5,2025,2025_05_NE_BUF,QB,189,2,16,26,0,0,0,0,0,0,0,334.6,287.3333333333333,5
qb_buf,Josh Allen,BUF,ATL,6,2025,2025_06_BUF_ATL,QB,120,1,8,13,0,0,0,0,0,0,0,298.8333333333333,200.33333333333334,6
qb_buf,Josh Allen,BUF,CAR,8,2025,2025_08_BUF_CAR,QB,384,4,34,53,0,0,0,0,0,0,0,311.0,231.0,7
qb_buf,Josh Allen,BUF,KC,9,2025,2025_09_KC_BUF,QB,208,2,18,29,0,0,0,0,0,0,0,298.125,237.33333333333334,8
qb_car,Bryce Young,CAR,JAX,1,2025,2025_01_CAR_JAX,QB,125,0,11,18,0,0,0,0,0,0,0,125.0,125.0,1
qb_car,Bryce Young,CAR,ARI,2,2025,2025_02_CAR_ARI,QB,238,2,19,30,0,0,0,0,0,0,0,181.5,181.5,2
qb_car,Bryce Young,CAR,ATL,3,2025,2025_03_ATL_CAR,QB,336,3,29,45,0,0,0,0,0,0,0,233.0,233.0,3
qb_car,Bryce Young,CAR,NE,4,2025,2025_04_CAR_NE,QB,123,0,13,20,0,0,0,0,0,0,0,205.5,232.33333333333334,4
qb_car,Bryce Young,CAR,MIA,5,2025,2025_05_MIA_CAR,QB,301,2,26,41,0,0,0,0,0,0,0,224.6,253.33333333333334,5
qb_car,Bryce Young,CAR,DAL,6,2025,2025_06_DAL_CAR,QB,387,3,33,52,0,0,0,0,0,0,0,251.66666666666666,270.3333333333333,6
qb_car,Bryce Young,CAR,NYJ,7,2025,2025_07_CAR_NYJ,QB,142,1,13,20,0,0,0,0,0,0,0,236.0,276.6666666666667,7
qb_car,Bryce Young,CAR,BUF,8,2025,2025_08_BUF_CAR,QB,127,1,9,15,0,0,0,0,0,0,0,222.375,218.66666666666666,8
qb_car,Bryce Young,CAR,GB,9,2025,2025_09_CAR_GB,QB,198,1,14,23,0,0,0,0,0,0,0,219.66666666666666,155.66666666666666,9
qb_chi,Caleb Williams,CHI,MIN,1,2025,2025_01_MIN_CHI,QB,253,2,21,33,0,0,0,0,0,0,0,253.0,253.0,1
qb_chi,Caleb Williams,CHI,DET,2,2025,2025_02_CHI_DET,QB,253,2,22,35,0,0,0,0,0,0,0,253.0,253.0,2
qb_chi,Caleb Williams,CHI,DAL,3,2025,2025_03_DAL_CHI,QB,317,2,30,47,0,0,0,0,0,0,0,274.3333333333333,274.3333333333333,3
qb_chi,Caleb Williams,CHI,LV,4,2025,2025_04_CHI_LV,QB,234,2,21,33,0,0,0,0,0,0,0,264.25,268.0,4
qb_chi,Caleb Williams,CHI,WAS,6,2025,2025_06_CHI_WAS,QB,271,2,20,32,0,0,0,0,0,0,0,265.6,274.0,5
qb_chi,Caleb Williams,CHI,NO,7,2025,2025_07_NO_CHI,QB,280,2,27,42,0,0,0,0,0,0,0,268.0,261.6666666666667,6
qb_chi,Caleb Williams,CHI,BAL,8,2025,2025_08_CHI_BAL,QB,193,1,16,26,0,0,0,0,0,0,0,257.2857142857143,248.0,7
qb_chi,Caleb Williams,CHI,CIN,9,2025,2025_09_CHI_CIN,QB,515,5,44,69,0,0,0,0,0,0,0,289.5,329.3333333333333,8
qb_cin,Joe Burrow,CIN,CLE,1,2025,2025_01_CIN_CLE,QB,182,2,18,28,0,0,0,0,0,0,0,182.0,182.0,1
qb_cin,Joe Burrow,CIN,JAX,2,2025,2025_02_JAX_CIN,QB,402,3,37,58,0,0,0,0,0,0,0,292.0,292.0,2
qb_cin,Joe Burrow,CIN,MIN,3,2025,2025_03_CIN_MIN,QB,120,0,7,12,0,0,0,0,0,0,0,234.66666666666666,234.66666666666666,3
qb_cin,Joe Burrow,CIN,DEN,4,2025,2025_04_CIN_DEN,QB,120,0,11,17,0,0,0,0,0,0,0,206.0,214.0,4
qb_cin,Joe Burrow,CIN,DET,5,2025,2025_05_DET_CIN,QB,218,2,21,33,0,0,0,0,0,0,0,208.4,152.66666666666666,5
qb_cin,Joe Burrow,CIN,GB,6,2025,2025_06_CIN_GB,QB,167,0,13,21,0,0,0,0,0,0,0,201.5,168.33333333333334,6
qb_cin,Joe Burrow,CIN,PIT,7,2025,2025_07_PIT_CIN,QB,408,2,34,53,0,0,0,0,0,0,0,231.0,264.3333333333333,7
qb_cin,Joe Burrow,CIN,NYJ,8,2025,2025_08_NYJ_CIN,QB,433,3,39,61,0,0,0,0,0,0,0,256.25,336.0,8
qb_cin,Joe Burrow,CIN,CHI,9,2025,2025_09_CHI_CIN,QB,436,4,37,57,0,0,0,0,0,0,0,276.22222222222223,425.6666666666667,9
qb_cle,Jameis Winston,CLE,CIN,1,2025,2025_01_CIN_CLE,QB,128,1,9,15,0,0,0,0,0,0,0,128.0,128.0,1
qb_cle,Jameis Winston,CLE,BAL,2,2025,2025_02_CLE_BAL,QB,162,1,14,23,0,0,0,0,0,0,0,145.0,145.0,2
qb_cle,Jameis Winston,CLE,GB,3,2025,2025_03_GB_CLE,QB,131,1,13,21,0,0,0,0,0,0,0,140.33333333333334,140.33333333333334,3
qb_cle,Jameis Winston,CLE,DET,4,2025,2025_04_CLE_DET,QB,120,1,11,17,0,0,0,0,0,0,0,135.25,137.66666666666666,4
qb_cle,Jameis Winston,CLE,MIN,5,2025,2025_05_MIN_CLE,QB,211,1,19,30,0,0,0,0,0,0,0,150.4,154.0,5
qb_cle,Jameis Winston,CLE,PIT,6,2025,2025_06_CLE_PIT,QB,123,0,10,16,0,0,0,0,0,0,0,145.83333333333334,151.33333333333334,6
qb_cle,Jameis Winston,CLE,MIA,7,2025,2025_07_MIA_CLE,QB,319,2,26,40,0,0,0,0,0,0,0,170.57142857142858,217.66666666666666,7
qb_cle,Jameis Winston,CLE,NE,8,2025,2025_08_CLE_NE,QB,120,0,7,12,0,0,0,0,0,0,0,164.25,187.33333333333334,8
qb_dal,Dak Prescott,DAL,PHI,1,2025,2025_01_DAL_PHI,QB,211,2,12,19,0,0,0,0,0,0,0,211.0,211.0,1
qb_dal,Dak Prescott,DAL,NYG,2,2025,2025_02_NYG_DAL,QB,494,4,40,62,0,0,0,0,0,0,0,352.5,352.5,2
qb_dal,Dak Prescott,DAL,CHI,3,2025,2025_03_DAL_CHI,QB,176,0,16,26,0,0,0,0,0,0,0,293.6666666666667,293.6666666666667,3
qb_dal,Dak Prescott,DAL,GB,4,2025,2025_04_GB_DAL,QB,473,3,40,62,0,0,0,0,0,0,0,338.5,381.0,4
qb_dal,Dak Prescott,DAL,NYJ,5,2025,2025_05_DAL_NYJ,QB,450,3,40,62,0,0,0,0,0,0,0,360.8,366.3333333333333,5
qb_dal,Dak Prescott,DAL,CAR,6,2025,2025_06_DAL_CAR,QB,310,3,26,41,0,0,0,0,0,0,0,352.3333333333333,411.0,6
qb_dal,Dak Prescott,DAL,WAS,7,2025,2025_07_WAS_DAL,QB,493,4,43,67,0,0,0,0,0,0,0,372.42857142857144,417.6666666666667,7
qb_dal,Dak Prescott,DAL,DEN,8,2025,2025_08_DAL_DEN,QB,310,2,27,43,0,0,0,0,0,0,0,364.625,371.0,8
qb_dal,Dak Prescott,DAL,ARI,9,2025,2025_09_ARI_DAL,QB,217,1,17,27,0,0,0,0,0,0,0,348.22222222222223,340.0,9
qb_den,Bo Nix,DEN,TEN,1,2025,2025_01_TEN_DEN,QB,208,1,18,29,0,0,0,0,0,0,0,208.0,208.0,1
qb_den,Bo Nix,DEN,IND,2,2025,2025_02_DEN_IND,QB,343,2,26,41,0,0,0,0,0,0,0,275.5,275.5,2
qb_den,Bo Nix,DEN,LAC,3,2025,2025_03_DEN_LAC,QB,229,1,22,34,0,0,0,0,0,0,0,260.0,260.0,3
qb_den,Bo Nix,DEN,CIN,4,2025,2025_04_CIN_DEN,QB,377,3,30,47,0,0,0,0,0,0,0,289.25,316.3333333333333,4
qb_den,Bo Nix,DEN,PHI,5,2025,2025_05_DEN_PHI,QB,241,2,19,30,0,0,0,0,0,0,0,279.6,282.3333333333333,5
qb_den,Bo Nix,DEN,NYJ,6,2025,2025_06_DEN_NYJ,QB,136,1,11,17,0,0,0,0,0,0,0,255.66666666666666,251.33333333333334,6
qb_den,Bo Nix,DEN,NYG,7,2025,2025_07_NYG_DEN,QB,372,2,31,48,0,0,0,0,0,0,0,272.2857142857143,249.66666666666666,7
qb_den,Bo Nix,DEN,DAL,8,2025,2025_08_DAL_DEN,QB,416,4,34,53,0,0,0,0,0,0,0,290.25,308.0,8
qb_den,Bo Nix,DEN,HOU,9,2025,2025_09_DEN_HOU,QB,195,2,13,21,0,0,0,0,0,0,0,279.6666666666667,327.6666666666667,9
qb_det,Jared Goff,DET,GB,1,2025,2025_01_DET_GB,QB,143,0,9,15,0,0,0,0,0,0,0,143.0,143.0,1
qb_det,Jared Goff,DET,CHI,2,2025,2025_02_CHI_DET,QB,526,4,45,70,0,0,0,0,0,0,0,334.5,334.5,2
qb_det,Jared Goff,DET,BAL,3,2025,2025_03_DET_BAL,QB,439,4,39,60,0,0,0,0,0,0,0,369.3333333333333,369.3333333333333,3
qb_det,Jared Goff,DET,CLE,4,2025,2025_04_CLE_DET,QB,343,3,28,44,0,0,0,0,0,0,0,362.75,436.0,4
qb_det,Jared Goff,DET,CIN,5,2025,2025_05_DET_CIN,QB,393,3,35,54,0,0,0,0,0,0,0,368.8,391.6666666666667,5
qb_det,Jared Goff,DET,KC,6,2025,2025_06_DET_KC,QB,145,1,9,15,0,0,0,0,0,0,0,331.5,293.6666666666667,6
qb_det,Jared Goff,DET,TB,7,2025,2025_07_TB_DET,QB,274,2,22,35,0,0,0,0,0,0,0,323.2857142857143,270.6666666666667,7
qb_det,Jared Goff,DET,MIN,9,2025,2025_09_MIN_DET,QB,274,2,21,33,0,0,0,0,0,0,0,317.125,231.0,8
qb_gb,Jordan Love,GB,DET,1,2025,2025_01_DET_GB,QB,316,3,27,42,0,0,0,0,0,0,0,316.0,316.0,1
qb_gb,Jordan Love,GB,WAS,2,2025,2025_02_WAS_GB,QB,325,3,31,48,0,0,0,0,0,0,0,320.5,320.5,2
qb_gb,Jordan Love,GB,CLE,3,2025,2025_03_GB_CLE,QB,120,0,10,16,0,0,0,0,0,0,0,253.66666666666666,253.66666666666666,3
qb_gb,Jordan Love,GB,DAL,4,2025,2025_04_GB_DAL,QB,460,3,39,61,0,0,0,0,0,0,0,305.25,301.6666666666667,4
qb_gb,Jordan Love,GB,CIN,6,2025,2025_06_CIN_GB,QB,328,3,27,43,0,0,0,0,0,0,0,309.8,302.6666666666667,5
qb_gb,Jordan Love,GB,ARI,7,2025,2025_07_GB_ARI,QB,298,2,28,44,0,0,0,0,0,0,0,307.8333333333333,362.0,6
qb_gb,Jordan Love,GB,PIT,8,2025,2025_08_GB_PIT,QB,444,3,40,62,0,0,0,0,0,0,0,327.2857142857143,356.6666666666667,7
qb_gb,Jordan Love,GB,CAR,9,2025,2025_09_CAR_GB,QB,161,1,14,23,0,0,0,0,0,0,0,306.5,301.0,8
qb_hou,CJ Stroud,HOU,LA,1,2025,2025_01_HOU_LA,QB,120,0,10,16,0,0,0,0,0,0,0,120.0,120.0,1
qb_hou,CJ Stroud,HOU,TB,2,2025,2025_02_TB_HOU,QB,246,2,19,30,0,0,0,0,0,0,0,183.0,183.0,2
qb_hou,CJ Stroud,HOU,JAX,3,2025,2025_03_HOU_JAX,QB,120,0,7,12,0,0,0,0,0,0,0,162.0,162.0,3
qb_hou,CJ Stroud,HOU,TEN,4,2025,2025_04_TEN_HOU,QB,314,2,29,46,0,0,0,0,0,0,0,200.0,226.66666666666666,4
qb_hou,CJ Stroud,HOU,BAL,5,2025,2025_05_HOU_BAL,QB,475,4,39,61,0,0,0,0,0,0,0,255.0,303.0,5
qb_hou,CJ Stroud,HOU,SEA,7,2025,2025_07_HOU_SEA,QB,161,2,11,17,0,0,0,0,0,0,0,239.33333333333334,316.6666666666667,6
qb_hou,CJ Stroud,HOU,SF,8,2025,2025_08_SF_HOU,QB,319,1,27,43,0,0,0,0,0,0,0,250.71428571428572,318.3333333333333,7
qb_hou,CJ Stroud,HOU,DEN,9,2025,2025_09_DEN_HOU,QB,179,1,14,23,0,0,0,0,0,0,0,241.75,219.66666666666666,8
qb_ind,Anthony Richardson,IND,MIA,1,2025,2025_01_MIA_IND,QB,367,3,31,48,0,0,0,0,0,0,0,367.0,367.0,1
qb_ind,Anthony Richardson,IND,DEN,2,2025,2025_02_DEN_IND,QB,325,2,25,39,0,0,0,0,0,0,0,346.0,346.0,2
qb_ind,Anthony Richardson,IND,TEN,3,2025,2025_03_IND_TEN,QB,428,1,36,56,0,0,0,0,0,0,0,373.3333333333333,373.3333333333333,3
qb_ind,Anthony Richardson,IND,LA,4,2025,2025_04_IND_LA,QB,195,1,20,31,0,0,0,0,0,0,0,328.75,316.0,4
qb_ind,Anthony Richardson,IND,LV,5,2025,2025_05_LV_IND,QB,435,3,38,59,0,0,0,0,0,0,0,350.0,352.6666666666667,5
qb_ind,Anthony Richardson,IND,ARI,6,2025,2025_06_ARI_IND,QB,356,2,31,48,0,0,0,0,0,0,0,351.0,328.6666666666667,6
qb_ind,Anthony Richardson,IND,LAC,7,2025,2025_07_IND_LAC,QB,418,4,34,53,0,0,0,0,0,0,0,360.57142857142856,403.0,7
qb_ind,Anthony Richardson,IND,TEN,8,2025,2025_08_TEN_IND,QB,426,3,34,53,0,0,0,0,0,0,0,368.75,400.0,8
qb_ind,Anthony Richardson,IND,PIT,9,2025,2025_09_IND_PIT,QB,243,2,22,34,0,0,0,0,0,0,0,354.77777777777777,362.3333333333333,9
qb_jax,Trevor Lawrence,JAX,CAR,1,2025,2025_01_CAR_JAX,QB,248,2,20,32,0,0,0,0,0,0,0,248.0,248.0,1
qb_jax,Trevor Lawrence,JAX,CIN,2,2025,2025_02_JAX_CIN,QB,322,2,27,42,0,0,0,0,0,0,0,285.0,285.0,2
qb_jax,Trevor Lawrence,JAX,HOU,3,2025,2025_03_HOU_JAX,QB,166,2,13,21,0,0,0,0,0,0,0,245.33333333333334,245.33333333333334,3
qb_jax,Trevor Lawrence,JAX,SF,4,2025,2025_04_JAX_SF,QB,294,2,23,36,0,0,0,0,0,0,0,257.5,260.6666666666667,4
qb_jax,Trevor Lawrence,JAX,KC,5,2025,2025_05_KC_JAX,QB,363,4,33,51,0,0,0,0,0,0,0,278.6,274.3333333333333,5
qb_jax,Trevor Lawrence,JAX,SEA,6,2025,2025_06_SEA_JAX,QB,120,1,11,17,0,0,0,0,0,0,0,252.16666666666666,259.0,6
qb_jax,Trevor Lawrence,JAX,LA,7,2025,2025_07_LA_JAX,QB,120,0,12,19,0,0,0,0,0,0,0,233.28571428571428,201.0,7
qb_jax,Trevor Lawrence,JAX,LV,9,2025,2025_09_JAX_LV,QB,317,2,21,33,0,0,0,0,0,0,0,243.75,185.66666666666666,8
qb_kc,Patrick Mahomes,KC,LAC,1,2025,2025_01_KC_LAC,QB,201,2,16,26,0,0,0,0,0,0,0,201.0,201.0,1
qb_kc,Patrick Mahomes,KC,PHI,2,2025,2025_02_PHI_KC,QB,192,1,18,29,0,0,0,0,0,0,0,196.5,196.5,2
qb_kc,Patrick Mahomes,KC,NYG,3,2025,2025_03_KC_NYG,QB,195,1,16,26,0,0,0,0,0,0,0,196.0,196.0,3
qb_kc,Patrick Mahomes,KC,BAL,4,2025,2025_04_BAL_KC,QB,431,3,34,53,0,0,0,0,0,0,0,254.75,272.6666666666667,4
qb_kc,Patrick Mahomes,KC,JAX,5,2025,2025_05_KC_JAX,QB,288,3,26,41,0,0,0,0,0,0,0,261.4,304.6666666666667,5
qb_kc,Patrick Mahomes,KC,DET,6,2025,2025_06_DET_KC,QB,336,3,29,46,0,0,0,0,0,0,0,273.8333333333333,351.6666666666667,6
qb_kc,Patrick Mahomes,KC,LV,7,2025,2025_07_LV_KC,QB,312,2,25,39,0,0,0,0,0,0,0,279.2857142857143,312.0,7
qb_kc,Patrick Mahomes,KC,WAS,8,2025,2025_08_WAS_KC,QB,273,2,23,36,0,0,0,0,0,0,0,278.5,307.0,8
qb_kc,Patrick Mahomes,KC,BUF,9,2025,2025_09_KC_BUF,QB,234,2,19,30,0,0,0,0,0,0,0,273.55555555555554,273.0,9
qb_la,Matthew Stafford,LA,HOU,1,2025,2025_01_HOU_LA,QB,120,1,8,13,0,0,0,0,0,0,0,120.0,120.0,1
qb_la,Matthew Stafford,LA,TEN,2,2025,2025_02_LA_TEN,QB,316,2,27,43,0,0,0,0,0,0,0,218.0,218.0,2
qb_la,Matthew Stafford,LA,PHI,3,2025,2025_03_LA_PHI,QB,244,2,20,31,0,0,0,0,0,0,0,226.66666666666666,226.66666666666666,3
qb_la,Matthew Stafford,LA,IND,4,2025,2025_04_IND_LA,QB,309,2,26,40,0,0,0,0,0,0,0,247.25,289.6666666666667,4
qb_la,Matthew Stafford,LA,SF,5,2025,2025_05_SF_LA,QB,278,2,23,36,0,0,0,0,0,0,0,253.4,277.0,5
qb_la,Matthew Stafford,LA,BAL,6,2025,2025_06_LA_BAL,QB,164,1,13,20,0,0,0,0,0,0,0,238.5,250.33333333333334,6
qb_la,Matthew Stafford,LA,JAX,7,2025,2025_07_LA_JAX,QB,434,3,35,55,0,0,0,0,0,0,0,266.42857142857144,292.0,7
qb_la,Matthew Stafford,LA,NO,9,2025,2025_09_NO_LA,QB,424,3,34,53,0,0,0,0,0,0,0,286.125,340.6666666666667,8
qb_lac,Justin Herbert,LAC,KC,1,2025,2025_01_KC_LAC,QB,326,3,29,45,0,0,0,0,0,0,0,326.0,326.0,1
qb_lac,Justin Herbert,LAC,LV,2,2025,2025_02_LAC_LV,QB,163,0,14,22,0,0,0,0,0,0,0,244.5,244.5,2
qb_lac,Justin Herbert,LAC,DEN,3,2025,2025_03_DEN_LAC,QB,286,2,23,36,0,0,0,0,0,0,0,258.3333333333333,258.3333333333333,3
qb_lac,Justin Herbert,LAC,NYG,4,2025,2025_04_LAC_NYG,QB,252,0,20,31,0,0,0,0,0,0,0,256.75,233.66666666666666,4
qb_lac,Justin Herbert,LAC,WAS,5,2025,2025_05_WAS_LAC,QB,135,0,9,14,0,0,0,0,0,0,0,232.4,224.33333333333334,5
qb_lac,Justin Herbert,LAC,MIA,6,2025,2025_06_LAC_MIA,QB,309,2,27,42,0,0,0,0,0,0,0,245.16666666666666,232.0,6
qb_lac,Justin Herbert,LAC,IND,7,2025,2025_07_IND_LAC,QB,279,2,26,41,0,0,0,0,0,0,0,250.0,241.0,7
qb_lac,Justin Herbert,LAC,MIN,8,2025,2025_08_MIN_LAC,QB,392,2,35,55,0,0,0,0,0,0,0,267.75,326.6666666666667,8
qb_lac,Justin Herbert,LAC,TEN,9,2025,2025_09_LAC_TEN,QB,221,2,20,31,0,0,0,0,0,0,0,262.55555555555554,297.3333333333333,9
qb_lv,Gardner Minshew,LV,NE,1,2025,2025_01_LV_NE,QB,254,2,21,33,0,0,0,0,0,0,0,254.0,254.0,1
qb_lv,Gardner Minshew,LV,LAC,2,2025,2025_02_LAC_LV,QB,124,1,12,19,0,0,0,0,0,0,0,189.0,189.0,2
qb_lv,Gardner Minshew,LV,WAS,3,2025,2025_03_LV_WAS,QB,250,3,18,28,0,0,0,0,0,0,0,209.33333333333334,209.33333333333334,3
qb_lv,Gardner Minshew,LV,CHI,4,2025,2025_04_CHI_LV,QB,230,2,16,26,0,0,0,0,0,0,0,214.5,201.33333333333334,4
qb_lv,Gardner Minshew,LV,IND,5,2025,2025_05_LV_IND,QB,120,0,9,15,0,0,0,0,0,0,0,195.6,200.0,5
qb_lv,Gardner Minshew,LV,TEN,6,2025,2025_06_TEN_LV,QB,213,2,15,24,0,0,0,0,0,0,0,198.5,187.66666666666666,6
qb_lv,Gardner Minshew,LV,KC,7,2025,2025_07_LV_KC,QB,120,0,8,13,0,0,0,0,0,0,0,187.28571428571428,151.0,7
qb_lv,Gardner Minshew,LV,JAX,9,2025,2025_09_JAX_LV,QB,339,2,29,45,0,0,0,0,0,0,0,206.25,224.0,8
qb_mia,Tua Tagovailoa,MIA,IND,1,2025,2025_01_MIA_IND,QB,120,0,9,14,0,0,0,0,0,0,0,120.0,120.0,1
qb_mia,Tua Tagovailoa,MIA,NE,2,2025,2025_02_NE_MIA,QB,283,2,25,39,0,0,0,0,0,0,0,201.5,201.5,2
qb_mia,Tua Tagovailoa,MIA,BUF,3,2025,2025_03_MIA_BUF,QB,183,2,16,25,0,0,0,0,0,0,0,195.33333333333334,195.33333333333334,3
qb_mia,Tua Tagovailoa,MIA,NYJ,4,2025,2025_04_NYJ_MIA,QB,289,2,27,43,0,0,0,0,0,0,0,218.75,251.66666666666666,4
qb_mia,Tua Tagovailoa,MIA,CAR,5,2025,2025_05_MIA_CAR,QB,330,2,29,45,0,0,0,0,0,0,0,241.0,267.3333333333333,5
qb_mia,Tua Tagovailoa,MIA,LAC,6,2025,2025_06_LAC_MIA,QB,338,2,29,45,0,0,0,0,0,0,0,257.1666666666667,319.0,6
qb_mia,Tua Tagovailoa,MIA,CLE,7,2025,2025_07_MIA_CLE,QB,120,0,10,16,0,0,0,0,0,0,0,237.57142857142858,262.6666666666667,7
qb_mia,Tua Tagovailoa,MIA,ATL,8,2025,2025_08_MIA_ATL,QB,381,3,35,54,0,0,0,0,0,0,0,255.5,279.6666666666667,8
qb_mia,Tua Tagovailoa,MIA,BAL,9,2025,2025_09_BAL_MIA,QB,120,0,11,18,0,0,0,0,0,0,0,240.44444444444446,207.0,9
qb_min,Sam Darnold,MIN,CHI,1,2025,2025_01_MIN_CHI,QB,317,2,30,47,0,0,0,0,0,0,0,317.0,317.0,1
qb_min,Sam Darnold,MIN,ATL,2,2025,2025_02_ATL_MIN,QB,120,0,13,20,0,0,0,0,0,0,0,218.5,218.5,2
qb_min,Sam Darnold,MIN,CIN,3,2025,2025_03_CIN_MIN,QB,535,4,45,70,0,0,0,0,0,0,0,324.0,324.0,3
qb_min,Sam Darnold,MIN,PIT,4,2025,2025_04_MIN_PIT,QB,247,1,22,35,0,0,0,0,0,0,0,304.75,300.6666666666667,4
qb_min,Sam Darnold,MIN,CLE,5,2025,2025_05_MIN_CLE,QB,233,1,19,30,0,0,0,0,0,0,0,290.4,338.3333333333333,5
qb_min,Sam Darnold,MIN,PHI,7,2025,2025_07_PHI_MIN,QB,253,1,22,34,0,0,0,0,0,0,0,284.1666666666667,244.33333333333334,6
qb_min,Sam Darnold,MIN,LAC,8,2025,2025_08_MIN_LAC,QB,125,1,14,22,0,0,0,0,0,0,0,261.42857142857144,203.66666666666666,7
qb_min,Sam Darnold,MIN,DET,9,2025,2025_09_MIN_DET,QB,303,2,24,38,0,0,0,0,0,0,0,266.625,227.0,8
qb_ne,Drake Maye,NE,LV,1,2025,2025_01_LV_NE,QB,140,1,12,19,0,0,0,0,0,0,0,140.0,140.0,1
qb_ne,Drake Maye,NE,MIA,2,2025,2025_02_NE_MIA,QB,389,4,33,51,0,0,0,0,0,0,0,264.5,264.5,2
qb_ne,Drake Maye,NE,PIT,3,2025,2025_03_PIT_NE,QB,213,1,16,26,0,0,0,0,0,0,0,247.33333333333334,247.33333333333334,3
qb_ne,Drake Maye,NE,CAR,4,2025,2025_04_CAR_NE,QB,464,4,39,61,0,0,0,0,0,0,0,301.5,355.3333333333333,4
qb_ne,Drake Maye,NE,BUF,5,2025,2025_05_NE_BUF,QB,233,1,20,31,0,0,0,0,0,0,0,287.8,303.3333333333333,5
qb_ne,Drake Maye,NE,NO,6,2025,2025_06_NE_NO,QB,253,2,19,30,0,0,0,0,0,0,0,282.0,316.6666666666667,6
qb_ne,Drake Maye,NE,TEN,7,2025,2025_07_NE_TEN,QB,319,3,26,41,0,0,0,0,0,0,0,287.2857142857143,268.3333333333333,7
qb_ne,Drake Maye,NE,CLE,8,2025,2025_08_CLE_NE,QB,352,3,27,43,0,0,0,0,0,0,0,295.375,308.0,8
qb_ne,Drake Maye,NE,ATL,9,2025,2025_09_ATL_NE,QB,286,3,25,39,0,0,0,0,0,0,0,294.3333333333333,319.0,9
qb_no,Derek Carr,NO,ARI,1,2025,2025_01_ARI_NO,QB,148,1,14,23,0,0,0,0,0,0,0,148.0,148.0,1
qb_no,Derek Carr,NO,SF,2,2025,2025_02_SF_NO,QB,171,2,14,23,0,0,0,0,0,0,0,159.5,159.5,2
qb_no,Derek Carr,NO,SEA,3,2025,2025_03_NO_SEA,QB,157,2,11,17,0,0,0,0,0,0,0,158.66666666666666,158.66666666666666,3
qb_no,Derek Carr,NO,BUF,4,2025,2025_04_NO_BUF,QB,201,1,18,28,0,0,0,0,0,0,0,169.25,176.33333333333334,4
qb_no,Derek Carr,NO,NYG,5,2025,2025_05_NYG_NO,QB,255,2,24,38,0,0,0,0,0,0,0,186.4,204.33333333333334,5
qb_no,Derek Carr,NO,NE,6,2025,2025_06_NE_NO,QB,238,1,21,33,0,0,0,0,0,0,0,195.0,231.33333333333334,6
qb_no,Derek Carr,NO,CHI,7,2025,2025_07_NO_CHI,QB,120,0,11,17,0,0,0,0,0,0,0,184.28571428571428,204.33333333333334,7
qb_no,Derek Carr,NO,TB,8,2025,2025_08_TB_NO,QB,120,0,9,14,0,0,0,0,0,0,0,176.25,159.33333333333334,8
qb_no,Derek Carr,NO,LA,9,2025,2025_09_NO_LA,QB,120,0,9,15,0,0,0,0,0,0,0,170.0,120.0,9
qb_nyg,Daniel Jones,NYG,WAS,1,2025,2025_01_NYG_WAS,QB,120,0,7,12,0,0,0,0,0,0,0,120.0,120.0,1
qb_nyg,Daniel Jones,NYG,DAL,2,2025,2025_02_NYG_DAL,QB,436,3,36,56,0,0,0,0,0,0,0,278.0,278.0,2
qb_nyg,Daniel Jones,NYG,KC,3,2025,2025_03_KC_NYG,QB,126,0,8,13,0,0,0,0,0,0,0,227.33333333333334,227.33333333333334,3
qb_nyg,Daniel Jones,NYG,LAC,4,2025,2025_04_LAC_NYG,QB,184,1,16,25,0,0,0,0,0,0,0,216.5,248.66666666666666,4
qb_nyg,Daniel Jones,NYG,NO,5,2025,2025_05_NYG_NO,QB,123,1,8,13,0,0,0,0,0,0,0,197.8,144.33333333333334,5
qb_nyg,Daniel Jones,NYG,PHI,6,2025,2025_06_PHI_NYG,QB,350,3,29,45,0,0,0,0,0,0,0,223.16666666666666,219.0,6
qb_nyg,Daniel Jones,NYG,DEN,7,2025,2025_07_NYG_DEN,QB,383,4,29,46,0,0,0,0,0,0,0,246.0,285.3333333333333,7
qb_nyg,Daniel Jones,NYG,PHI,8,2025,2025_08_NYG_PHI,QB,241,2,20,31,0,0,0,0,0,0,0,245.375,324.6666666666667,8
qb_nyg,Daniel Jones,NYG,SF,9,2025,2025_09_SF_NYG,QB,237,1,17,27,0,0,0,0,0,0,0,244.44444444444446,287.0,9
qb_nyj,Aaron Rodgers,NYJ,PIT,1,2025,2025_01_PIT_NYJ,QB,346,2,31,48,0,0,0,0,0,0,0,346.0,346.0,1
qb_nyj,Aaron Rodgers,NYJ,BUF,2,2025,2025_02_BUF_NYJ,QB,152,0,13,20,0,0,0,0,0,0,0,249.0,249.0,2
qb_nyj,Aaron Rodgers,NYJ,TB,3,2025,2025_03_NYJ_TB,QB,269,2,22,35,0,0,0,0,0,0,0,255.66666666666666,255.66666666666666,3
qb_nyj,Aaron Rodgers,NYJ,MIA,4,2025,2025_04_NYJ_MIA,QB,209,2,20,32,0,0,0,0,0,0,0,244.0,210.0,4
qb_nyj,Aaron Rodgers,NYJ,DAL,5,2025,2025_05_DAL_NYJ,QB,231,2,19,30,0,0,0,0,0,0,0,241.4,236.33333333333334,5
qb_nyj,Aaron Rodgers,NYJ,DEN,6,2025,2025_06_DEN_NYJ,QB,130,0,5,8,0,0,0,0,0,0,0,222.83333333333334,190.0,6
qb_nyj,Aaron Rodgers,NYJ,CAR,7,2025,2025_07_CAR_NYJ,QB,120,0,9,14,0,0,0,0,0,0,0,208.14285714285714,160.33333333333334,7
qb_nyj,Aaron Rodgers,NYJ,CIN,8,2025,2025_08_NYJ_CIN,QB,428,4,37,57,0,0,0,0,0,0,0,235.625,226.0,8
qb_phi,Jalen Hurts,PHI,DAL,1,2025,2025_01_DAL_PHI,QB,294,2,29,45,0,0,0,0,0,0,0,294.0,294.0,1
qb_phi,Jalen Hurts,PHI,KC,2,2025,2025_02_PHI_KC,QB,213,1,18,28,0,0,0,0,0,0,0,253.5,253.5,2
qb_phi,Jalen Hurts,PHI,LA,3,2025,2025_03_LA_PHI,QB,362,4,29,45,0,0,0,0,0,0,0,289.6666666666667,289.6666666666667,3
qb_phi,Jalen Hurts,PHI,TB,4,2025,2025_04_PHI_TB,QB,359,3,29,45,0,0,0,0,0,0,0,307.0,311.3333333333333,4
qb_phi,Jalen Hurts,PHI,DEN,5,2025,2025_05_DEN_PHI,QB,232,2,19,30,0,0,0,0,0,0,0,292.0,317.6666666666667,5
qb_phi,Jalen Hurts,PHI,NYG,6,2025,2025_06_PHI_NYG,QB,154,0,13,21,0,0,0,0,0,0,0,269.0,248.33333333333334,6
qb_phi,Jalen Hurts,PHI,MIN,7,2025,2025_07_PHI_MIN,QB,329,2,28,44,0,0,0,0,0,0,0,277.57142857142856,238.33333333333334,7
qb_phi,Jalen Hurts,PHI,NYG,8,2025,2025_08_NYG_PHI,QB,437,2,38,59,0,0,0,0,0,0,0,297.5,306.6666666666667,8
qb_pit,Russell Wilson,PIT,NYJ,1,2025,2025_01_PIT_NYJ,QB,323,4,29,45,0,0,0,0,0,0,0,323.0,323.0,1
qb_pit,Russell Wilson,PIT,SEA,2,2025,2025_02_SEA_PIT,QB,196,1,17,27,0,0,0,0,0,0,0,259.5,259.5,2
qb_pit,Russell Wilson,PIT,NE,3,2025,2025_03_PIT_NE,QB,258,1,22,34,0,0,0,0,0,0,0,259.0,259.0,3
qb_pit,Russell Wilson,PIT,MIN,4,2025,2025_04_MIN_PIT,QB,302,2,24,37,0,0,0,0,0,0,0,269.75,252.0,4
qb_pit,Russell Wilson,PIT,CLE,6,2025,2025_06_CLE_PIT,QB,241,2,24,37,0,0,0,0,0,0,0,264.0,267.0,5
qb_pit,Russell Wilson,PIT,CIN,7,2025,2025_07_PIT_CIN,QB,345,3,28,44,0,0,0,0,0,0,0,277.5,296.0,6
qb_pit,Russell Wilson,PIT,GB,8,2025,2025_08_GB_PIT,QB,274,1,25,39,0,0,0,0,0,0,0,277.0,286.6666666666667,7
qb_pit,Russell Wilson,PIT,IND,9,2025,2025_09_IND_PIT,QB,308,2,27,43,0,0,0,0,0,0,0,280.875,309.0,8
qb_sea,Geno Smith,SEA,SF,1,2025,2025_01_SF_SEA,QB,120,1,10,16,0,0,0,0,0,0,0,120.0,120.0,1
qb_sea,Geno Smith,SEA,PIT,2,2025,2025_02_SEA_PIT,QB,301,3,26,41,0,0,0,0,0,0,0,210.5,210.5,2
qb_sea,Geno Smith,SEA,NO,3,2025,2025_03_NO_SEA,QB,446,4,39,61,0,0,0,0,0,0,0,289.0,289.0,3
qb_sea,Geno Smith,SEA,ARI,4,2025,2025_04_SEA_ARI,QB,268,2,22,34,0,0,0,0,0,0,0,283.75,338.3333333333333,4
qb_sea,Geno Smith,SEA,TB,5,2025,2025_05_TB_SEA,QB,367,3,30,47,0,0,0,0,0,0,0,300.4,360.3333333333333,5
qb_sea,Geno Smith,SEA,JAX,6,2025,2025_06_SEA_JAX,QB,229,1,17,27,0,0,0,0,0,0,0,288.5,288.0,6
qb_sea,Geno Smith,SEA,HOU,7,2025,2025_07_HOU_SEA,QB,326,3,28,44,0,0,0,0,0,0,0,293.85714285714283,307.3333333333333,7
qb_sea,Geno Smith,SEA,WAS,9,2025,2025_09_SEA_WAS,QB,391,3,34,53,0,0,0,0,0,0,0,306.0,315.3333333333333,8
qb_sf,Brock Purdy,SF,SEA,1,2025,2025_01_SF_SEA,QB,212,2,19,30,0,0,0,0,0,0,0,212.0,212.0,1
qb_sf,Brock Purdy,SF,NO,2,2025,2025_02_SF_NO,QB,280,2,23,36,0,0,0,0,0,0,0,246.0,246.0,2
qb_sf,Brock Purdy,SF,ARI,3,2025,2025_03_ARI_SF,QB,204,0,18,28,0,0,0,0,0,0,0,232.0,232.0,3
qb_sf,Brock Purdy,SF,JAX,4,2025,2025_04_JAX_SF,QB,201,1,15,24,0,0,0,0,0,0,0,224.25,228.33333333333334,4
qb_sf,Brock Purdy,SF,LA,5,2025,2025_05_SF_LA,QB,305,2,24,38,0,0,0,0,0,0,0,240.4,236.66666666666666,5
qb_sf,Brock Purdy,SF,TB,6,2025,2025_06_SF_TB,QB,211,1,16,26,0,0,0,0,0,0,0,235.5,239.0,6
qb_sf,Brock Purdy,SF,ATL,7,2025,2025_07_ATL_SF,QB,215,1,16,25,0,0,0,0,0,0,0,232.57142857142858,243.66666666666666,7
qb_sf,Brock Purdy,SF,HOU,8,2025,2025_08_SF_HOU,QB,185,1,16,25,0,0,0,0,0,0,0,226.625,203.66666666666666,8
qb_sf,Brock Purdy,SF,NYG,9,2025,2025_09_SF_NYG,QB,378,3,34,53,0,0,0,0,0,0,0,243.44444444444446,259.3333333333333,9
qb_tb,Baker Mayfield,TB,ATL,1,2025,2025_01_TB_ATL,QB,261,2,21,33,0,0,0,0,0,0,0,261.0,261.0,1
qb_tb,Baker Mayfield,TB,HOU,2,2025,2025_02_TB_HOU,QB,207,1,18,29,0,0,0,0,0,0,0,234.0,234.0,2
qb_tb,Baker Mayfield,TB,NYJ,3,2025,2025_03_NYJ_TB,QB,300,2,24,38,0,0,0,0,0,0,0,256.0,256.0,3
qb_tb,Baker Mayfield,TB,PHI,4,2025,2025_04_PHI_TB,QB,270,2,22,34,0,0,0,0,0,0,0,259.5,259.0,4
qb_tb,Baker Mayfield,TB,SEA,5,2025,2025_05_TB_SEA,QB,373,3,30,47,0,0,0,0,0,0,0,282.2,314.3333333333333,5
qb_tb,Baker Mayfield,TB,SF,6,2025,2025_06_SF_TB,QB,319,1,31,48,0,0,0,0,0,0,0,288.3333333333333,320.6666666666667,6
qb_tb,Baker Mayfield,TB,DET,7,2025,2025_07_TB_DET,QB,120,0,14,22,0,0,0,0,0,0,0,264.2857142857143,270.6666666666667,7
qb_tb,Baker Mayfield,TB,NO,8,2025,2025_08_TB_NO,QB,232,2,17,27,0,0,0,0,0,0,0,260.25,223.66666666666666,8
qb_ten,Will Levis,TEN,DEN,1,2025,2025_01_TEN_DEN,QB,142,1,8,13,0,0,0,0,0,0,0,142.0,142.0,1
qb_ten,Will Levis,TEN,LA,2,2025,2025_02_LA_TEN,QB,235,1,17,27,0,0,0,0,0,0,0,188.5,188.5,2
qb_ten,Will Levis,TEN,IND,3,2025,2025_03_IND_TEN,QB,167,1,14,23,0,0,0,0,0,0,0,181.33333333333334,181.33333333333334,3
qb_ten,Will Levis,TEN,HOU,4,2025,2025_04_TEN_HOU,QB,120,0,13,20,0,0,0,0,0,0,0,166.0,174.0,4
qb_ten,Will Levis,TEN,ARI,5,2025,2025_05_TEN_ARI,QB,181,2,13,20,0,0,0,0,0,0,0,169.0,156.0,5
qb_ten,Will Levis,TEN,LV,6,2025,2025_06_TEN_LV,QB,124,0,10,16,0,0,0,0,0,0,0,161.5,141.66666666666666,6
qb_ten,Will Levis,TEN,NE,7,2025,2025_07_NE_TEN,QB,134,1,9,15,0,0,0,0,0,0,0,157.57142857142858,146.33333333333334,7
qb_ten,Will Levis,TEN,IND,8,2025,2025_08_TEN_IND,QB,204,1,16,26,0,0,0,0,0,0,0,163.375,154.0,8
qb_ten,Will Levis,TEN,LAC,9,2025,2025_09_LAC_TEN,QB,262,2,22,35,0,0,0,0,0,0,0,174.33333333333334,200.0,9
qb_was,Jayden Daniels,WAS,NYG,1,2025,2025_01_NYG_WAS,QB,237,2,20,32,0,0,0,0,0,0,0,237.0,237.0,1
qb_was,Jayden Daniels,WAS,GB,2,2025,2025_02_WAS_GB,QB,208,2,19,30,0,0,0,0,0,0,0,222.5,222.5,2
qb_was,Jayden Daniels,WAS,LV,3,2025,2025_03_LV_WAS,QB,439,4,40,62,0,0,0,0,0,0,0,294.6666666666667,294.6666666666667,3
qb_was,Jayden Daniels,WAS,ATL,4,2025,2025_04_WAS_ATL,QB,330,2,26,41,0,0,0,0,0,0,0,303.5,325.6666666666667,4
qb_was,Jayden Daniels,WAS,LAC,5,2025,2025_05_WAS_LAC,QB,279,3,25,39,0,0,0,0,0,0,0,298.6,349.3333333333333,5
qb_was,Jayden Daniels,WAS,CHI,6,2025,2025_06_CHI_WAS,QB,283,2,24,37,0,0,0,0,0,0,0,296.0,297.3333333333333,6
qb_was,Jayden Daniels,WAS,DAL,7,2025,2025_07_WAS_DAL,QB,237,2,16,26,0,0,0,0,0,0,0,287.57142857142856,266.3333333333333,7
qb_was,Jayden Daniels,WAS,KC,8,2025,2025_08_WAS_KC,QB,141,0,9,15,0,0,0,0,0,0,0,269.25,220.33333333333334,8
qb_was,Jayden Daniels,WAS,SEA,9,2025,2025_09_SEA_WAS,QB,152,1,13,20,0,0,0,0,0,0,0,256.22222222222223,176.66666666666666,9
rb_ari,James Conner,ARI,NO,1,2025,2025_01_ARI_NO,RB,0,0,0,0,81,1,18,5,0,0,0,0.0,0.0,1
rb_ari,James Conner,ARI,CAR,2,2025,2025_02_CAR_ARI,RB,0,0,0,0,88,1,22,43,0,5,6,0.0,0.0,2
rb_ari,James Conner,ARI,SF,3,2025,2025_03_ARI_SF,RB,0,0,0,0,36,1,9,30,0,3,3,0.0,0.0,3
rb_ari,James Conner,ARI,SEA,4,2025,2025_04_SEA_ARI,RB,0,0,0,0,45,0,9,4,0,0,0,0.0,0.0,4
rb_ari,James Conner,ARI,TEN,5,2025,2025_05_TEN_ARI,RB,0,0,0,0,115,1,26,15,0,1,1,0.0,0.0,5
rb_ari,James Conner,ARI,IND,6,2025,2025_06_ARI_IND,RB,0,0,0,0,76,0,17,26,0,3,3,0.0,0.0,6
rb_ari,James Conner,ARI,GB,7,2025,2025_07_GB_ARI,RB,0,0,0,0,102,1,26,32,0,4,5,0.0,0.0,7
rb_ari,James Conner,ARI,DAL,9,2025,2025_09_ARI_DAL,RB,0,0,0,0,93,1,19,44,0,5,6,0.0,0.0,8
rb_atl,Bijan Robinson,ATL,TB,1,2025,2025_01_TB_ATL,RB,0,0,0,0,97,1,22,26,0,3,3,0.0,0.0,1
rb_atl,Bijan Robinson,ATL,MIN,2,2025,2025_02_ATL_MIN,RB,0,0,0,0,114,1,29,8,0,1,1,0.0,0.0,2
rb_atl,Bijan Robinson,ATL,CAR,3,2025,2025_03_ATL_CAR,RB,0,0,0,0,34,0,3,9,0,1,1,0.0,0.0,3
rb_atl,Bijan Robinson,ATL,WAS,4,2025,2025_04_WAS_ATL,RB,0,0,0,0,81,1,16,35,0,4,5,0.0,0.0,4
rb_atl,Bijan Robinson,ATL,BUF,6,2025,2025_06_BUF_ATL,RB,0,0,0,0,80,1,15,41,0,5,6,0.0,0.0,5
rb_atl,Bijan Robinson,ATL,SF,7,2025,2025_07_ATL_SF,RB,0,0,0,0,61,0,10,23,0,2,2,0.0,0.0,6
rb_atl,Bijan Robinson,ATL,MIA,8,2025,2025_08_MIA_ATL,RB,0,0,0,0,73,0,16,9,0,1,1,0.0,0.0,7
rb_atl,Bijan Robinson,ATL,NE,9,2025,2025_09_ATL_NE,RB,0,0,0,0,63,1,14,11,0,1,1,0.0,0.0,8
rb_bal,Derrick Henry,BAL,BUF,1,2025,2025_01_BAL_BUF,RB,0,0,0,0,52,2,11,34,0,4,5,0.0,0.0,1
rb_bal,Derrick Henry,BAL,CLE,2,2025,2025_02_CLE_BAL,RB,0,0,0,0,75,2,18,42,0,5,6,0.0,0.0,2
rb_bal,Derrick Henry,BAL,DET,3,2025,2025_03_DET_BAL,RB,0,0,0,0,43,2,10,28,0,3,3,0.0,0.0,3
rb_bal,Derrick Henry,BAL,KC,4,2025,2025_04_BAL_KC,RB,0,0,0,0,70,1,15,41,0,5,6,0.0,0.0,4
rb_bal,Derrick Henry,BAL,HOU,5,2025,2025_05_HOU_BAL,RB,0,0,0,0,43,0,8,28,0,3,3,0.0,0.0,5
rb_bal,Derrick Henry,BAL,LA,6,2025,2025_06_LA_BAL,RB,0,0,0,0,61,0,11,55,0,6,7,0.0,0.0,6
rb_bal,Derrick Henry,BAL,CHI,8,2025,2025_08_CHI_BAL,RB,0,0,0,0,86,1,22,46,0,5,6,0.0,0.0,7
rb_bal,Derrick Henry,BAL,MIA,9,2025,2025_09_BAL_MIA,RB,0,0,0,0,63,1,12,9,0,1,1,0.0,0.0,8
rb_buf,James Cook,BUF,BAL,1,2025,2025_01_BAL_BUF,RB,0,0,0,0,133,2,28,8,0,1,1,0.0,0.0,1
rb_buf,James Cook,BUF,NYJ,2,2025,2025_02_BUF_NYJ,RB,0,0,0,0,54,2,12,28,0,3,3,0.0,0.0,2
rb_buf,James Cook,BUF,MIA,3,2025,2025_03_MIA_BUF,RB,0,0,0,0,82,1,20,38,0,4,5,0.0,0.0,3
rb_buf,James Cook,BUF,NO,4,2025,2025_04_NO_BUF,RB,0,0,0,0,83,2,21,23,0,2,2,0.0,0.0,4
rb_buf,James Cook,BUF,NE,5,2025,2025_05_NE_BUF,RB,0,0,0,0,63,1,13,21,0,2,2,0.0,0.0,5
rb_buf,James Cook,BUF,ATL,6,2025,2025_06_BUF_ATL,RB,0,0,0,0,79,0,18,47,0,5,6,0.0,0.0,6
rb_buf,James Cook,BUF,CAR,8,2025,2025_08_BUF_CAR,RB,0,0,0,0,74,2,17,35,0,4,5,0.0,0.0,7
rb_buf,James Cook,BUF,KC,9,2025,2025_09_KC_BUF,RB,0,0,0,0,109,2,25,63,0,7,9,0.0,0.0,8
rb_car,Chuba Hubbard,CAR,JAX,1,2025,2025_01_CAR_JAX,RB,0,0,0,0,43,0,9,26,0,3,3,0.0,0.0,1
rb_car,Chuba Hubbard,CAR,ARI,2,2025,2025_02_CAR_ARI,RB,0,0,0,0,46,1,8,49,0,6,7,0.0,0.0,2
rb_car,Chuba Hubbard,CAR,ATL,3,2025,2025_03_ATL_CAR,RB,0,0,0,0,115,1,26,30,0,3,3,0.0,0.0,3
rb_car,Chuba Hubbard,CAR,NE,4,2025,2025_04_CAR_NE,RB,0,0,0,0,67,0,15,20,0,2,2,0.0,0.0,4
rb_car,Chuba Hubbard,CAR,MIA,5,2025,2025_05_MIA_CAR,RB,0,0,0,0,52,2,12,28,0,3,3,0.0,0.0,5
rb_car,Chuba Hubbard,CAR,DAL,6,2025,2025_06_DAL_CAR,RB,0,0,0,0,62,2,14,42,0,5,6,0.0,0.0,6
rb_car,Chuba Hubbard,CAR,NYJ,7,2025,2025_07_CAR_NYJ,RB,0,0,0,0,50,1,9,15,0,1,1,0.0,0.0,7
rb_car,Chuba Hubbard,CAR,BUF,8,2025,2025_08_BUF_CAR,RB,0,0,0,0,46,1,9,53,0,6,7,0.0,0.0,8
rb_car,Chuba Hubbard,CAR,GB,9,2025,2025_09_CAR_GB,RB,0,0,0,0,54,1,9,21,0,2,2,0.0,0.0,9
rb_chi,D'Andre Swift,CHI,MIN,1,2025,2025_01_MIN_CHI,RB,0,0,0,0,74,1,17,48,0,6,7,0.0,0.0,1
rb_chi,D'Andre Swift,CHI,DET,2,2025,2025_02_CHI_DET,RB,0,0,0,0,57,1,11,46,0,5,6,0.0,0.0,2
rb_chi,D'Andre Swift,CHI,DAL,3,2025,2025_03_DAL_CHI,RB,0,0,0,0,71,1,15,7,0,0,0,0.0,0.0,3
rb_chi,D'Andre Swift,CHI,LV,4,2025,2025_04_CHI_LV,RB,0,0,0,0,84,1,21,32,0,4,5,0.0,0.0,4
rb_chi,D'Andre Swift,CHI,WAS,6,2025,2025_06_CHI_WAS,RB,0,0,0,0,98,1,18,41,0,5,6,0.0,0.0,5
rb_chi,D'Andre Swift,CHI,NO,7,2025,2025_07_NO_CHI,RB,0,0,0,0,87,2,19,42,0,5,6,0.0,0.0,6
rb_chi,D'Andre Swift,CHI,BAL,8,2025,2025_08_CHI_BAL,RB,0,0,0,0,77,0,17,38,0,4,5,0.0,0.0,7
rb_chi,D'Andre Swift,CHI,CIN,9,2025,2025_09_CHI_CIN,RB,0,0,0,0,99,3,20,10,0,1,1,0.0,0.0,8
rb_cin,CIN RB,CIN,CLE,1,2025,2025_01_CIN_CLE,RB,0,0,0,0,39,0,9,28,0,3,3,0.0,0.0,1
rb_cin,CIN RB,CIN,JAX,2,2025,2025_02_JAX_CIN,RB,0,0,0,0,47,2,8,31,0,3,3,0.0,0.0,2
rb_cin,CIN RB,CIN,MIN,3,2025,2025_03_CIN_MIN,RB,0,0,0,0,24,0,4,33,0,4,5,0.0,0.0,3
rb_cin,CIN RB,CIN,DEN,4,2025,2025_04_CIN_DEN,RB,0,0,0,0,96,0,24,44,0,5,6,0.0,0.0,4
rb_cin,CIN RB,CIN,DET,5,2025,2025_05_DET_CIN,RB,0,0,0,0,46,1,13,56,0,7,9,0.0,0.0,5
rb_cin,CIN RB,CIN,GB,6,2025,2025_06_CIN_GB,RB,0,0,0,0,46,1,12,39,0,4,5,0.0,0.0,6
rb_cin,CIN RB,CIN,PIT,7,2025,2025_07_PIT_CIN,RB,0,0,0,0,59,2,13,43,0,5,6,0.0,0.0,7
rb_cin,CIN RB,CIN,NYJ,8,2025,2025_08_NYJ_CIN,RB,0,0,0,0,61,2,15,48,0,6,7,0.0,0.0,8
rb_cin,CIN RB,CIN,CHI,9,2025,2025_09_CHI_CIN,RB,0,0,0,0,83,2,19,22,0,2,2,0.0,0.0,9
rb_cle,Nick Chubb,CLE,CIN,1,2025,2025_01_CIN_CLE,RB,0,0,0,0,95,1,20,15,0,1,1,0.0,0.0,1
rb_cle,Nick Chubb,CLE,BAL,2,2025,2025_02_CLE_BAL,RB,0,0,0,0,38,0,13,17,0,2,2,0.0,0.0,2
rb_cle,Nick Chubb,CLE,GB,3,2025,2025_03_GB_CLE,RB,0,0,0,0,41,0,10,25,0,3,3,0.0,0.0,3
rb_cle,Nick Chubb,CLE,DET,4,2025,2025_04_CLE_DET,RB,0,0,0,0,57,0,9,30,0,3,3,0.0,0.0,4
rb_cle,Nick Chubb,CLE,MIN,5,2025,2025_05_MIN_CLE,RB,0,0,0,0,80,1,20,19,0,2,2,0.0,0.0,5
rb_cle,Nick Chubb,CLE,PIT,6,2025,2025_06_CLE_PIT,RB,0,0,0,0,65,0,14,35,0,4,5,0.0,0.0,6
rb_cle,Nick Chubb,CLE,MIA,7,2025,2025_07_MIA_CLE,RB,0,0,0,0,46,2,9,26,0,3,3,0.0,0.0,7
rb_cle,Nick Chubb,CLE,NE,8,2025,2025_08_CLE_NE,RB,0,0,0,0,40,0,9,46,0,5,6,0.0,0.0,8
rb_dal,Tony Pollard,DAL,PHI,1,2025,2025_01_DAL_PHI,RB,0,0,0,0,95,1,20,34,0,4,5,0.0,0.0,1
rb_dal,Tony Pollard,DAL,NYG,2,2025,2025_02_NYG_DAL,RB,0,0,0,0,62,3,15,15,0,1,1,0.0,0.0,2
rb_dal,Tony Pollard,DAL,CHI,3,2025,2025_03_DAL_CHI,RB,0,0,0,0,63,0,15,20,0,2,2,0.0,0.0,3
rb_dal,Tony Pollard,DAL,GB,4,2025,2025_04_GB_DAL,RB,0,0,0,0,43,2,9,22,0,2,2,0.0,0.0,4
rb_dal,Tony Pollard,DAL,NYJ,5,2025,2025_05_DAL_NYJ,RB,0,0,0,0,77,3,15,46,0,5,6,0.0,0.0,5
rb_dal,Tony Pollard,DAL,CAR,6,2025,2025_06_DAL_CAR,RB,0,0,0,0,62,2,16,43,0,5,6,0.0,0.0,6
rb_dal,Tony Pollard,DAL,WAS,7,2025,2025_07_WAS_DAL,RB,0,0,0,0,93,2,21,43,0,5,6,0.0,0.0,7
rb_dal,Tony Pollard,DAL,DEN,8,2025,2025_08_DAL_DEN,RB,0,0,0,0,49,1,12,13,0,1,1,0.0,0.0,8
rb_dal,Tony Pollard,DAL,ARI,9,2025,2025_09_ARI_DAL,RB,0,0,0,0,50,1,11,39,0,4,5,0.0,0.0,9
rb_den,Javonte Williams,DEN,TEN,1,2025,2025_01_TEN_DEN,RB,0,0,0,0,34,1,8,11,0,1,1,0.0,0.0,1
rb_den,Javonte Williams,DEN,IND,2,2025,2025_02_DEN_IND,RB,0,0,0,0,84,2,21,36,0,4,5,0.0,0.0,2
rb_den,Javonte Williams,DEN,LAC,3,2025,2025_03_DEN_LAC,RB,0,0,0,0,78,0,18,39,0,4,5,0.0,0.0,3
rb_den,Javonte Williams,DEN,CIN,4,2025,2025_04_CIN_DEN,RB,0,0,0,0,94,1,20,43,0,5,6,0.0,0.0,4
rb_den,Javonte Williams,DEN,PHI,5,2025,2025_05_DEN_PHI,RB,0,0,0,0,66,1,17,1,0,0,0,0.0,0.0,5
rb_den,Javonte Williams,DEN,NYJ,6,2025,2025_06_DEN_NYJ,RB,0,0,0,0,76,0,15,27,0,3,3,0.0,0.0,6
rb_den,Javonte Williams,DEN,NYG,7,2025,2025_07_NYG_DEN,RB,0,0,0,0,62,2,14,22,0,2,2,0.0,0.0,7
rb_den,Javonte Williams,DEN,DAL,8,2025,2025_08_DAL_DEN,RB,0,0,0,0,95,3,20,30,0,3,3,0.0,0.0,8
rb_den,Javonte Williams,DEN,HOU,9,2025,2025_09_DEN_HOU,RB,0,0,0,0,110,1,19,30,0,3,3,0.0,0.0,9
rb_det,Jahmyr Gibbs,DET,GB,1,2025,2025_01_DET_GB,RB,0,0,0,0,97,0,20,23,0,2,2,0.0,0.0,1
rb_det,Jahmyr Gibbs,DET,CHI,2,2025,2025_02_CHI_DET,RB,0,0,0,0,66,3,13,58,0,7,9,0.0,0.0,2
rb_det,Jahmyr Gibbs,DET,BAL,3,2025,2025_03_DET_BAL,RB,0,0,0,0,65,2,14,25,0,3,3,0.0,0.0,3
rb_det,Jahmyr Gibbs,DET,CLE,4,2025,2025_04_CLE_DET,RB,0,0,0,0,96,1,19,20,0,2,2,0.0,0.0,4
rb_det,Jahmyr Gibbs,DET,CIN,5,2025,2025_05_DET_CIN,RB,0,0,0,0,90,3,21,1,0,0,0,0.0,0.0,5
rb_det,Jahmyr Gibbs,DET,KC,6,2025,2025_06_DET_KC,RB,0,0,0,0,51,0,14,36,0,4,5,0.0,0.0,6
rb_det,Jahmyr Gibbs,DET,TB,7,2025,2025_07_TB_DET,RB,0,0,0,0,86,1,19,44,0,5,6,0.0,0.0,7
rb_det,Jahmyr Gibbs,DET,MIN,9,2025,2025_09_MIN_DET,RB,0,0,0,0,66,0,15,61,0,7,9,0.0,0.0,8
rb_gb,Josh Jacobs,GB,DET,1,2025,2025_01_DET_GB,RB,0,0,0,0,95,1,23,14,0,1,1,0.0,0.0,1
rb_gb,Josh Jacobs,GB,WAS,2,2025,2025_02_WAS_GB,RB,0,0,0,0,45,1,9,25,0,3,3,0.0,0.0,2
rb_gb,Josh Jacobs,GB,CLE,3,2025,2025_03_GB_CLE,RB,0,0,0,0,82,0,15,12,0,1,1,0.0,0.0,3
rb_gb,Josh Jacobs,GB,DAL,4,2025,2025_04_GB_DAL,RB,0,0,0,0,62,2,13,52,0,6,7,0.0,0.0,4
rb_gb,Josh Jacobs,GB,CIN,6,2025,2025_06_CIN_GB,RB,0,0,0,0,63,1,11,26,0,3,3,0.0,0.0,5
rb_gb,Josh Jacobs,GB,ARI,7,2025,2025_07_GB_ARI,RB,0,0,0,0,78,2,16,25,0,3,3,0.0,0.0,6
rb_gb,Josh Jacobs,GB,PIT,8,2025,2025_08_GB_PIT,RB,0,0,0,0,69,2,21,37,0,4,5,0.0,0.0,7
rb_gb,Josh Jacobs,GB,CAR,9,2025,2025_09_CAR_GB,RB,0,0,0,0,78,0,16,21,0,2,2,0.0,0.0,8
rb_hou,Joe Mixon,HOU,LA,1,2025,2025_01_HOU_LA,RB,0,0,0,0,29,0,7,-1,0,0,0,0.0,0.0,1
rb_hou,Joe Mixon,HOU,TB,2,2025,2025_02_TB_HOU,RB,0,0,0,0,38,1,5,63,0,7,9,0.0,0.0,2
rb_hou,Joe Mixon,HOU,JAX,3,2025,2025_03_HOU_JAX,RB,0,0,0,0,91,0,19,67,0,8,10,0.0,0.0,3
rb_hou,Joe Mixon,HOU,TEN,4,2025,2025_04_TEN_HOU,RB,0,0,0,0,91,1,20,37,0,4,5,0.0,0.0,4
rb_hou,Joe Mixon,HOU,BAL,5,2025,2025_05_HOU_BAL,RB,0,0,0,0,83,2,18,1,0,0,0,0.0,0.0,5
rb_hou,Joe Mixon,HOU,SEA,7,2025,2025_07_HOU_SEA,RB,0,0,0,0,87,1,22,12,0,1,1,0.0,0.0,6
rb_hou,Joe Mixon,HOU,SF,8,2025,2025_08_SF_HOU,RB,0,0,0,0,50,1,12,33,0,4,5,0.0,0.0,7
rb_hou,Joe Mixon,HOU,DEN,9,2025,2025_09_DEN_HOU,RB,0,0,0,0,50,1,6,48,0,6,7,0.0,0.0,8
rb_ind,Jonathan Taylor,IND,MIA,1,2025,2025_01_MIA_IND,RB,0,0,0,0,97,2,19,13,0,1,1,0.0,0.0,1
rb_ind,Jonathan Taylor,IND,DEN,2,2025,2025_02_DEN_IND,RB,0,0,0,0,76,2,12,18,0,2,2,0.0,0.0,2
rb_ind,Jonathan Taylor,IND,TEN,3,2025,2025_03_IND_TEN,RB,0,0,0,0,125,2,28,54,0,6,7,0.0,0.0,3
rb_ind,Jonathan Taylor,IND,LA,4,2025,2025_04_IND_LA,RB,0,0,0,0,109,0,21,26,0,3,3,0.0,0.0,4
rb_ind,Jonathan Taylor,IND,LV,5,2025,2025_05_LV_IND,RB,0,0,0,0,97,2,27,22,0,2,2,0.0,0.0,5
rb_ind,Jonathan Taylor,IND,ARI,6,2025,2025_06_ARI_IND,RB,0,0,0,0,53,2,9,26,0,3,3,0.0,0.0,6
rb_ind,Jonathan Taylor,IND,LAC,7,2025,2025_07_IND_LAC,RB,0,0,0,0,31,3,9,34,0,4,5,0.0,0.0,7
rb_ind,Jonathan Taylor,IND,TEN,8,2025,2025_08_TEN_IND,RB,0,0,0,0,92,2,18,9,0,1,1,0.0,0.0,8
rb_ind,Jonathan Taylor,IND,PIT,9,2025,2025_09_IND_PIT,RB,0,0,0,0,56,1,14,29,0,3,3,0.0,0.0,9
rb_jax,Travis Etienne,JAX,CAR,1,2025,2025_01_CAR_JAX,RB,0,0,0,0,112,1,23,15,0,1,1,0.0,0.0,1
rb_jax,Travis Etienne,JAX,CIN,2,2025,2025_02_JAX_CIN,RB,0,0,0,0,92,1,23,24,0,3,3,0.0,0.0,2
rb_jax,Travis Etienne,JAX,HOU,3,2025,2025_03_HOU_JAX,RB,0,0,0,0,80,1,17,35,0,4,5,0.0,0.0,3
rb_jax,Travis Etienne,JAX,SF,4,2025,2025_04_JAX_SF,RB,0,0,0,0,82,2,18,37,0,4,5,0.0,0.0,4
rb_jax,Travis Etienne,JAX,KC,5,2025,2025_05_KC_JAX,RB,0,0,0,0,64,2,16,48,0,6,7,0.0,0.0,5
rb_jax,Travis Etienne,JAX,SEA,6,2025,2025_06_SEA_JAX,RB,0,0,0,0,85,0,21,13,0,1,1,0.0,0.0,6
rb_jax,Travis Etienne,JAX,LA,7,2025,2025_07_LA_JAX,RB,0,0,0,0,78,0,18,17,0,2,2,0.0,0.0,7
rb_jax,Travis Etienne,JAX,LV,9,2025,2025_09_JAX_LV,RB,0,0,0,0,60,2,15,35,0,4,5,0.0,0.0,8
rb_kc,Isiah Pacheco,KC,LAC,1,2025,2025_01_KC_LAC,RB,0,0,0,0,52,1,9,36,0,4,5,0.0,0.0,1
rb_kc,Isiah Pacheco,KC,PHI,2,2025,2025_02_PHI_KC,RB,0,0,0,0,65,1,14,32,0,4,5,0.0,0.0,2
rb_kc,Isiah Pacheco,KC,NYG,3,2025,2025_03_KC_NYG,RB,0,0,0,0,103,1,26,20,0,2,2,0.0,0.0,3
rb_kc,Isiah Pacheco,KC,BAL,4,2025,2025_04_BAL_KC,RB,0,0,0,0,70,1,11,16,0,2,2,0.0,0.0,4
rb_kc,Isiah Pacheco,KC,JAX,5,2025,2025_05_KC_JAX,RB,0,0,0,0,83,2,18,53,0,6,7,0.0,0.0,5
rb_kc,Isiah Pacheco,KC,DET,6,2025,2025_06_DET_KC,RB,0,0,0,0,76,2,15,45,0,5,6,0.0,0.0,6
rb_kc,Isiah Pacheco,KC,LV,7,2025,2025_07_LV_KC,RB,0,0,0,0,101,1,20,32,0,4,5,0.0,0.0,7
rb_kc,Isiah Pacheco,KC,WAS,8,2025,2025_08_WAS_KC,RB,0,0,0,0,105,2,19,27,0,3,3,0.0,0.0,8
rb_kc,Isiah Pacheco,KC,BUF,9,2025,2025_09_KC_BUF,RB,0,0,0,0,72,1,16,34,0,4,5,0.0,0.0,9
rb_la,Kyren Williams,LA,HOU,1,2025,2025_01_HOU_LA,RB,0,0,0,0,61,1,13,45,0,5,6,0.0,0.0,1
rb_la,Kyren Williams,LA,TEN,2,2025,2025_02_LA_TEN,RB,0,0,0,0,86,2,20,35,0,4,5,0.0,0.0,2
rb_la,Kyren Williams,LA,PHI,3,2025,2025_03_LA_PHI,RB,0,0,0,0,68,1,14,24,0,3,3,0.0,0.0,3
rb_la,Kyren Williams,LA,IND,4,2025,2025_04_IND_LA,RB,0,0,0,0,78,2,16,24,0,3,3,0.0,0.0,4
rb_la,Kyren Williams,LA,SF,5,2025,2025_05_SF_LA,RB,0,0,0,0,38,1,10,21,0,2,2,0.0,0.0,5
rb_la,Kyren Williams,LA,BAL,6,2025,2025_06_LA_BAL,RB,0,0,0,0,109,1,23,39,0,4,5,0.0,0.0,6
rb_la,Kyren Williams,LA,JAX,7,2025,2025_07_LA_JAX,RB,0,0,0,0,62,2,15,44,0,5,6,0.0,0.0,7
rb_la,Kyren Williams,LA,NO,9,2025,2025_09_NO_LA,RB,0,0,0,0,123,2,29,0,0,0,0,0.0,0.0,8
rb_lac,JK Dobbins,LAC,KC,1,2025,2025_01_KC_LAC,RB,0,0,0,0,57,1,12,46,0,5,6,0.0,0.0,1
rb_lac,JK Dobbins,LAC,LV,2,2025,2025_02_LAC_LV,RB,0,0,0,0,97,1,20,25,0,3,3,0.0,0.0,2
rb_lac,JK Dobbins,LAC,DEN,3,2025,2025_03_DEN_LAC,RB,0,0,0,0,108,1,25,11,0,1,1,0.0,0.0,3
rb_lac,JK Dobbins,LAC,NYG,4,2025,2025_04_LAC_NYG,RB,0,0,0,0,64,1,10,42,0,5,6,0.0,0.0,4
rb_lac,JK Dobbins,LAC,WAS,5,2025,2025_05_WAS_LAC,RB,0,0,0,0,52,1,10,10,0,1,1,0.0,0.0,5
rb_lac,JK Dobbins,LAC,MIA,6,2025,2025_06_LAC_MIA,RB,0,0,0,0,78,1,19,39,0,4,5,0.0,0.0,6
rb_lac,JK Dobbins,LAC,IND,7,2025,2025_07_IND_LAC,RB,0,0,0,0,61,1,11,28,0,3,3,0.0,0.0,7
rb_lac,JK Dobbins,LAC,MIN,8,2025,2025_08_MIN_LAC,RB,0,0,0,0,97,2,22,12,0,1,1,0.0,0.0,8
rb_lac,JK Dobbins,LAC,TEN,9,2025,2025_09_LAC_TEN,RB,0,0,0,0,50,2,10,3,0,0,0,0.0,0.0,9
rb_lv,Alexander Mattison,LV,NE,1,2025,2025_01_LV_NE,RB,0,0,0,0,101,1,19,49,0,6,7,0.0,0.0,1
rb_lv,Alexander Mattison,LV,LAC,2,2025,2025_02_LAC_LV,RB,0,0,0,0,61,0,14,34,0,4,5,0.0,0.0,2
rb_lv,Alexander Mattison,LV,WAS,3,2025,2025_03_LV_WAS,RB,0,0,0,0,56,1,9,30,0,3,3,0.0,0.0,3
rb_lv,Alexander Mattison,LV,CHI,4,2025,2025_04_CHI_LV,RB,0,0,0,0,43,1,9,8,0,1,1,0.0,0.0,4
rb_lv,Alexander Mattison,LV,IND,5,2025,2025_05_LV_IND,RB,0,0,0,0,74,0,18,16,0,2,2,0.0,0.0,5
rb_lv,Alexander Mattison,LV,TEN,6,2025,2025_06_TEN_LV,RB,0,0,0,0,30,1,6,40,0,5,6,0.0,0.0,6
rb_lv,Alexander Mattison,LV,KC,7,2025,2025_07_LV_KC,RB,0,0,0,0,67,0,14,33,0,4,5,0.0,0.0,7
rb_lv,Alexander Mattison,LV,JAX,9,2025,2025_09_JAX_LV,RB,0,0,0,0,63,2,12,44,0,5,6,0.0,0.0,8
rb_mia,De'Von Achane,MIA,IND,1,2025,2025_01_MIA_IND,RB,0,0,0,0,50,0,9,28,0,3,3,0.0,0.0,1
rb_mia,De'Von Achane,MIA,NE,2,2025,2025_02_NE_MIA,RB,0,0,0,0,78,1,15,39,0,4,5,0.0,0.0,2
rb_mia,De'Von Achane,MIA,BUF,3,2025,2025_03_MIA_BUF,RB,0,0,0,0,112,1,26,13,0,1,1,0.0,0.0,3
rb_mia,De'Von Achane,MIA,NYJ,4,2025,2025_04_NYJ_MIA,RB,0,0,0,0,28,2,5,15,0,1,1,0.0,0.0,4
rb_mia,De'Von Achane,MIA,CAR,5,2025,2025_05_MIA_CAR,RB,0,0,0,0,24,1,3,39,0,4,5,0.0,0.0,5
rb_mia,De'Von Achane,MIA,LAC,6,2025,2025_06_LAC_MIA,RB,0,0,0,0,31,1,3,24,0,3,3,0.0,0.0,6
rb_mia,De'Von Achane,MIA,CLE,7,2025,2025_07_MIA_CLE,RB,0,0,0,0,38,0,10,45,0,5,6,0.0,0.0,7
rb_mia,De'Von Achane,MIA,ATL,8,2025,2025_08_MIA_ATL,RB,0,0,0,0,67,2,17,32,0,4,5,0.0,0.0,8
rb_mia,De'Von Achane,MIA,BAL,9,2025,2025_09_BAL_MIA,RB,0,0,0,0,74,0,14,35,0,4,5,0.0,0.0,9
rb_min,Aaron Jones,MIN,CHI,1,2025,2025_01_MIN_CHI,RB,0,0,0,0,56,2,11,57,0,7,9,0.0,0.0,1
rb_min,Aaron Jones,MIN,ATL,2,2025,2025_02_ATL_MIN,RB,0,0,0,0,52,0,11,51,0,6,7,0.0,0.0,2
rb_min,Aaron Jones,MIN,CIN,3,2025,2025_03_CIN_MIN,RB,0,0,0,0,113,2,23,34,0,4,5,0.0,0.0,3
rb_min,Aaron Jones,MIN,PIT,4,2025,2025_04_MIN_PIT,RB,0,0,0,0,118,1,26,46,0,5,6,0.0,0.0,4
rb_min,Aaron Jones,MIN,CLE,5,2025,2025_05_MIN_CLE,RB,0,0,0,0,71,0,14,30,0,3,3,0.0,0.0,5
rb_min,Aaron Jones,MIN,PHI,7,2025,2025_07_PHI_MIN,RB,0,0,0,0,74,1,14,20,0,2,2,0.0,0.0,6
rb_min,Aaron Jones,MIN,LAC,8,2025,2025_08_MIN_LAC,RB,0,0,0,0,37,1,9,35,0,4,5,0.0,0.0,7
rb_min,Aaron Jones,MIN,DET,9,2025,2025_09_MIN_DET,RB,0,0,0,0,75,1,15,23,0,2,2,0.0,0.0,8
rb_ne,Rhamondre Stevenson,NE,LV,1,2025,2025_01_LV_NE,RB,0,0,0,0,53,0,14,32,0,4,5,0.0,0.0,1
rb_ne,Rhamondre Stevenson,NE,MIA,2,2025,2025_02_NE_MIA,RB,0,0,0,0,46,1,12,11,0,1,1,0.0,0.0,2
rb_ne,Rhamondre Stevenson,NE,PIT,3,2025,2025_03_PIT_NE,RB,0,0,0,0,83,0,20,59,0,7,9,0.0,0.0,3
rb_ne,Rhamondre Stevenson,NE,CAR,4,2025,2025_04_CAR_NE,RB,0,0,0,0,75,2,19,18,0,2,2,0.0,0.0,4
rb_ne,Rhamondre Stevenson,NE,BUF,5,2025,2025_05_NE_BUF,RB,0,0,0,0,73,1,17,31,0,3,3,0.0,0.0,5
rb_ne,Rhamondre Stevenson,NE,NO,6,2025,2025_06_NE_NO,RB,0,0,0,0,92,1,21,42,0,5,6,0.0,0.0,6
rb_ne,Rhamondre Stevenson,NE,TEN,7,2025,2025_07_NE_TEN,RB,0,0,0,0,104,2,24,22,0,2,2,0.0,0.0,7
rb_ne,Rhamondre Stevenson,NE,CLE,8,2025,2025_08_CLE_NE,RB,0,0,0,0,90,2,23,19,0,2,2,0.0,0.0,8
rb_ne,Rhamondre Stevenson,NE,ATL,9,2025,2025_09_ATL_NE,RB,0,0,0,0,55,1,10,23,0,2,2,0.0,0.0,9
rb_no,Alvin Kamara,NO,ARI,1,2025,2025_01_ARI_NO,RB,0,0,0,0,52,0,8,18,0,2,2,0.0,0.0,1
rb_no,Alvin Kamara,NO,SF,2,2025,2025_02_SF_NO,RB,0,0,0,0,93,1,24,21,0,2,2,0.0,0.0,2
rb_no,Alvin Kamara,NO,SEA,3,2025,2025_03_NO_SEA,RB,0,0,0,0,44,1,12,-2,0,0,0,0.0,0.0,3
rb_no,Alvin Kamara,NO,BUF,4,2025,2025_04_NO_BUF,RB,0,0,0,0,50,0,12,29,0,3,3,0.0,0.0,4
rb_no,Alvin Kamara,NO,NYG,5,2025,2025_05_NYG_NO,RB,0,0,0,0,79,1,17,47,0,5,6,0.0,0.0,5
rb_no,Alvin Kamara,NO,NE,6,2025,2025_06_NE_NO,RB,0,0,0,0,48,1,9,62,0,7,9,0.0,0.0,6
rb_no,Alvin Kamara,NO,CHI,7,2025,2025_07_NO_CHI,RB,0,0,0,0,37,0,6,34,0,4,5,0.0,0.0,7
rb_no,Alvin Kamara,NO,TB,8,2025,2025_08_TB_NO,RB,0,0,0,0,72,0,16,25,0,3,3,0.0,0.0,8
rb_no,Alvin Kamara,NO,LA,9,2025,2025_09_NO_LA,RB,0,0,0,0,80,0,15,15,0,1,1,0.0,0.0,9
rb_nyg,Devin Singletary,NYG,WAS,1,2025,2025_01_NYG_WAS,RB,0,0,0,0,25,0,8,21,0,2,2,0.0,0.0,1
rb_nyg,Devin Singletary,NYG,DAL,2,2025,2025_02_NYG_DAL,RB,0,0,0,0,50,2,10,20,0,2,2,0.0,0.0,2
rb_nyg,Devin Singletary,NYG,KC,3,2025,2025_03_KC_NYG,RB,0,0,0,0,35,0,6,28,0,3,3,0.0,0.0,3
rb_nyg,Devin Singletary,NYG,LAC,4,2025,2025_04_LAC_NYG,RB,0,0,0,0,39,1,9,29,0,3,3,0.0,0.0,4
rb_nyg,Devin Singletary,NYG,NO,5,2025,2025_05_NYG_NO,RB,0,0,0,0,34,0,8,35,0,4,5,0.0,0.0,5
rb_nyg,Devin Singletary,NYG,PHI,6,2025,2025_06_PHI_NYG,RB,0,0,0,0,119,2,27,30,0,3,3,0.0,0.0,6
rb_nyg,Devin Singletary,NYG,DEN,7,2025,2025_07_NYG_DEN,RB,0,0,0,0,59,1,12,8,0,1,1,0.0,0.0,7
rb_nyg,Devin Singletary,NYG,PHI,8,2025,2025_08_NYG_PHI,RB,0,0,0,0,32,1,7,31,0,3,3,0.0,0.0,8
rb_nyg,Devin Singletary,NYG,SF,9,2025,2025_09_SF_NYG,RB,0,0,0,0,76,1,18,46,0,5,6,0.0,0.0,9
rb_nyj,Breece Hall,NYJ,PIT,1,2025,2025_01_PIT_NYJ,RB,0,0,0,0,56,1,13,22,0,2,2,0.0,0.0,1
rb_nyj,Breece Hall,NYJ,BUF,2,2025,2025_02_BUF_NYJ,RB,0,0,0,0,50,0,14,43,0,5,6,0.0,0.0,2
rb_nyj,Breece Hall,NYJ,TB,3,2025,2025_03_NYJ_TB,RB,0,0,0,0,71,2,19,22,0,2,2,0.0,0.0,3
rb_nyj,Breece Hall,NYJ,MIA,4,2025,2025_04_NYJ_MIA,RB,0,0,0,0,63,1,11,52,0,6,7,0.0,0.0,4
rb_nyj,Breece Hall,NYJ,DAL,5,2025,2025_05_DAL_NYJ,RB,0,0,0,0,55,1,11,53,0,6,7,0.0,0.0,5
rb_nyj,Breece Hall,NYJ,DEN,6,2025,2025_06_DEN_NYJ,RB,0,0,0,0,55,0,12,65,0,8,10,0.0,0.0,6
rb_nyj,Breece Hall,NYJ,CAR,7,2025,2025_07_CAR_NYJ,RB,0,0,0,0,93,0,18,45,0,5,6,0.0,0.0,7
rb_nyj,Breece Hall,NYJ,CIN,8,2025,2025_08_NYJ_CIN,RB,0,0,0,0,89,2,19,-2,0,0,0,0.0,0.0,8
rb_phi,Saquon Barkley,PHI,DAL,1,2025,2025_01_DAL_PHI,RB,0,0,0,0,54,1,9,41,0,5,6,0.0,0.0,1
rb_phi,Saquon Barkley,PHI,KC,2,2025,2025_02_PHI_KC,RB,0,0,0,0,75,1,16,9,0,1,1,0.0,0.0,2
rb_phi,Saquon Barkley,PHI,LA,3,2025,2025_03_LA_PHI,RB,0,0,0,0,74,2,15,30,0,3,3,0.0,0.0,3
rb_phi,Saquon Barkley,PHI,TB,4,2025,2025_04_PHI_TB,RB,0,0,0,0,77,2,16,44,0,5,6,0.0,0.0,4
rb_phi,Saquon Barkley,PHI,DEN,5,2025,2025_05_DEN_PHI,RB,0,0,0,0,79,0,20,7,0,0,0,0.0,0.0,5
rb_phi,Saquon Barkley,PHI,NYG,6,2025,2025_06_PHI_NYG,RB,0,0,0,0,47,1,9,9,0,1,1,0.0,0.0,6
rb_phi,Saquon Barkley,PHI,MIN,7,2025,2025_07_PHI_MIN,RB,0,0,0,0,93,1,22,50,0,6,7,0.0,0.0,7
rb_phi,Saquon Barkley,PHI,NYG,8,2025,2025_08_NYG_PHI,RB,0,0,0,0,133,3,29,32,0,4,5,0.0,0.0,8
rb_pit,Najee Harris,PIT,NYJ,1,2025,2025_01_PIT_NYJ,RB,0,0,0,0,119,1,27,10,0,1,1,0.0,0.0,1
rb_pit,Najee Harris,PIT,SEA,2,2025,2025_02_SEA_PIT,RB,0,0,0,0,20,1,1,32,0,4,5,0.0,0.0,2
rb_pit,Najee Harris,PIT,NE,3,2025,2025_03_PIT_NE,RB,0,0,0,0,55,1,10,25,0,3,3,0.0,0.0,3
rb_pit,Najee Harris,PIT,MIN,4,2025,2025_04_MIN_PIT,RB,0,0,0,0,86,2,20,39,0,4,5,0.0,0.0,4
rb_pit,Najee Harris,PIT,CLE,6,2025,2025_06_CLE_PIT,RB,0,0,0,0,100,1,20,22,0,2,2,0.0,0.0,5
rb_pit,Najee Harris,PIT,CIN,7,2025,2025_07_PIT_CIN,RB,0,0,0,0,60,1,11,22,0,2,2,0.0,0.0,6
rb_pit,Najee Harris,PIT,GB,8,2025,2025_08_GB_PIT,RB,0,0,0,0,83,1,20,34,0,4,5,0.0,0.0,7
rb_pit,Najee Harris,PIT,IND,9,2025,2025_09_IND_PIT,RB,0,0,0,0,92,1,23,53,0,6,7,0.0,0.0,8
rb_sea,Kenneth Walker,SEA,SF,1,2025,2025_01_SF_SEA,RB,0,0,0,0,79,1,20,30,0,3,3,0.0,0.0,1
rb_sea,Kenneth Walker,SEA,PIT,2,2025,2025_02_SEA_PIT,RB,0,0,0,0,76,1,13,14,0,1,1,0.0,0.0,2
rb_sea,Kenneth Walker,SEA,NO,3,2025,2025_03_NO_SEA,RB,0,0,0,0,67,2,13,14,0,1,1,0.0,0.0,3
rb_sea,Kenneth Walker,SEA,ARI,4,2025,2025_04_SEA_ARI,RB,0,0,0,0,68,1,18,35,0,4,5,0.0,0.0,4
rb_sea,Kenneth Walker,SEA,TB,5,2025,2025_05_TB_SEA,RB,0,0,0,0,111,2,28,37,0,4,5,0.0,0.0,5
rb_sea,Kenneth Walker,SEA,JAX,6,2025,2025_06_SEA_JAX,RB,0,0,0,0,41,1,9,26,0,3,3,0.0,0.0,6
rb_sea,Kenneth Walker,SEA,HOU,7,2025,2025_07_HOU_SEA,RB,0,0,0,0,36,2,4,29,0,3,3,0.0,0.0,7
rb_sea,Kenneth Walker,SEA,WAS,9,2025,2025_09_SEA_WAS,RB,0,0,0,0,128,2,28,0,0,0,0,0.0,0.0,8
rb_sf,Christian McCaffrey,SF,SEA,1,2025,2025_01_SF_SEA,RB,0,0,0,0,65,1,16,19,0,2,2,0.0,0.0,1
rb_sf,Christian McCaffrey,SF,NO,2,2025,2025_02_SF_NO,RB,0,0,0,0,76,1,16,25,0,3,3,0.0,0.0,2
rb_sf,Christian McCaffrey,SF,ARI,3,2025,2025_03_ARI_SF,RB,0,0,0,0,61,1,14,60,0,7,9,0.0,0.0,3
rb_sf,Christian McCaffrey,SF,JAX,4,2025,2025_04_JAX_SF,RB,0,0,0,0,30,1,6,41,0,5,6,0.0,0.0,4
rb_sf,Christian McCaffrey,SF,LA,5,2025,2025_05_SF_LA,RB,0,0,0,0,63,1,15,28,0,3,3,0.0,0.0,5
rb_sf,Christian McCaffrey,SF,TB,6,2025,2025_06_SF_TB,RB,0,0,0,0,50,1,8,50,0,6,7,0.0,0.0,6
rb_sf,Christian McCaffrey,SF,ATL,7,2025,2025_07_ATL_SF,RB,0,0,0,0,54,1,9,38,0,4,5,0.0,0.0,7
rb_sf,Christian McCaffrey,SF,HOU,8,2025,2025_08_SF_HOU,RB,0,0,0,0,51,1,10,64,0,8,10,0.0,0.0,8
rb_sf,Christian McCaffrey,SF,NYG,9,2025,2025_09_SF_NYG,RB,0,0,0,0,98,2,21,29,0,3,3,0.0,0.0,9
rb_tb,Rachaad White,TB,ATL,1,2025,2025_01_TB_ATL,RB,0,0,0,0,55,1,13,25,0,3,3,0.0,0.0,1
rb_tb,Rachaad White,TB,HOU,2,2025,2025_02_TB_HOU,RB,0,0,0,0,35,1,7,26,0,3,3,0.0,0.0,2
rb_tb,Rachaad White,TB,NYJ,3,2025,2025_03_NYJ_TB,RB,0,0,0,0,82,1,19,19,0,2,2,0.0,0.0,3
rb_tb,Rachaad White,TB,PHI,4,2025,2025_04_PHI_TB,RB,0,0,0,0,83,1,16,35,0,4,5,0.0,0.0,4
rb_tb,Rachaad White,TB,SEA,5,2025,2025_05_TB_SEA,RB,0,0,0,0,76,2,17,46,0,5,6,0.0,0.0,5
rb_tb,Rachaad White,TB,SF,6,2025,2025_06_SF_TB,RB,0,0,0,0,67,2,17,26,0,3,3,0.0,0.0,6
rb_tb,Rachaad White,TB,DET,7,2025,2025_07_TB_DET,RB,0,0,0,0,56,0,9,15,0,1,1,0.0,0.0,7
rb_tb,Rachaad White,TB,NO,8,2025,2025_08_TB_NO,RB,0,0,0,0,111,1,25,50,0,6,7,0.0,0.0,8
rb_ten,Tyjae Spears,TEN,DEN,1,2025,2025_01_TEN_DEN,RB,0,0,0,0,94,0,20,20,0,2,2,0.0,0.0,1
rb_ten,Tyjae Spears,TEN,LA,2,2025,2025_02_LA_TEN,RB,0,0,0,0,25,1,8,32,0,4,5,0.0,0.0,2
rb_ten,Tyjae Spears,TEN,IND,3,2025,2025_03_IND_TEN,RB,0,0,0,0,37,1,8,59,0,7,9,0.0,0.0,3
rb_ten,Tyjae Spears,TEN,HOU,4,2025,2025_04_TEN_HOU,RB,0,0,0,0,55,0,12,26,0,3,3,0.0,0.0,4
rb_ten,Tyjae Spears,TEN,ARI,5,2025,2025_05_TEN_ARI,RB,0,0,0,0,68,1,14,52,0,6,7,0.0,0.0,5
rb_ten,Tyjae Spears,TEN,LV,6,2025,2025_06_TEN_LV,RB,0,0,0,0,101,0,26,24,0,3,3,0.0,0.0,6
rb_ten,Tyjae Spears,TEN,NE,7,2025,2025_07_NE_TEN,RB,0,0,0,0,43,0,8,5,0,0,0,0.0,0.0,7
rb_ten,Tyjae Spears,TEN,IND,8,2025,2025_08_TEN_IND,RB,0,0,0,0,44,1,8,8,0,1,1,0.0,0.0,8
rb_ten,Tyjae Spears,TEN,LAC,9,2025,2025_09_LAC_TEN,RB,0,0,0,0,75,0,16,28,0,3,3,0.0,0.0,9
rb_was,Brian Robinson,WAS,NYG,1,2025,2025_01_NYG_WAS,RB,0,0,0,0,101,0,20,39,0,4,5,0.0,0.0,1
rb_was,Brian Robinson,WAS,GB,2,2025,2025_02_WAS_GB,RB,0,0,0,0,86,1,17,32,0,4,5,0.0,0.0,2
rb_was,Brian Robinson,WAS,LV,3,2025,2025_03_LV_WAS,RB,0,0,0,0,106,2,24,53,0,6,7,0.0,0.0,3
rb_was,Brian Robinson,WAS,ATL,4,2025,2025_04_WAS_ATL,RB,0,0,0,0,83,1,14,23,0,2,2,0.0,0.0,4
rb_was,Brian Robinson,WAS,LAC,5,2025,2025_05_WAS_LAC,RB,0,0,0,0,54,1,9,51,0,6,7,0.0,0.0,5
rb_was,Brian Robinson,WAS,CHI,6,2025,2025_06_CHI_WAS,RB,0,0,0,0,49,1,8,57,0,7,9,0.0,0.0,6
rb_was,Brian Robinson,WAS,DAL,7,2025,2025_07_WAS_DAL,RB,0,0,0,0,48,2,5,32,0,4,5,0.0,0.0,7
rb_was,Brian Robinson,WAS,KC,8,2025,2025_08_WAS_KC,RB,0,0,0,0,27,0,6,48,0,6,7,0.0,0.0,8
rb_was,Brian Robinson,WAS,SEA,9,2025,2025_09_SEA_WAS,RB,0,0,0,0,46,0,12,29,0,3,3,0.0,0.0,9
wr_ari,Marvin Harrison Jr,ARI,NO,1,2025,2025_01_ARI_NO,WR,0,0,0,0,0,0,0,81,0,6,8,0.0,0.0,1
wr_ari,Marvin Harrison Jr,ARI,CAR,2,2025,2025_02_CAR_ARI,WR,0,0,0,0,0,0,0,111,1,9,12,0.0,0.0,2
wr_ari,Marvin Harrison Jr,ARI,SF,3,2025,2025_03_ARI_SF,WR,0,0,0,0,0,0,0,34,0,2,2,0.0,0.0,3
wr_ari,Marvin Harrison Jr,ARI,SEA,4,2025,2025_04_SEA_ARI,WR,0,0,0,0,0,0,0,55,0,4,5,0.0,0.0,4
wr_ari,Marvin Harrison Jr,ARI,TEN,5,2025,2025_05_TEN_ARI,WR,0,0,0,0,0,0,0,36,0,3,4,0.0,0.0,5
wr_ari,Marvin Harrison Jr,ARI,IND,6,2025,2025_06_ARI_IND,WR,0,0,0,0,0,0,0,56,0,4,5,0.0,0.0,6
wr_ari,Marvin Harrison Jr,ARI,GB,7,2025,2025_07_GB_ARI,WR,0,0,0,0,0,0,0,90,0,7,9,0.0,0.0,7
wr_ari,Marvin Harrison Jr,ARI,DAL,9,2025,2025_09_ARI_DAL,WR,0,0,0,0,0,0,0,50,1,4,5,0.0,0.0,8
wr_atl,Drake London,ATL,TB,1,2025,2025_01_TB_ATL,WR,0,0,0,0,0,0,0,51,0,4,5,0.0,0.0,1
wr_atl,Drake London,ATL,MIN,2,2025,2025_02_ATL_MIN,WR,0,0,0,0,0,0,0,83,0,6,8,0.0,0.0,2
wr_atl,Drake London,ATL,CAR,3,2025,2025_03_ATL_CAR,WR,0,0,0,0,0,0,0,37,0,3,4,0.0,0.0,3
wr_atl,Drake London,ATL,WAS,4,2025,2025_04_WAS_ATL,WR,0,0,0,0,0,0,0,108,1,9,12,0.0,0.0,4
wr_atl,Drake London,ATL,BUF,6,2025,2025_06_BUF_ATL,WR,0,0,0,0,0,0,0,83,0,6,8,0.0,0.0,5
wr_atl,Drake London,ATL,SF,7,2025,2025_07_ATL_SF,WR,0,0,0,0,0,0,0,17,0,1,1,0.0,0.0,6
wr_atl,Drake London,ATL,MIA,8,2025,2025_08_MIA_ATL,WR,0,0,0,0,0,0,0,45,0,3,4,0.0,0.0,7
wr_atl,Drake London,ATL,NE,9,2025,2025_09_ATL_NE,WR,0,0,0,0,0,0,0,102,0,8,11,0.0,0.0,8
wr_bal,Zay Flowers,BAL,BUF,1,2025,2025_01_BAL_BUF,WR,0,0,0,0,0,0,0,185,2,15,21,0.0,0.0,1
wr_bal,Zay Flowers,BAL,CLE,2,2025,2025_02_CLE_BAL,WR,0,0,0,0,0,0,0,151,1,12,16,0.0,0.0,2
wr_bal,Zay Flowers,BAL,DET,3,2025,2025_03_DET_BAL,WR,0,0,0,0,0,0,0,106,0,8,11,0.0,0.0,3
wr_bal,Zay Flowers,BAL,KC,4,2025,2025_04_BAL_KC,WR,0,0,0,0,0,0,0,128,0,10,14,0.0,0.0,4
wr_bal,Zay Flowers,BAL,HOU,5,2025,2025_05_HOU_BAL,WR,0,0,0,0,0,0,0,19,0,1,1,0.0,0.0,5
wr_bal,Zay Flowers,BAL,LA,6,2025,2025_06_LA_BAL,WR,0,0,0,0,0,0,0,38,0,3,4,0.0,0.0,6
wr_bal,Zay Flowers,BAL,CHI,8,2025,2025_08_CHI_BAL,WR,0,0,0,0,0,0,0,131,1,10,14,0.0,0.0,7
wr_bal,Zay Flowers,BAL,MIA,9,2025,2025_09_BAL_MIA,WR,0,0,0,0,0,0,0,57,1,4,5,0.0,0.0,8
wr_buf,Stefon Diggs,BUF,BAL,1,2025,2025_01_BAL_BUF,WR,0,0,0,0,0,0,0,167,1,13,18,0.0,0.0,1
wr_buf,Stefon Diggs,BUF,NYJ,2,2025,2025_02_BUF_NYJ,WR,0,0,0,0,0,0,0,95,0,7,9,0.0,0.0,2
wr_buf,Stefon Diggs,BUF,MIA,3,2025,2025_03_MIA_BUF,WR,0,0,0,0,0,0,0,117,1,9,12,0.0,0.0,3
wr_buf,Stefon Diggs,BUF,NO,4,2025,2025_04_NO_BUF,WR,0,0,0,0,0,0,0,95,1,7,9,0.0,0.0,4
wr_buf,Stefon Diggs,BUF,NE,5,2025,2025_05_NE_BUF,WR,0,0,0,0,0,0,0,61,0,5,7,0.0,0.0,5
wr_buf,Stefon Diggs,BUF,ATL,6,2025,2025_06_BUF_ATL,WR,0,0,0,0,0,0,0,56,0,4,5,0.0,0.0,6
wr_buf,Stefon Diggs,BUF,CAR,8,2025,2025_08_BUF_CAR,WR,0,0,0,0,0,0,0,123,1,10,14,0.0,0.0,7
wr_buf,Stefon Diggs,BUF,KC,9,2025,2025_09_KC_BUF,WR,0,0,0,0,0,0,0,75,0,6,8,0.0,0.0,8
wr_car,Diontae Johnson,CAR,JAX,1,2025,2025_01_CAR_JAX,WR,0,0,0,0,0,0,0,82,0,6,8,0.0,0.0,1
wr_car,Diontae Johnson,CAR,ARI,2,2025,2025_02_CAR_ARI,WR,0,0,0,0,0,0,0,48,0,4,5,0.0,0.0,2
wr_car,Diontae Johnson,CAR,ATL,3,2025,2025_03_ATL_CAR,WR,0,0,0,0,0,0,0,114,1,9,12,0.0,0.0,3
wr_car,Diontae Johnson,CAR,NE,4,2025,2025_04_CAR_NE,WR,0,0,0,0,0,0,0,64,0,5,7,0.0,0.0,4
wr_car,Diontae Johnson,CAR,MIA,5,2025,2025_05_MIA_CAR,WR,0,0,0,0,0,0,0,104,0,8,11,0.0,0.0,5
wr_car,Diontae Johnson,CAR,DAL,6,2025,2025_06_DAL_CAR,WR,0,0,0,0,0,0,0,97,1,8,11,0.0,0.0,6
wr_car,Diontae Johnson,CAR,NYJ,7,2025,2025_07_CAR_NYJ,WR,0,0,0,0,0,0,0,86,0,7,9,0.0,0.0,7
wr_car,Diontae Johnson,CAR,BUF,8,2025,2025_08_BUF_CAR,WR,0,0,0,0,0,0,0,16,0,1,1,0.0,0.0,8
wr_car,Diontae Johnson,CAR,GB,9,2025,2025_09_CAR_GB,WR,0,0,0,0,0,0,0,67,0,5,7,0.0,0.0,9
wr_chi,DJ Moore,CHI,MIN,1,2025,2025_01_MIN_CHI,WR,0,0,0,0,0,0,0,53,0,4,5,0.0,0.0,1
wr_chi,DJ Moore,CHI,DET,2,2025,2025_02_CHI_DET,WR,0,0,0,0,0,0,0,93,0,7,9,0.0,0.0,2
wr_chi,DJ Moore,CHI,DAL,3,2025,2025_03_DAL_CHI,WR,0,0,0,0,0,0,0,106,0,8,11,0.0,0.0,3
wr_chi,DJ Moore,CHI,LV,4,2025,2025_04_CHI_LV,WR,0,0,0,0,0,0,0,60,0,5,7,0.0,0.0,4
wr_chi,DJ Moore,CHI,WAS,6,2025,2025_06_CHI_WAS,WR,0,0,0,0,0,0,0,93,0,7,9,0.0,0.0,5
wr_chi,DJ Moore,CHI,NO,7,2025,2025_07_NO_CHI,WR,0,0,0,0,0,0,0,71,0,5,7,0.0,0.0,6
wr_chi,DJ Moore,CHI,BAL,8,2025,2025_08_CHI_BAL,WR,0,0,0,0,0,0,0,46,0,3,4,0.0,0.0,7
wr_chi,DJ Moore,CHI,CIN,9,2025,2025_09_CHI_CIN,WR,0,0,0,0,0,0,0,161,2,13,18,0.0,0.0,8
wr_cin,Ja'Marr Chase,CIN,CLE,1,2025,2025_01_CIN_CLE,WR,0,0,0,0,0,0,0,26,0,2,2,0.0,0.0,1
wr_cin,Ja'Marr Chase,CIN,JAX,2,2025,2025_02_JAX_CIN,WR,0,0,0,0,0,0,0,103,1,8,11,0.0,0.0,2
wr_cin,Ja'Marr Chase,CIN,MIN,3,2025,2025_03_CIN_MIN,WR,0,0,0,0,0,0,0,29,0,2,2,0.0,0.0,3
wr_cin,Ja'Marr Chase,CIN,DEN,4,2025,2025_04_CIN_DEN,WR,0,0,0,0,0,0,0,46,0,3,4,0.0,0.0,4
wr_cin,Ja'Marr Chase,CIN,DET,5,2025,2025_05_DET_CIN,WR,0,0,0,0,0,0,0,62,0,5,7,0.0,0.0,5
wr_cin,Ja'Marr Chase,CIN,GB,6,2025,2025_06_CIN_GB,WR,0,0,0,0,0,0,0,54,0,4,5,0.0,0.0,6
wr_cin,Ja'Marr Chase,CIN,PIT,7,2025,2025_07_PIT_CIN,WR,0,0,0,0,0,0,0,113,0,9,12,0.0,0.0,7
wr_cin,Ja'Marr Chase,CIN,NYJ,8,2025,2025_08_NYJ_CIN,WR,0,0,0,0,0,0,0,137,1,11,15,0.0,0.0,8
wr_cin,Ja'Marr Chase,CIN,CHI,9,2025,2025_09_CHI_CIN,WR,0,0,0,0,0,0,0,129,1,10,14,0.0,0.0,9
wr_cle,Amari Cooper,CLE,CIN,1,2025,2025_01_CIN_CLE,WR,0,0,0,0,0,0,0,53,0,4,5,0.0,0.0,1
wr_cle,Amari Cooper,CLE,BAL,2,2025,2025_02_CLE_BAL,WR,0,0,0,0,0,0,0,72,0,6,8,0.0,0.0,2
wr_cle,Amari Cooper,CLE,GB,3,2025,2025_03_GB_CLE,WR,0,0,0,0,0,0,0,49,0,4,5,0.0,0.0,3
wr_cle,Amari Cooper,CLE,DET,4,2025,2025_04_CLE_DET,WR,0,0,0,0,0,0,0,63,0,5,7,0.0,0.0,4
wr_cle,Amari Cooper,CLE,MIN,5,2025,2025_05_MIN_CLE,WR,0,0,0,0,0,0,0,38,0,3,4,0.0,0.0,5
wr_cle,Amari Cooper,CLE,PIT,6,2025,2025_06_CLE_PIT,WR,0,0,0,0,0,0,0,27,0,2,2,0.0,0.0,6
wr_cle,Amari Cooper,CLE,MIA,7,2025,2025_07_MIA_CLE,WR,0,0,0,0,0,0,0,106,0,8,11,0.0,0.0,7
wr_cle,Amari Cooper,CLE,NE,8,2025,2025_08_CLE_NE,WR,0,0,0,0,0,0,0,25,0,2,2,0.0,0.0,8
wr_dal,CeeDee Lamb,DAL,PHI,1,2025,2025_01_DAL_PHI,WR,0,0,0,0,0,0,0,80,0,6,8,0.0,0.0,1
wr_dal,CeeDee Lamb,DAL,NYG,2,2025,2025_02_NYG_DAL,WR,0,0,0,0,0,0,0,157,1,13,18,0.0,0.0,2
wr_dal,CeeDee Lamb,DAL,CHI,3,2025,2025_03_DAL_CHI,WR,0,0,0,0,0,0,0,54,0,4,5,0.0,0.0,3
wr_dal,CeeDee Lamb,DAL,GB,4,2025,2025_04_GB_DAL,WR,0,0,0,0,0,0,0,130,1,10,14,0.0,0.0,4
wr_dal,CeeDee Lamb,DAL,NYJ,5,2025,2025_05_DAL_NYJ,WR,0,0,0,0,0,0,0,178,1,14,19,0.0,0.0,5
wr_dal,CeeDee Lamb,DAL,CAR,6,2025,2025_06_DAL_CAR,WR,0,0,0,0,0,0,0,83,1,6,8,0.0,0.0,6
wr_dal,CeeDee Lamb,DAL,WAS,7,2025,2025_07_WAS_DAL,WR,0,0,0,0,0,0,0,138,1,11,15,0.0,0.0,7
wr_dal,CeeDee Lamb,DAL,DEN,8,2025,2025_08_DAL_DEN,WR,0,0,0,0,0,0,0,116,0,9,12,0.0,0.0,8
wr_dal,CeeDee Lamb,DAL,ARI,9,2025,2025_09_ARI_DAL,WR,0,0,0,0,0,0,0,46,0,3,4,0.0,0.0,9
wr_den,Courtland Sutton,DEN,TEN,1,2025,2025_01_TEN_DEN,WR,0,0,0,0,0,0,0,106,0,8,11,0.0,0.0,1
wr_den,Courtland Sutton,DEN,IND,2,2025,2025_02_DEN_IND,WR,0,0,0,0,0,0,0,115,0,9,12,0.0,0.0,2
wr_den,Courtland Sutton,DEN,LAC,3,2025,2025_03_DEN_LAC,WR,0,0,0,0,0,0,0,86,0,7,9,0.0,0.0,3
wr_den,Courtland Sutton,DEN,CIN,4,2025,2025_04_CIN_DEN,WR,0,0,0,0,0,0,0,131,1,10,14,0.0,0.0,4
wr_den,Courtland Sutton,DEN,PHI,5,2025,2025_05_DEN_PHI,WR,0,0,0,0,0,0,0,76,0,6,8,0.0,0.0,5
wr_den,Courtland Sutton,DEN,NYJ,6,2025,2025_06_DEN_NYJ,WR,0,0,0,0,0,0,0,40,0,3,4,0.0,0.0,6
wr_den,Courtland Sutton,DEN,NYG,7,2025,2025_07_NYG_DEN,WR,0,0,0,0,0,0,0,139,0,11,15,0.0,0.0,7
wr_den,Courtland Sutton,DEN,DAL,8,2025,2025_08_DAL_DEN,WR,0,0,0,0,0,0,0,124,1,10,14,0.0,0.0,8
wr_den,Courtland Sutton,DEN,HOU,9,2025,2025_09_DEN_HOU,WR,0,0,0,0,0,0,0,31,0,2,2,0.0,0.0,9
wr_det,Amon-Ra St. Brown,DET,GB,1,2025,2025_01_DET_GB,WR,0,0,0,0,0,0,0,15,0,1,1,0.0,0.0,1
wr_det,Amon-Ra St. Brown,DET,CHI,2,2025,2025_02_CHI_DET,WR,0,0,0,0,0,0,0,178,1,14,19,0.0,0.0,2
wr_det,Amon-Ra St. Brown,DET,BAL,3,2025,2025_03_DET_BAL,WR,0,0,0,0,0,0,0,112,1,9,12,0.0,0.0,3
wr_det,Amon-Ra St. Brown,DET,CLE,4,2025,2025_04_CLE_DET,WR,0,0,0,0,0,0,0,104,1,8,11,0.0,0.0,4
wr_det,Amon-Ra St. Brown,DET,CIN,5,2025,2025_05_DET_CIN,WR,0,0,0,0,0,0,0,112,1,9,12,0.0,0.0,5
wr_det,Amon-Ra St. Brown,DET,KC,6,2025,2025_06_DET_KC,WR,0,0,0,0,0,0,0,79,0,6,8,0.0,0.0,6
wr_det,Amon-Ra St. Brown,DET,TB,7,2025,2025_07_TB_DET,WR,0,0,0,0,0,0,0,129,0,10,14,0.0,0.0,7
wr_det,Amon-Ra St. Brown,DET,MIN,9,2025,2025_09_MIN_DET,WR,0,0,0,0,0,0,0,104,0,8,11,0.0,0.0,8
wr_gb,Christian Watson,GB,DET,1,2025,2025_01_DET_GB,WR,0,0,0,0,0,0,0,103,1,8,11,0.0,0.0,1
wr_gb,Christian Watson,GB,WAS,2,2025,2025_02_WAS_GB,WR,0,0,0,0,0,0,0,106,1,8,11,0.0,0.0,2
wr_gb,Christian Watson,GB,CLE,3,2025,2025_03_GB_CLE,WR,0,0,0,0,0,0,0,51,0,4,5,0.0,0.0,3
wr_gb,Christian Watson,GB,DAL,4,2025,2025_04_GB_DAL,WR,0,0,0,0,0,0,0,127,1,10,14,0.0,0.0,4
wr_gb,Christian Watson,GB,CIN,6,2025,2025_06_CIN_GB,WR,0,0,0,0,0,0,0,77,1,6,8,0.0,0.0,5
wr_gb,Christian Watson,GB,ARI,7,2025,2025_07_GB_ARI,WR,0,0,0,0,0,0,0,86,0,7,9,0.0,0.0,6
wr_gb,Christian Watson,GB,PIT,8,2025,2025_08_GB_PIT,WR,0,0,0,0,0,0,0,112,1,9,12,0.0,0.0,7
wr_gb,Christian Watson,GB,CAR,9,2025,2025_09_CAR_GB,WR,0,0,0,0,0,0,0,41,0,3,4,0.0,0.0,8
wr_hou,Nico Collins,HOU,LA,1,2025,2025_01_HOU_LA,WR,0,0,0,0,0,0,0,45,0,3,4,0.0,0.0,1
wr_hou,Nico Collins,HOU,TB,2,2025,2025_02_TB_HOU,WR,0,0,0,0,0,0,0,57,0,4,5,0.0,0.0,2
wr_hou,Nico Collins,HOU,JAX,3,2025,2025_03_HOU_JAX,WR,0,0,0,0,0,0,0,4,0,0,0,0.0,0.0,3
wr_hou,Nico Collins,HOU,TEN,4,2025,2025_04_TEN_HOU,WR,0,0,0,0,0,0,0,97,0,8,11,0.0,0.0,4
wr_hou,Nico Collins,HOU,BAL,5,2025,2025_05_HOU_BAL,WR,0,0,0,0,0,0,0,159,1,13,18,0.0,0.0,5
wr_hou,Nico Collins,HOU,SEA,7,2025,2025_07_HOU_SEA,WR,0,0,0,0,0,0,0,5,0,0,0,0.0,0.0,6
wr_hou,Nico Collins,HOU,SF,8,2025,2025_08_SF_HOU,WR,0,0,0,0,0,0,0,104,0,8,11,0.0,0.0,7
wr_hou,Nico Collins,HOU,DEN,9,2025,2025_09_DEN_HOU,WR,0,0,0,0,0,0,0,59,0,4,5,0.0,0.0,8
wr_ind,Michael Pittman,IND,MIA,1,2025,2025_01_MIA_IND,WR,0,0,0,0,0,0,0,89,1,7,9,0.0,0.0,1
wr_ind,Michael Pittman,IND,DEN,2,2025,2025_02_DEN_IND,WR,0,0,0,0,0,0,0,53,0,4,5,0.0,0.0,2
wr_ind,Michael Pittman,IND,TEN,3,2025,2025_03_IND_TEN,WR,0,0,0,0,0,0,0,138,0,11,15,0.0,0.0,3
wr_ind,Michael Pittman,IND,LA,4,2025,2025_04_IND_LA,WR,0,0,0,0,0,0,0,49,0,4,5,0.0,0.0,4
wr_ind,Michael Pittman,IND,LV,5,2025,2025_05_LV_IND,WR,0,0,0,0,0,0,0,118,1,9,12,0.0,0.0,5
wr_ind,Michael Pittman,IND,ARI,6,2025,2025_06_ARI_IND,WR,0,0,0,0,0,0,0,80,0,6,8,0.0,0.0,6
wr_ind,Michael Pittman,IND,LAC,7,2025,2025_07_IND_LAC,WR,0,0,0,0,0,0,0,135,1,11,15,0.0,0.0,7
wr_ind,Michael Pittman,IND,TEN,8,2025,2025_08_TEN_IND,WR,0,0,0,0,0,0,0,134,1,11,15,0.0,0.0,8
wr_ind,Michael Pittman,IND,PIT,9,2025,2025_09_IND_PIT,WR,0,0,0,0,0,0,0,64,0,5,7,0.0,0.0,9
wr_jax,Christian Kirk,JAX,CAR,1,2025,2025_01_CAR_JAX,WR,0,0,0,0,0,0,0,85,0,7,9,0.0,0.0,1
wr_jax,Christian Kirk,JAX,CIN,2,2025,2025_02_JAX_CIN,WR,0,0,0,0,0,0,0,81,0,6,8,0.0,0.0,2
wr_jax,Christian Kirk,JAX,HOU,3,2025,2025_03_HOU_JAX,WR,0,0,0,0,0,0,0,70,0,5,7,0.0,0.0,3
wr_jax,Christian Kirk,JAX,SF,4,2025,2025_04_JAX_SF,WR,0,0,0,0,0,0,0,96,0,8,11,0.0,0.0,4
wr_jax,Christian Kirk,JAX,KC,5,2025,2025_05_KC_JAX,WR,0,0,0,0,0,0,0,114,1,9,12,0.0,0.0,5
wr_jax,Christian Kirk,JAX,SEA,6,2025,2025_06_SEA_JAX,WR,0,0,0,0,0,0,0,41,0,3,4,0.0,0.0,6
wr_jax,Christian Kirk,JAX,LA,7,2025,2025_07_LA_JAX,WR,0,0,0,0,0,0,0,0,0,0,0,0.0,0.0,7
wr_jax,Christian Kirk,JAX,LV,9,2025,2025_09_JAX_LV,WR,0,0,0,0,0,0,0,90,0,7,9,0.0,0.0,8
wr_kc,Travis Kelce,KC,LAC,1,2025,2025_01_KC_LAC,WR,0,0,0,0,0,0,0,46,0,3,4,0.0,0.0,1
wr_kc,Travis Kelce,KC,PHI,2,2025,2025_02_PHI_KC,WR,0,0,0,0,0,0,0,78,0,6,8,0.0,0.0,2
wr_kc,Travis Kelce,KC,NYG,3,2025,2025_03_KC_NYG,WR,0,0,0,0,0,0,0,51,0,4,5,0.0,0.0,3
wr_kc,Travis Kelce,KC,BAL,4,2025,2025_04_BAL_KC,WR,0,0,0,0,0,0,0,122,1,10,14,0.0,0.0,4
wr_kc,Travis Kelce,KC,JAX,5,2025,2025_05_KC_JAX,WR,0,0,0,0,0,0,0,95,1,7,9,0.0,0.0,5
wr_kc,Travis Kelce,KC,DET,6,2025,2025_06_DET_KC,WR,0,0,0,0,0,0,0,110,1,9,12,0.0,0.0,6
wr_kc,Travis Kelce,KC,LV,7,2025,2025_07_LV_KC,WR,0,0,0,0,0,0,0,108,0,9,12,0.0,0.0,7
wr_kc,Travis Kelce,KC,WAS,8,2025,2025_08_WAS_KC,WR,0,0,0,0,0,0,0,77,0,6,8,0.0,0.0,8
wr_kc,Travis Kelce,KC,BUF,9,2025,2025_09_KC_BUF,WR,0,0,0,0,0,0,0,71,0,5,7,0.0,0.0,9
wr_la,Puka Nacua,LA,HOU,1,2025,2025_01_HOU_LA,WR,0,0,0,0,0,0,0,58,0,4,5,0.0,0.0,1
wr_la,Puka Nacua,LA,TEN,2,2025,2025_02_LA_TEN,WR,0,0,0,0,0,0,0,79,0,6,8,0.0,0.0,2
wr_la,Puka Nacua,LA,PHI,3,2025,2025_03_LA_PHI,WR,0,0,0,0,0,0,0,29,0,2,2,0.0,0.0,3
wr_la,Puka Nacua,LA,IND,4,2025,2025_04_IND_LA,WR,0,0,0,0,0,0,0,95,0,7,9,0.0,0.0,4
wr_la,Puka Nacua,LA,SF,5,2025,2025_05_SF_LA,WR,0,0,0,0,0,0,0,83,0,6,8,0.0,0.0,5
wr_la,Puka Nacua,LA,BAL,6,2025,2025_06_LA_BAL,WR,0,0,0,0,0,0,0,43,0,3,4,0.0,0.0,6
wr_la,Puka Nacua,LA,JAX,7,2025,2025_07_LA_JAX,WR,0,0,0,0,0,0,0,97,1,8,11,0.0,0.0,7
wr_la,Puka Nacua,LA,NO,9,2025,2025_09_NO_LA,WR,0,0,0,0,0,0,0,146,1,12,16,0.0,0.0,8
wr_lac,Keenan Allen,LAC,KC,1,2025,2025_01_KC_LAC,WR,0,0,0,0,0,0,0,92,1,7,9,0.0,0.0,1
wr_lac,Keenan Allen,LAC,LV,2,2025,2025_02_LAC_LV,WR,0,0,0,0,0,0,0,47,0,3,4,0.0,0.0,2
wr_lac,Keenan Allen,LAC,DEN,3,2025,2025_03_DEN_LAC,WR,0,0,0,0,0,0,0,73,0,6,8,0.0,0.0,3
wr_lac,Keenan Allen,LAC,NYG,4,2025,2025_04_LAC_NYG,WR,0,0,0,0,0,0,0,48,0,4,5,0.0,0.0,4
wr_lac,Keenan Allen,LAC,WAS,5,2025,2025_05_WAS_LAC,WR,0,0,0,0,0,0,0,33,0,2,2,0.0,0.0,5
wr_lac,Keenan Allen,LAC,MIA,6,2025,2025_06_LAC_MIA,WR,0,0,0,0,0,0,0,101,0,8,11,0.0,0.0,6
wr_lac,Keenan Allen,LAC,IND,7,2025,2025_07_IND_LAC,WR,0,0,0,0,0,0,0,114,0,9,12,0.0,0.0,7
wr_lac,Keenan Allen,LAC,MIN,8,2025,2025_08_MIN_LAC,WR,0,0,0,0,0,0,0,108,0,9,12,0.0,0.0,8
wr_lac,Keenan Allen,LAC,TEN,9,2025,2025_09_LAC_TEN,WR,0,0,0,0,0,0,0,119,0,9,12,0.0,0.0,9
wr_lv,Davante Adams,LV,NE,1,2025,2025_01_LV_NE,WR,0,0,0,0,0,0,0,58,0,4,5,0.0,0.0,1
wr_lv,Davante Adams,LV,LAC,2,2025,2025_02_LAC_LV,WR,0,0,0,0,0,0,0,4,0,0,0,0.0,0.0,2
wr_lv,Davante Adams,LV,WAS,3,2025,2025_03_LV_WAS,WR,0,0,0,0,0,0,0,66,1,5,7,0.0,0.0,3
wr_lv,Davante Adams,LV,CHI,4,2025,2025_04_CHI_LV,WR,0,0,0,0,0,0,0,89,0,7,9,0.0,0.0,4
wr_lv,Davante Adams,LV,IND,5,2025,2025_05_LV_IND,WR,0,0,0,0,0,0,0,47,0,3,4,0.0,0.0,5
wr_lv,Davante Adams,LV,TEN,6,2025,2025_06_TEN_LV,WR,0,0,0,0,0,0,0,71,0,5,7,0.0,0.0,6
wr_lv,Davante Adams,LV,KC,7,2025,2025_07_LV_KC,WR,0,0,0,0,0,0,0,48,0,4,5,0.0,0.0,7
wr_lv,Davante Adams,LV,JAX,9,2025,2025_09_JAX_LV,WR,0,0,0,0,0,0,0,84,0,7,9,0.0,0.0,8
wr_mia,Tyreek Hill,MIA,IND,1,2025,2025_01_MIA_IND,WR,0,0,0,0,0,0,0,41,0,3,4,0.0,0.0,1
wr_mia,Tyreek Hill,MIA,NE,2,2025,2025_02_NE_MIA,WR,0,0,0,0,0,0,0,58,0,4,5,0.0,0.0,2
wr_mia,Tyreek Hill,MIA,BUF,3,2025,2025_03_MIA_BUF,WR,0,0,0,0,0,0,0,49,0,4,5,0.0,0.0,3
wr_mia,Tyreek Hill,MIA,NYJ,4,2025,2025_04_NYJ_MIA,WR,0,0,0,0,0,0,0,79,0,6,8,0.0,0.0,4
wr_mia,Tyreek Hill,MIA,CAR,5,2025,2025_05_MIA_CAR,WR,0,0,0,0,0,0,0,102,0,8,11,0.0,0.0,5
wr_mia,Tyreek Hill,MIA,LAC,6,2025,2025_06_LAC_MIA,WR,0,0,0,0,0,0,0,91,0,7,9,0.0,0.0,6
wr_mia,Tyreek Hill,MIA,CLE,7,2025,2025_07_MIA_CLE,WR,0,0,0,0,0,0,0,55,0,4,5,0.0,0.0,7
wr_mia,Tyreek Hill,MIA,ATL,8,2025,2025_08_MIA_ATL,WR,0,0,0,0,0,0,0,102,1,8,11,0.0,0.0,8
wr_mia,Tyreek Hill,MIA,BAL,9,2025,2025_09_BAL_MIA,WR,0,0,0,0,0,0,0,10,0,0,0,0.0,0.0,9
wr_min,Justin Jefferson,MIN,CHI,1,2025,2025_01_MIN_CHI,WR,0,0,0,0,0,0,0,106,0,8,11,0.0,0.0,1
wr_min,Justin Jefferson,MIN,ATL,2,2025,2025_02_ATL_MIN,WR,0,0,0,0,0,0,0,37,0,3,4,0.0,0.0,2
wr_min,Justin Jefferson,MIN,CIN,3,2025,2025_03_CIN_MIN,WR,0,0,0,0,0,0,0,170,1,14,19,0.0,0.0,3
wr_min,Justin Jefferson,MIN,PIT,4,2025,2025_04_MIN_PIT,WR,0,0,0,0,0,0,0,87,0,7,9,0.0,0.0,4
wr_min,Justin Jefferson,MIN,CLE,5,2025,2025_05_MIN_CLE,WR,0,0,0,0,0,0,0,49,0,4,5,0.0,0.0,5
wr_min,Justin Jefferson,MIN,PHI,7,2025,2025_07_PHI_MIN,WR,0,0,0,0,0,0,0,53,0,4,5,0.0,0.0,6
wr_min,Justin Jefferson,MIN,LAC,8,2025,2025_08_MIN_LAC,WR,0,0,0,0,0,0,0,37,0,3,4,0.0,0.0,7
wr_min,Justin Jefferson,MIN,DET,9,2025,2025_09_MIN_DET,WR,0,0,0,0,0,0,0,105,0,8,11,0.0,0.0,8
wr_ne,Demario Douglas,NE,LV,1,2025,2025_01_LV_NE,WR,0,0,0,0,0,0,0,47,0,3,4,0.0,0.0,1
wr_ne,Demario Douglas,NE,MIA,2,2025,2025_02_NE_MIA,WR,0,0,0,0,0,0,0,106,1,8,11,0.0,0.0,2
wr_ne,Demario Douglas,NE,PIT,3,2025,2025_03_PIT_NE,WR,0,0,0,0,0,0,0,91,0,7,9,0.0,0.0,3
wr_ne,Demario Douglas,NE,CAR,4,2025,2025_04_CAR_NE,WR,0,0,0,0,0,0,0,124,1,10,14,0.0,0.0,4
wr_ne,Demario Douglas,NE,BUF,5,2025,2025_05_NE_BUF,WR,0,0,0,0,0,0,0,54,0,4,5,0.0,0.0,5
wr_ne,Demario Douglas,NE,NO,6,2025,2025_06_NE_NO,WR,0,0,0,0,0,0,0,75,0,6,8,0.0,0.0,6
wr_ne,Demario Douglas,NE,TEN,7,2025,2025_07_NE_TEN,WR,0,0,0,0,0,0,0,82,1,6,8,0.0,0.0,7
wr_ne,Demario Douglas,NE,CLE,8,2025,2025_08_CLE_NE,WR,0,0,0,0,0,0,0,73,1,6,8,0.0,0.0,8
wr_ne,Demario Douglas,NE,ATL,9,2025,2025_09_ATL_NE,WR,0,0,0,0,0,0,0,68,1,5,7,0.0,0.0,9
wr_no,Chris Olave,NO,ARI,1,2025,2025_01_ARI_NO,WR,0,0,0,0,0,0,0,41,0,3,4,0.0,0.0,1
wr_no,Chris Olave,NO,SF,2,2025,2025_02_SF_NO,WR,0,0,0,0,0,0,0,20,0,1,1,0.0,0.0,2
wr_no,Chris Olave,NO,SEA,3,2025,2025_03_NO_SEA,WR,0,0,0,0,0,0,0,34,0,2,2,0.0,0.0,3
wr_no,Chris Olave,NO,BUF,4,2025,2025_04_NO_BUF,WR,0,0,0,0,0,0,0,50,0,4,5,0.0,0.0,4
wr_no,Chris Olave,NO,NYG,5,2025,2025_05_NYG_NO,WR,0,0,0,0,0,0,0,96,0,8,11,0.0,0.0,5
wr_no,Chris Olave,NO,NE,6,2025,2025_06_NE_NO,WR,0,0,0,0,0,0,0,83,0,6,8,0.0,0.0,6
wr_no,Chris Olave,NO,CHI,7,2025,2025_07_NO_CHI,WR,0,0,0,0,0,0,0,43,0,3,4,0.0,0.0,7
wr_no,Chris Olave,NO,TB,8,2025,2025_08_TB_NO,WR,0,0,0,0,0,0,0,33,0,2,2,0.0,0.0,8
wr_no,Chris Olave,NO,LA,9,2025,2025_09_NO_LA,WR,0,0,0,0,0,0,0,56,0,4,5,0.0,0.0,9
wr_nyg,Malik Nabers,NYG,WAS,1,2025,2025_01_NYG_WAS,WR,0,0,0,0,0,0,0,32,0,2,2,0.0,0.0,1
wr_nyg,Malik Nabers,NYG,DAL,2,2025,2025_02_NYG_DAL,WR,0,0,0,0,0,0,0,137,1,11,15,0.0,0.0,2
wr_nyg,Malik Nabers,NYG,KC,3,2025,2025_03_KC_NYG,WR,0,0,0,0,0,0,0,60,0,5,7,0.0,0.0,3
wr_nyg,Malik Nabers,NYG,LAC,4,2025,2025_04_LAC_NYG,WR,0,0,0,0,0,0,0,45,0,3,4,0.0,0.0,4
wr_nyg,Malik Nabers,NYG,NO,5,2025,2025_05_NYG_NO,WR,0,0,0,0,0,0,0,54,0,4,5,0.0,0.0,5
wr_nyg,Malik Nabers,NYG,PHI,6,2025,2025_06_PHI_NYG,WR,0,0,0,0,0,0,0,109,1,9,12,0.0,0.0,6
wr_nyg,Malik Nabers,NYG,DEN,7,2025,2025_07_NYG_DEN,WR,0,0,0,0,0,0,0,126,1,10,14,0.0,0.0,7
wr_nyg,Malik Nabers,NYG,PHI,8,2025,2025_08_NYG_PHI,WR,0,0,0,0,0,0,0,60,0,5,7,0.0,0.0,8
wr_nyg,Malik Nabers,NYG,SF,9,2025,2025_09_SF_NYG,WR,0,0,0,0,0,0,0,94,0,7,9,0.0,0.0,9
wr_nyj,Garrett Wilson,NYJ,PIT,1,2025,2025_01_PIT_NYJ,WR,0,0,0,0,0,0,0,117,0,9,12,0.0,0.0,1
wr_nyj,Garrett Wilson,NYJ,BUF,2,2025,2025_02_BUF_NYJ,WR,0,0,0,0,0,0,0,32,0,2,2,0.0,0.0,2
wr_nyj,Garrett Wilson,NYJ,TB,3,2025,2025_03_NYJ_TB,WR,0,0,0,0,0,0,0,91,0,7,9,0.0,0.0,3
wr_nyj,Garrett Wilson,NYJ,MIA,4,2025,2025_04_NYJ_MIA,WR,0,0,0,0,0,0,0,61,0,5,7,0.0,0.0,4
wr_nyj,Garrett Wilson,NYJ,DAL,5,2025,2025_05_DAL_NYJ,WR,0,0,0,0,0,0,0,47,0,3,4,0.0,0.0,5
wr_nyj,Garrett Wilson,NYJ,DEN,6,2025,2025_06_DEN_NYJ,WR,0,0,0,0,0,0,0,34,0,2,2,0.0,0.0,6
wr_nyj,Garrett Wilson,NYJ,CAR,7,2025,2025_07_CAR_NYJ,WR,0,0,0,0,0,0,0,12,0,1,1,0.0,0.0,7
wr_nyj,Garrett Wilson,NYJ,CIN,8,2025,2025_08_NYJ_CIN,WR,0,0,0,0,0,0,0,125,1,10,14,0.0,0.0,8
wr_phi,AJ Brown,PHI,DAL,1,2025,2025_01_DAL_PHI,WR,0,0,0,0,0,0,0,54,0,4,5,0.0,0.0,1
wr_phi,AJ Brown,PHI,KC,2,2025,2025_02_PHI_KC,WR,0,0,0,0,0,0,0,58,0,4,5,0.0,0.0,2
wr_phi,AJ Brown,PHI,LA,3,2025,2025_03_LA_PHI,WR,0,0,0,0,0,0,0,101,1,8,11,0.0,0.0,3
wr_phi,AJ Brown,PHI,TB,4,2025,2025_04_PHI_TB,WR,0,0,0,0,0,0,0,123,1,10,14,0.0,0.0,4
wr_phi,AJ Brown,PHI,DEN,5,2025,2025_05_DEN_PHI,WR,0,0,0,0,0,0,0,58,0,4,5,0.0,0.0,5
wr_phi,AJ Brown,PHI,NYG,6,2025,2025_06_PHI_NYG,WR,0,0,0,0,0,0,0,35,0,2,2,0.0,0.0,6
wr_phi,AJ Brown,PHI,MIN,7,2025,2025_07_PHI_MIN,WR,0,0,0,0,0,0,0,83,0,6,8,0.0,0.0,7
wr_phi,AJ Brown,PHI,NYG,8,2025,2025_08_NYG_PHI,WR,0,0,0,0,0,0,0,132,0,11,15,0.0,0.0,8
wr_pit,George Pickens,PIT,NYJ,1,2025,2025_01_PIT_NYJ,WR,0,0,0,0,0,0,0,68,1,5,7,0.0,0.0,1
wr_pit,George Pickens,PIT,SEA,2,2025,2025_02_SEA_PIT,WR,0,0,0,0,0,0,0,85,0,7,9,0.0,0.0,2
wr_pit,George Pickens,PIT,NE,3,2025,2025_03_PIT_NE,WR,0,0,0,0,0,0,0,115,0,9,12,0.0,0.0,3
wr_pit,George Pickens,PIT,MIN,4,2025,2025_04_MIN_PIT,WR,0,0,0,0,0,0,0,67,0,5,7,0.0,0.0,4
wr_pit,George Pickens,PIT,CLE,6,2025,2025_06_CLE_PIT,WR,0,0,0,0,0,0,0,80,0,6,8,0.0,0.0,5
wr_pit,George Pickens,PIT,CIN,7,2025,2025_07_PIT_CIN,WR,0,0,0,0,0,0,0,134,1,11,15,0.0,0.0,6
wr_pit,George Pickens,PIT,GB,8,2025,2025_08_GB_PIT,WR,0,0,0,0,0,0,0,47,0,3,4,0.0,0.0,7
wr_pit,George Pickens,PIT,IND,9,2025,2025_09_IND_PIT,WR,0,0,0,0,0,0,0,79,0,6,8,0.0,0.0,8
wr_sea,DK Metcalf,SEA,SF,1,2025,2025_01_SF_SEA,WR,0,0,0,0,0,0,0,54,0,4,5,0.0,0.0,1
wr_sea,DK Metcalf,SEA,PIT,2,2025,2025_02_SEA_PIT,WR,0,0,0,0,0,0,0,94,1,7,9,0.0,0.0,2
wr_sea,DK Metcalf,SEA,NO,3,2025,2025_03_NO_SEA,WR,0,0,0,0,0,0,0,135,1,11,15,0.0,0.0,3
wr_sea,DK Metcalf,SEA,ARI,4,2025,2025_04_SEA_ARI,WR,0,0,0,0,0,0,0,54,0,4,5,0.0,0.0,4
wr_sea,DK Metcalf,SEA,TB,5,2025,2025_05_TB_SEA,WR,0,0,0,0,0,0,0,81,1,6,8,0.0,0.0,5
wr_sea,DK Metcalf,SEA,JAX,6,2025,2025_06_SEA_JAX,WR,0,0,0,0,0,0,0,81,0,6,8,0.0,0.0,6
wr_sea,DK Metcalf,SEA,HOU,7,2025,2025_07_HOU_SEA,WR,0,0,0,0,0,0,0,87,1,7,9,0.0,0.0,7
wr_sea,DK Metcalf,SEA,WAS,9,2025,2025_09_SEA_WAS,WR,0,0,0,0,0,0,0,118,1,9,12,0.0,0.0,8
wr_sf,Deebo Samuel,SF,SEA,1,2025,2025_01_SF_SEA,WR,0,0,0,0,0,0,0,65,0,5,7,0.0,0.0,1
wr_sf,Deebo Samuel,SF,NO,2,2025,2025_02_SF_NO,WR,0,0,0,0,0,0,0,84,0,7,9,0.0,0.0,2
wr_sf,Deebo Samuel,SF,ARI,3,2025,2025_03_ARI_SF,WR,0,0,0,0,0,0,0,64,0,5,7,0.0,0.0,3
wr_sf,Deebo Samuel,SF,JAX,4,2025,2025_04_JAX_SF,WR,0,0,0,0,0,0,0,71,0,5,7,0.0,0.0,4
wr_sf,Deebo Samuel,SF,LA,5,2025,2025_05_SF_LA,WR,0,0,0,0,0,0,0,90,0,7,9,0.0,0.0,5
wr_sf,Deebo Samuel,SF,TB,6,2025,2025_06_SF_TB,WR,0,0,0,0,0,0,0,80,0,6,8,0.0,0.0,6
wr_sf,Deebo Samuel,SF,ATL,7,2025,2025_07_ATL_SF,WR,0,0,0,0,0,0,0,63,0,5,7,0.0,0.0,7
wr_sf,Deebo Samuel,SF,HOU,8,2025,2025_08_SF_HOU,WR,0,0,0,0,0,0,0,59,0,4,5,0.0,0.0,8
wr_sf,Deebo Samuel,SF,NYG,9,2025,2025_09_SF_NYG,WR,0,0,0,0,0,0,0,171,1,14,19,0.0,0.0,9
wr_tb,Mike Evans,TB,ATL,1,2025,2025_01_TB_ATL,WR,0,0,0,0,0,0,0,61,0,5,7,0.0,0.0,1
wr_tb,Mike Evans,TB,HOU,2,2025,2025_02_TB_HOU,WR,0,0,0,0,0,0,0,28,0,2,2,0.0,0.0,2
wr_tb,Mike Evans,TB,NYJ,3,2025,2025_03_NYJ_TB,WR,0,0,0,0,0,0,0,112,0,9,12,0.0,0.0,3
wr_tb,Mike Evans,TB,PHI,4,2025,2025_04_PHI_TB,WR,0,0,0,0,0,0,0,104,0,8,11,0.0,0.0,4
wr_tb,Mike Evans,TB,SEA,5,2025,2025_05_TB_SEA,WR,0,0,0,0,0,0,0,99,1,8,11,0.0,0.0,5
wr_tb,Mike Evans,TB,SF,6,2025,2025_06_SF_TB,WR,0,0,0,0,0,0,0,129,0,10,14,0.0,0.0,6
wr_tb,Mike Evans,TB,DET,7,2025,2025_07_TB_DET,WR,0,0,0,0,0,0,0,52,0,4,5,0.0,0.0,7
wr_tb,Mike Evans,TB,NO,8,2025,2025_08_TB_NO,WR,0,0,0,0,0,0,0,72,0,6,8,0.0,0.0,8
wr_ten,DeAndre Hopkins,TEN,DEN,1,2025,2025_01_TEN_DEN,WR,0,0,0,0,0,0,0,-11,0,0,0,0.0,0.0,1
wr_ten,DeAndre Hopkins,TEN,LA,2,2025,2025_02_LA_TEN,WR,0,0,0,0,0,0,0,105,0,8,11,0.0,0.0,2
wr_ten,DeAndre Hopkins,TEN,IND,3,2025,2025_03_IND_TEN,WR,0,0,0,0,0,0,0,15,0,1,1,0.0,0.0,3
wr_ten,DeAndre Hopkins,TEN,HOU,4,2025,2025_04_TEN_HOU,WR,0,0,0,0,0,0,0,43,0,3,4,0.0,0.0,4
wr_ten,DeAndre Hopkins,TEN,ARI,5,2025,2025_05_TEN_ARI,WR,0,0,0,0,0,0,0,21,0,1,1,0.0,0.0,5
wr_ten,DeAndre Hopkins,TEN,LV,6,2025,2025_06_TEN_LV,WR,0,0,0,0,0,0,0,46,0,3,4,0.0,0.0,6
wr_ten,DeAndre Hopkins,TEN,NE,7,2025,2025_07_NE_TEN,WR,0,0,0,0,0,0,0,40,0,3,4,0.0,0.0,7
wr_ten,DeAndre Hopkins,TEN,IND,8,2025,2025_08_TEN_IND,WR,0,0,0,0,0,0,0,75,0,6,8,0.0,0.0,8
wr_ten,DeAndre Hopkins,TEN,LAC,9,2025,2025_09_LAC_TEN,WR,0,0,0,0,0,0,0,106,0,8,11,0.0,0.0,9
wr_was,Terry McLaurin,WAS,NYG,1,2025,2025_01_NYG_WAS,WR,0,0,0,0,0,0,0,94,0,7,9,0.0,0.0,1
wr_was,Terry McLaurin,WAS,GB,2,2025,2025_02_WAS_GB,WR,0,0,0,0,0,0,0,48,0,4,5,0.0,0.0,2
wr_was,Terry McLaurin,WAS,LV,3,2025,2025_03_LV_WAS,WR,0,0,0,0,0,0,0,123,1,10,14,0.0,0.0,3
wr_was,Terry McLaurin,WAS,ATL,4,2025,2025_04_WAS_ATL,WR,0,0,0,0,0,0,0,69,0,5,7,0.0,0.0,4
wr_was,Terry McLaurin,WAS,LAC,5,2025,2025_05_WAS_LAC,WR,0,0,0,0,0,0,0,97,1,8,11,0.0,0.0,5
wr_was,Terry McLaurin,WAS,CHI,6,2025,2025_06_CHI_WAS,WR,0,0,0,0,0,0,0,108,0,9,12,0.0,0.0,6
wr_was,Terry McLaurin,WAS,DAL,7,2025,2025_07_WAS_DAL,WR,0,0,0,0,0,0,0,57,0,4,5,0.0,0.0,7
wr_was,Terry McLaurin,WAS,KC,8,2025,2025_08_WAS_KC,WR,0,0,0,0,0,0,0,64,0,5,7,0.0,0.0,8
wr_was,Terry McLaurin,WAS,SEA,9,2025,2025_09_SEA_WAS,WR,0,0,0,0,0,0,0,60,0,5,7,0.0,0.0,9
