player_id,player_name,team,opponent,week,season,game_id,position,passing_yards,passing_tds,completions,attempts,rushing_yards,rushing_tds,carries,receiving_yards,receiving_tds,receptions,targets,season_avg_rec_yards,l3_avg_rec_yards,games_played
rb_ari,James Conner,ARI,CAR,2,2025,2025_02_CAR_ARI,RB,0,0,0,0,88,1,22,43,0,5,6,43.0,43.0,1
rb_ari,James Conner,ARI,SF,3,2025,2025_03_ARI_SF,RB,0,0,0,0,36,1,9,30,0,3,3,36.5,36.5,2
rb_ari,James Conner,ARI,TEN,5,2025,2025_05_TEN_ARI,RB,0,0,0,0,115,1,26,15,0,1,1,29.333333333333332,29.333333333333332,3
rb_ari,James Conner,ARI,IND,6,2025,2025_06_ARI_IND,RB,0,0,0,0,76,0,17,26,0,3,3,28.5,23.666666666666668,4
rb_ari,James Conner,ARI,GB,7,2025,2025_07_GB_ARI,RB,0,0,0,0,102,1,26,32,0,4,5,29.2,24.333333333333332,5
rb_ari,James Conner,ARI,DAL,9,2025,2025_09_ARI_DAL,RB,0,0,0,0,93,1,19,44,0,5,6,31.666666666666668,34.0,6
rb_atl,Bijan Robinson,ATL,TB,1,2025,2025_01_TB_ATL,RB,0,0,0,0,97,1,22,26,0,3,3,26.0,26.0,1
rb_atl,Bijan Robinson,ATL,MIN,2,2025,2025_02_ATL_MIN,RB,0,0,0,0,114,1,29,8,0,1,1,17.0,17.0,2
rb_atl,Bijan Robinson,ATL,CAR,3,2025,2025_03_ATL_CAR,RB,0,0,0,0,34,0,3,9,0,1,1,14.333333333333334,14.333333333333334,3
rb_atl,Bijan Robinson,ATL,WAS,4,2025,2025_04_WAS_ATL,RB,0,0,0,0,81,1,16,35,0,4,5,19.5,17.333333333333332,4
rb_atl,Bijan Robinson,ATL,BUF,6,2025,2025_06_BUF_ATL,RB,0,0,0,0,80,1,15,41,0,5,6,23.8,28.333333333333332,5
rb_atl,Bijan Robinson,ATL,SF,7,2025,2025_07_ATL_SF,RB,0,0,0,0,61,0,10,23,0,2,2,23.666666666666668,33.0,6
rb_atl,Bijan Robinson,ATL,MIA,8,2025,2025_08_MIA_ATL,RB,0,0,0,0,73,0,16,9,0,1,1,21.571428571428573,24.333333333333332,7
rb_atl,Bijan Robinson,ATL,NE,9,2025,2025_09_ATL_NE,RB,0,0,0,0,63,1,14,11,0,1,1,20.25,14.333333333333334,8
rb_bal,Derrick Henry,BAL,BUF,1,2025,2025_01_BAL_BUF,RB,0,0,0,0,52,2,11,34,0,4,5,34.0,34.0,1
rb_bal,Derrick Henry,BAL,CLE,2,2025,2025_02_CLE_BAL,RB,0,0,0,0,75,2,18,42,0,5,6,38.0,38.0,2
rb_bal,Derrick Henry,BAL,DET,3,2025,2025_03_DET_BAL,RB,0,0,0,0,43,2,10,28,0,3,3,34.666666666666664,34.666666666666664,3
rb_bal,Derrick Henry,BAL,KC,4,2025,2025_04_BAL_KC,RB,0,0,0,0,70,1,15,41,0,5,6,36.25,37.0,4
rb_bal,Derrick Henry,BAL,HOU,5,2025,2025_05_HOU_BAL,RB,0,0,0,0,43,0,8,28,0,3,3,34.6,32.333333333333336,5
rb_bal,Derrick Henry,BAL,LA,6,2025,2025_06_LA_BAL,RB,0,0,0,0,61,0,11,55,0,6,7,38.0,41.333333333333336,6
rb_bal,Derrick Henry,BAL,CHI,8,2025,2025_08_CHI_BAL,RB,0,0,0,0,86,1,22,46,0,5,6,39.142857142857146,43.0,7
rb_bal,Derrick Henry,BAL,MIA,9,2025,2025_09_BAL_MIA,RB,0,0,0,0,63,1,12,9,0,1,1,35.375,36.666666666666664,8
rb_buf,James Cook,BUF,BAL,1,2025,2025_01_BAL_BUF,RB,0,0,0,0,133,2,28,8,0,1,1,8.0,8.0,1
rb_buf,James Cook,BUF,NYJ,2,2025,2025_02_BUF_NYJ,RB,0,0,0,0,54,2,12,28,0,3,3,18.0,18.0,2
rb_buf,James Cook,BUF,MIA,3,2025,2025_03_MIA_BUF,RB,0,0,0,0,82,1,20,38,0,4,5,24.666666666666668,24.666666666666668,3
rb_buf,James Cook,BUF,NO,4,2025,2025_04_NO_BUF,RB,0,0,0,0,83,2,21,23,0,2,2,24.25,29.666666666666668,4
rb_buf,James Cook,BUF,NE,5,2025,2025_05_NE_BUF,RB,0,0,0,0,63,1,13,21,0,2,2,23.6,27.333333333333332,5
rb_buf,James Cook,BUF,ATL,6,2025,2025_06_BUF_ATL,RB,0,0,0,0,79,0,18,47,0,5,6,27.5,30.333333333333332,6
rb_buf,James Cook,BUF,CAR,8,2025,2025_08_BUF_CAR,RB,0,0,0,0,74,2,17,35,0,4,5,28.571428571428573,34.333333333333336,7
rb_buf,James Cook,BUF,KC,9,2025,2025_09_KC_BUF,RB,0,0,0,0,109,2,25,63,0,7,9,32.875,48.333333333333336,8
rb_car,Chuba Hubbard,CAR,JAX,1,2025,2025_01_CAR_JAX,RB,0,0,0,0,43,0,9,26,0,3,3,26.0,26.0,1
rb_car,Chuba Hubbard,CAR,ARI,2,2025,2025_02_CAR_ARI,RB,0,0,0,0,46,1,8,49,0,6,7,37.5,37.5,2
rb_car,Chuba Hubbard,CAR,ATL,3,2025,2025_03_ATL_CAR,RB,0,0,0,0,115,1,26,30,0,3,3,35.0,35.0,3
rb_car,Chuba Hubbard,CAR,NE,4,2025,2025_04_CAR_NE,RB,0,0,0,0,67,0,15,20,0,2,2,31.25,33.0,4
rb_car,Chuba Hubbard,CAR,MIA,5,2025,2025_05_MIA_CAR,RB,0,0,0,0,52,2,12,28,0,3,3,30.6,26.0,5
rb_car,Chuba Hubbard,CAR,DAL,6,2025,2025_06_DAL_CAR,RB,0,0,0,0,62,2,14,42,0,5,6,32.5,30.0,6
rb_car,Chuba Hubbard,CAR,NYJ,7,2025,2025_07_CAR_NYJ,RB,0,0,0,0,50,1,9,15,0,1,1,30.0,28.333333333333332,7
rb_car,Chuba Hubbard,CAR,BUF,8,2025,2025_08_BUF_CAR,RB,0,0,0,0,46,1,9,53,0,6,7,32.875,36.666666666666664,8
rb_car,Chuba Hubbard,CAR,GB,9,2025,2025_09_CAR_GB,RB,0,0,0,0,54,1,9,21,0,2,2,31.555555555555557,29.666666666666668,9
rb_chi,D'Andre Swift,CHI,MIN,1,2025,2025_01_MIN_CHI,RB,0,0,0,0,74,1,17,48,0,6,7,48.0,48.0,1
rb_chi,D'Andre Swift,CHI,DET,2,2025,2025_02_CHI_DET,RB,0,0,0,0,57,1,11,46,0,5,6,47.0,47.0,2
rb_chi,D'Andre Swift,CHI,LV,4,2025,2025_04_CHI_LV,RB,0,0,0,0,84,1,21,32,0,4,5,42.0,42.0,3
rb_chi,D'Andre Swift,CHI,WAS,6,2025,2025_06_CHI_WAS,RB,0,0,0,0,98,1,18,41,0,5,6,41.75,39.666666666666664,4
rb_chi,D'Andre Swift,CHI,NO,7,2025,2025_07_NO_CHI,RB,0,0,0,0,87,2,19,42,0,5,6,41.8,38.333333333333336,5
rb_chi,D'Andre Swift,CHI,BAL,8,2025,2025_08_CHI_BAL,RB,0,0,0,0,77,0,17,38,0,4,5,41.166666666666664,40.333333333333336,6
rb_chi,D'Andre Swift,CHI,CIN,9,2025,2025_09_CHI_CIN,RB,0,0,0,0,99,3,20,10,0,1,1,36.714285714285715,30.0,7
rb_cin,CIN RB,CIN,CLE,1,2025,2025_01_CIN_CLE,RB,0,0,0,0,39,0,9,28,0,3,3,28.0,28.0,1
rb_cin,CIN RB,CIN,JAX,2,2025,2025_02_JAX_CIN,RB,0,0,0,0,47,2,8,31,0,3,3,29.5,29.5,2
rb_cin,CIN RB,CIN,MIN,3,2025,2025_03_CIN_MIN,RB,0,0,0,0,24,0,4,33,0,4,5,30.666666666666668,30.666666666666668,3
rb_cin,CIN RB,CIN,DEN,4,2025,2025_04_CIN_DEN,RB,0,0,0,0,96,0,24,44,0,5,6,34.0,36.0,4
rb_cin,CIN RB,CIN,DET,5,2025,2025_05_DET_CIN,RB,0,0,0,0,46,1,13,56,0,7,9,38.4,44.333333333333336,5
rb_cin,CIN RB,CIN,GB,6,2025,2025_06_CIN_GB,RB,0,0,0,0,46,1,12,39,0,4,5,38.5,46.333333333333336,6
rb_cin,CIN RB,CIN,PIT,7,2025,2025_07_PIT_CIN,RB,0,0,0,0,59,2,13,43,0,5,6,39.142857142857146,46.0,7
rb_cin,CIN RB,CIN,NYJ,8,2025,2025_08_NYJ_CIN,RB,0,0,0,0,61,2,15,48,0,6,7,40.25,43.333333333333336,8
rb_cin,CIN RB,CIN,CHI,9,2025,2025_09_CHI_CIN,RB,0,0,0,0,83,2,19,22,0,2,2,38.22222222222222,37.666666666666664,9
rb_cle,Nick Chubb,CLE,CIN,1,2025,2025_01_CIN_CLE,RB,0,0,0,0,95,1,20,15,0,1,1,15.0,15.0,1
rb_cle,Nick Chubb,CLE,BAL,2,2025,2025_02_CLE_BAL,RB,0,0,0,0,38,0,13,17,0,2,2,16.0,16.0,2
rb_cle,Nick Chubb,CLE,GB,3,2025,2025_03_GB_CLE,RB,0,0,0,0,41,0,10,25,0,3,3,19.0,19.0,3
rb_cle,Nick Chubb,CLE,DET,4,2025,2025_04_CLE_DET,RB,0,0,0,0,57,0,9,30,0,3,3,21.75,24.0,4
rb_cle,Nick Chubb,CLE,MIN,5,2025,2025_05_MIN_CLE,RB,0,0,0,0,80,1,20,19,0,2,2,21.2,24.666666666666668,5
rb_cle,Nick Chubb,CLE,PIT,6,2025,2025_06_CLE_PIT,RB,0,0,0,0,65,0,14,35,0,4,5,23.5,28.0,6
rb_cle,Nick Chubb,CLE,MIA,7,2025,2025_07_MIA_CLE,RB,0,0,0,0,46,2,9,26,0,3,3,23.857142857142858,26.666666666666668,7
rb_cle,Nick Chubb,CLE,NE,8,2025,2025_08_CLE_NE,RB,0,0,0,0,40,0,9,46,0,5,6,26.625,35.666666666666664,8
rb_dal,Tony Pollard,DAL,PHI,1,2025,2025_01_DAL_PHI,RB,0,0,0,0,95,1,20,34,0,4,5,34.0,34.0,1
rb_dal,Tony Pollard,DAL,NYG,2,2025,2025_02_NYG_DAL,RB,0,0,0,0,62,3,15,15,0,1,1,24.5,24.5,2
rb_dal,Tony Pollard,DAL,CHI,3,2025,2025_03_DAL_CHI,RB,0,0,0,0,63,0,15,20,0,2,2,23.0,23.0,3
rb_dal,Tony Pollard,DAL,GB,4,2025,2025_04_GB_DAL,RB,0,0,0,0,43,2,9,22,0,2,2,22.75,19.0,4
rb_dal,Tony Pollard,DAL,NYJ,5,2025,2025_05_DAL_NYJ,RB,0,0,0,0,77,3,15,46,0,5,6,27.4,29.333333333333332,5
rb_dal,Tony Pollard,DAL,CAR,6,2025,2025_06_DAL_CAR,RB,0,0,0,0,62,2,16,43,0,5,6,30.0,37.0,6
rb_dal,Tony Pollard,DAL,WAS,7,2025,2025_07_WAS_DAL,RB,0,0,0,0,93,2,21,43,0,5,6,31.857142857142858,44.0,7
rb_dal,Tony Pollard,DAL,DEN,8,2025,2025_08_DAL_DEN,RB,0,0,0,0,49,1,12,13,0,1,1,29.5,33.0,8
rb_dal,Tony Pollard,DAL,ARI,9,2025,2025_09_ARI_DAL,RB,0,0,0,0,50,1,11,39,0,4,5,30.555555555555557,31.666666666666668,9
rb_den,Javonte Williams,DEN,TEN,1,2025,2025_01_TEN_DEN,RB,0,0,0,0,34,1,8,11,0,1,1,11.0,11.0,1
rb_den,Javonte Williams,DEN,IND,2,2025,2025_02_DEN_IND,RB,0,0,0,0,84,2,21,36,0,4,5,23.5,23.5,2
rb_den,Javonte Williams,DEN,LAC,3,2025,2025_03_DEN_LAC,RB,0,0,0,0,78,0,18,39,0,4,5,28.666666666666668,28.666666666666668,3
rb_den,Javonte Williams,DEN,CIN,4,2025,2025_04_CIN_DEN,RB,0,0,0,0,94,1,20,43,0,5,6,32.25,39.333333333333336,4
rb_den,Javonte Williams,DEN,NYJ,6,2025,2025_06_DEN_NYJ,RB,0,0,0,0,76,0,15,27,0,3,3,31.2,36.333333333333336,5
rb_den,Javonte Williams,DEN,NYG,7,2025,2025_07_NYG_DEN,RB,0,0,0,0,62,2,14,22,0,2,2,29.666666666666668,30.666666666666668,6
rb_den,Javonte Williams,DEN,DAL,8,2025,2025_08_DAL_DEN,RB,0,0,0,0,95,3,20,30,0,3,3,29.714285714285715,26.333333333333332,7
rb_den,Javonte Williams,DEN,HOU,9,2025,2025_09_DEN_HOU,RB,0,0,0,0,110,1,19,30,0,3,3,29.75,27.333333333333332,8
rb_det,Jahmyr Gibbs,DET,GB,1,2025,2025_01_DET_GB,RB,0,0,0,0,97,0,20,23,0,2,2,23.0,23.0,1
rb_det,Jahmyr Gibbs,DET,CHI,2,2025,2025_02_CHI_DET,RB,0,0,0,0,66,3,13,58,0,7,9,40.5,40.5,2
rb_det,Jahmyr Gibbs,DET,BAL,3,2025,2025_03_DET_BAL,RB,0,0,0,0,65,2,14,25,0,3,3,35.333333333333336,35.333333333333336,3
rb_det,Jahmyr Gibbs,DET,CLE,4,2025,2025_04_CLE_DET,RB,0,0,0,0,96,1,19,20,0,2,2,31.5,34.333333333333336,4
rb_det,Jahmyr Gibbs,DET,KC,6,2025,2025_06_DET_KC,RB,0,0,0,0,51,0,14,36,0,4,5,32.4,27.0,5
rb_det,Jahmyr Gibbs,DET,TB,7,2025,2025_07_TB_DET,RB,0,0,0,0,86,1,19,44,0,5,6,34.333333333333336,33.333333333333336,6
rb_det,Jahmyr Gibbs,DET,MIN,9,2025,2025_09_MIN_DET,RB,0,0,0,0,66,0,15,61,0,7,9,38.142857142857146,47.0,7
rb_gb,Josh Jacobs,GB,DET,1,2025,2025_01_DET_GB,RB,0,0,0,0,95,1,23,14,0,1,1,14.0,14.0,1
rb_gb,Josh Jacobs,GB,WAS,2,2025,2025_02_WAS_GB,RB,0,0,0,0,45,1,9,25,0,3,3,19.5,19.5,2
rb_gb,Josh Jacobs,GB,CLE,3,2025,2025_03_GB_CLE,RB,0,0,0,0,82,0,15,12,0,1,1,17.0,17.0,3
rb_gb,Josh Jacobs,GB,DAL,4,2025,2025_04_GB_DAL,RB,0,0,0,0,62,2,13,52,0,6,7,25.75,29.666666666666668,4
rb_gb,Josh Jacobs,GB,CIN,6,2025,2025_06_CIN_GB,RB,0,0,0,0,63,1,11,26,0,3,3,25.8,30.0,5
rb_gb,Josh Jacobs,GB,ARI,7,2025,2025_07_GB_ARI,RB,0,0,0,0,78,2,16,25,0,3,3,25.666666666666668,34.333333333333336,6
rb_gb,Josh Jacobs,GB,PIT,8,2025,2025_08_GB_PIT,RB,0,0,0,0,69,2,21,37,0,4,5,27.285714285714285,29.333333333333332,7
rb_gb,Josh Jacobs,GB,CAR,9,2025,2025_09_CAR_GB,RB,0,0,0,0,78,0,16,21,0,2,2,26.5,27.666666666666668,8
rb_hou,Joe Mixon,HOU,TB,2,2025,2025_02_TB_HOU,RB,0,0,0,0,38,1,5,63,0,7,9,63.0,63.0,1
rb_hou,Joe Mixon,HOU,JAX,3,2025,2025_03_HOU_JAX,RB,0,0,0,0,91,0,19,67,0,8,10,65.0,65.0,2
rb_hou,Joe Mixon,HOU,TEN,4,2025,2025_04_TEN_HOU,RB,0,0,0,0,91,1,20,37,0,4,5,55.666666666666664,55.666666666666664,3
rb_hou,Joe Mixon,HOU,SEA,7,2025,2025_07_HOU_SEA,RB,0,0,0,0,87,1,22,12,0,1,1,44.75,38.666666666666664,4
rb_hou,Joe Mixon,HOU,SF,8,2025,2025_08_SF_HOU,RB,0,0,0,0,50,1,12,33,0,4,5,42.4,27.333333333333332,5
rb_hou,Joe Mixon,HOU,DEN,9,2025,2025_09_DEN_HOU,RB,0,0,0,0,50,1,6,48,0,6,7,43.333333333333336,31.0,6
rb_ind,Jonathan Taylor,IND,MIA,1,2025,2025_01_MIA_IND,RB,0,0,0,0,97,2,19,13,0,1,1,13.0,13.0,1
rb_ind,Jonathan Taylor,IND,DEN,2,2025,2025_02_DEN_IND,RB,0,0,0,0,76,2,12,18,0,2,2,15.5,15.5,2
rb_ind,Jonathan Taylor,IND,TEN,3,2025,2025_03_IND_TEN,RB,0,0,0,0,125,2,28,54,0,6,7,28.333333333333332,28.333333333333332,3
rb_ind,Jonathan Taylor,IND,LA,4,2025,2025_04_IND_LA,RB,0,0,0,0,109,0,21,26,0,3,3,27.75,32.666666666666664,4
rb_ind,Jonathan Taylor,IND,LV,5,2025,2025_05_LV_IND,RB,0,0,0,0,97,2,27,22,0,2,2,26.6,34.0,5
rb_ind,Jonathan Taylor,IND,ARI,6,2025,2025_06_ARI_IND,RB,0,0,0,0,53,2,9,26,0,3,3,26.5,24.666666666666668,6
rb_ind,Jonathan Taylor,IND,LAC,7,2025,2025_07_IND_LAC,RB,0,0,0,0,31,3,9,34,0,4,5,27.571428571428573,27.333333333333332,7
rb_ind,Jonathan Taylor,IND,TEN,8,2025,2025_08_TEN_IND,RB,0,0,0,0,92,2,18,9,0,1,1,25.25,23.0,8
rb_ind,Jonathan Taylor,IND,PIT,9,2025,2025_09_IND_PIT,RB,0,0,0,0,56,1,14,29,0,3,3,25.666666666666668,24.0,9
rb_jax,Travis Etienne,JAX,CAR,1,2025,2025_01_CAR_JAX,RB,0,0,0,0,112,1,23,15,0,1,1,15.0,15.0,1
rb_jax,Travis Etienne,JAX,CIN,2,2025,2025_02_JAX_CIN,RB,0,0,0,0,92,1,23,24,0,3,3,19.5,19.5,2
rb_jax,Travis Etienne,JAX,HOU,3,2025,2025_03_HOU_JAX,RB,0,0,0,0,80,1,17,35,0,4,5,24.666666666666668,24.666666666666668,3
rb_jax,Travis Etienne,JAX,SF,4,2025,2025_04_JAX_SF,RB,0,0,0,0,82,2,18,37,0,4,5,27.75,32.0,4
rb_jax,Travis Etienne,JAX,KC,5,2025,2025_05_KC_JAX,RB,0,0,0,0,64,2,16,48,0,6,7,31.8,40.0,5
rb_jax,Travis Etienne,JAX,SEA,6,2025,2025_06_SEA_JAX,RB,0,0,0,0,85,0,21,13,0,1,1,28.666666666666668,32.666666666666664,6
rb_jax,Travis Etienne,JAX,LA,7,2025,2025_07_LA_JAX,RB,0,0,0,0,78,0,18,17,0,2,2,27.0,26.0,7
rb_jax,Travis Etienne,JAX,LV,9,2025,2025_09_JAX_LV,RB,0,0,0,0,60,2,15,35,0,4,5,28.0,21.666666666666668,8
rb_kc,Isiah Pacheco,KC,LAC,1,2025,2025_01_KC_LAC,RB,0,0,0,0,52,1,9,36,0,4,5,36.0,36.0,1
rb_kc,Isiah Pacheco,KC,PHI,2,2025,2025_02_PHI_KC,RB,0,0,0,0,65,1,14,32,0,4,5,34.0,34.0,2
rb_kc,Isiah Pacheco,KC,NYG,3,2025,2025_03_KC_NYG,RB,0,0,0,0,103,1,26,20,0,2,2,29.333333333333332,29.333333333333332,3
rb_kc,Isiah Pacheco,KC,BAL,4,2025,2025_04_BAL_KC,RB,0,0,0,0,70,1,11,16,0,2,2,26.0,22.666666666666668,4
rb_kc,Isiah Pacheco,KC,JAX,5,2025,2025_05_KC_JAX,RB,0,0,0,0,83,2,18,53,0,6,7,31.4,29.666666666666668,5
rb_kc,Isiah Pacheco,KC,DET,6,2025,2025_06_DET_KC,RB,0,0,0,0,76,2,15,45,0,5,6,33.666666666666664,38.0,6
rb_kc,Isiah Pacheco,KC,LV,7,2025,2025_07_LV_KC,RB,0,0,0,0,101,1,20,32,0,4,5,33.42857142857143,43.333333333333336,7
rb_kc,Isiah Pacheco,KC,WAS,8,2025,2025_08_WAS_KC,RB,0,0,0,0,105,2,19,27,0,3,3,32.625,34.666666666666664,8
rb_kc,Isiah Pacheco,KC,BUF,9,2025,2025_09_KC_BUF,RB,0,0,0,0,72,1,16,34,0,4,5,32.77777777777778,31.0,9
rb_la,Kyren Williams,LA,HOU,1,2025,2025_01_HOU_LA,RB,0,0,0,0,61,1,13,45,0,5,6,45.0,45.0,1
rb_la,Kyren Williams,LA,TEN,2,2025,2025_02_LA_TEN,RB,0,0,0,0,86,2,20,35,0,4,5,40.0,40.0,2
rb_la,Kyren Williams,LA,PHI,3,2025,2025_03_LA_PHI,RB,0,0,0,0,68,1,14,24,0,3,3,34.666666666666664,34.666666666666664,3
rb_la,Kyren Williams,LA,IND,4,2025,2025_04_IND_LA,RB,0,0,0,0,78,2,16,24,0,3,3,32.0,27.666666666666668,4
rb_la,Kyren Williams,LA,SF,5,2025,2025_05_SF_LA,RB,0,0,0,0,38,1,10,21,0,2,2,29.8,23.0,5
rb_la,Kyren Williams,LA,BAL,6,2025,2025_06_LA_BAL,RB,0,0,0,0,109,1,23,39,0,4,5,31.333333333333332,28.0,6
rb_la,Kyren Williams,LA,JAX,7,2025,2025_07_LA_JAX,RB,0,0,0,0,62,2,15,44,0,5,6,33.142857142857146,34.666666666666664,7
rb_lac,JK Dobbins,LAC,KC,1,2025,2025_01_KC_LAC,RB,0,0,0,0,57,1,12,46,0,5,6,46.0,46.0,1
rb_lac,JK Dobbins,LAC,LV,2,2025,2025_02_LAC_LV,RB,0,0,0,0,97,1,20,25,0,3,3,35.5,35.5,2
rb_lac,JK Dobbins,LAC,DEN,3,2025,2025_03_DEN_LAC,RB,0,0,0,0,108,1,25,11,0,1,1,27.333333333333332,27.333333333333332,3
rb_lac,JK Dobbins,LAC,NYG,4,2025,2025_04_LAC_NYG,RB,0,0,0,0,64,1,10,42,0,5,6,31.0,26.0,4
rb_lac,JK Dobbins,LAC,WAS,5,2025,2025_05_WAS_LAC,RB,0,0,0,0,52,1,10,10,0,1,1,26.8,21.0,5
rb_lac,JK Dobbins,LAC,MIA,6,2025,2025_06_LAC_MIA,RB,0,0,0,0,78,1,19,39,0,4,5,28.833333333333332,30.333333333333332,6
rb_lac,JK Dobbins,LAC,IND,7,2025,2025_07_IND_LAC,RB,0,0,0,0,61,1,11,28,0,3,3,28.714285714285715,25.666666666666668,7
rb_lac,JK Dobbins,LAC,MIN,8,2025,2025_08_MIN_LAC,RB,0,0,0,0,97,2,22,12,0,1,1,26.625,26.333333333333332,8
rb_lv,Alexander Mattison,LV,NE,1,2025,2025_01_LV_NE,RB,0,0,0,0,101,1,19,49,0,6,7,49.0,49.0,1
rb_lv,Alexander Mattison,LV,LAC,2,2025,2025_02_LAC_LV,RB,0,0,0,0,61,0,14,34,0,4,5,41.5,41.5,2
rb_lv,Alexander Mattison,LV,WAS,3,2025,2025_03_LV_WAS,RB,0,0,0,0,56,1,9,30,0,3,3,37.666666666666664,37.666666666666664,3
rb_lv,Alexander Mattison,LV,CHI,4,2025,2025_04_CHI_LV,RB,0,0,0,0,43,1,9,8,0,1,1,30.25,24.0,4
rb_lv,Alexander Mattison,LV,IND,5,2025,2025_05_LV_IND,RB,0,0,0,0,74,0,18,16,0,2,2,27.4,18.0,5
rb_lv,Alexander Mattison,LV,TEN,6,2025,2025_06_TEN_LV,RB,0,0,0,0,30,1,6,40,0,5,6,29.5,21.333333333333332,6
rb_lv,Alexander Mattison,LV,KC,7,2025,2025_07_LV_KC,RB,0,0,0,0,67,0,14,33,0,4,5,30.0,29.666666666666668,7
rb_lv,Alexander Mattison,LV,JAX,9,2025,2025_09_JAX_LV,RB,0,0,0,0,63,2,12,44,0,5,6,31.75,39.0,8
rb_mia,De'Von Achane,MIA,IND,1,2025,2025_01_MIA_IND,RB,0,0,0,0,50,0,9,28,0,3,3,28.0,28.0,1
rb_mia,De'Von Achane,MIA,NE,2,2025,2025_02_NE_MIA,RB,0,0,0,0,78,1,15,39,0,4,5,33.5,33.5,2
rb_mia,De'Von Achane,MIA,BUF,3,2025,2025_03_MIA_BUF,RB,0,0,0,0,112,1,26,13,0,1,1,26.666666666666668,26.666666666666668,3
rb_mia,De'Von Achane,MIA,NYJ,4,2025,2025_04_NYJ_MIA,RB,0,0,0,0,28,2,5,15,0,1,1,23.75,22.333333333333332,4
rb_mia,De'Von Achane,MIA,CAR,5,2025,2025_05_MIA_CAR,RB,0,0,0,0,24,1,3,39,0,4,5,26.8,22.333333333333332,5
rb_mia,De'Von Achane,MIA,LAC,6,2025,2025_06_LAC_MIA,RB,0,0,0,0,31,1,3,24,0,3,3,26.333333333333332,26.0,6
rb_mia,De'Von Achane,MIA,CLE,7,2025,2025_07_MIA_CLE,RB,0,0,0,0,38,0,10,45,0,5,6,29.0,36.0,7
rb_mia,De'Von Achane,MIA,ATL,8,2025,2025_08_MIA_ATL,RB,0,0,0,0,67,2,17,32,0,4,5,29.375,33.666666666666664,8
rb_mia,De'Von Achane,MIA,BAL,9,2025,2025_09_BAL_MIA,RB,0,0,0,0,74,0,14,35,0,4,5,30.0,37.333333333333336,9
rb_min,Aaron Jones,MIN,CHI,1,2025,2025_01_MIN_CHI,RB,0,0,0,0,56,2,11,57,0,7,9,57.0,57.0,1
rb_min,Aaron Jones,MIN,ATL,2,2025,2025_02_ATL_MIN,RB,0,0,0,0,52,0,11,51,0,6,7,54.0,54.0,2
rb_min,Aaron Jones,MIN,CIN,3,2025,2025_03_CIN_MIN,RB,0,0,0,0,113,2,23,34,0,4,5,47.333333333333336,47.333333333333336,3
rb_min,Aaron Jones,MIN,PIT,4,2025,2025_04_MIN_PIT,RB,0,0,0,0,118,1,26,46,0,5,6,47.0,43.666666666666664,4
rb_min,Aaron Jones,MIN,CLE,5,2025,2025_05_MIN_CLE,RB,0,0,0,0,71,0,14,30,0,3,3,43.6,36.666666666666664,5
rb_min,Aaron Jones,MIN,PHI,7,2025,2025_07_PHI_MIN,RB,0,0,0,0,74,1,14,20,0,2,2,39.666666666666664,32.0,6
rb_min,Aaron Jones,MIN,LAC,8,2025,2025_08_MIN_LAC,RB,0,0,0,0,37,1,9,35,0,4,5,39.0,28.333333333333332,7
rb_min,Aaron Jones,MIN,DET,9,2025,2025_09_MIN_DET,RB,0,0,0,0,75,1,15,23,0,2,2,37.0,26.0,8
rb_ne,Rhamondre Stevenson,NE,LV,1,2025,2025_01_LV_NE,RB,0,0,0,0,53,0,14,32,0,4,5,32.0,32.0,1
rb_ne,Rhamondre Stevenson,NE,MIA,2,2025,2025_02_NE_MIA,RB,0,0,0,0,46,1,12,11,0,1,1,21.5,21.5,2
rb_ne,Rhamondre Stevenson,NE,PIT,3,2025,2025_03_PIT_NE,RB,0,0,0,0,83,0,20,59,0,7,9,34.0,34.0,3
rb_ne,Rhamondre Stevenson,NE,CAR,4,2025,2025_04_CAR_NE,RB,0,0,0,0,75,2,19,18,0,2,2,30.0,29.333333333333332,4
rb_ne,Rhamondre Stevenson,NE,BUF,5,2025,2025_05_NE_BUF,RB,0,0,0,0,73,1,17,31,0,3,3,30.2,36.0,5
rb_ne,Rhamondre Stevenson,NE,NO,6,2025,2025_06_NE_NO,RB,0,0,0,0,92,1,21,42,0,5,6,32.166666666666664,30.333333333333332,6
rb_ne,Rhamondre Stevenson,NE,TEN,7,2025,2025_07_NE_TEN,RB,0,0,0,0,104,2,24,22,0,2,2,30.714285714285715,31.666666666666668,7
rb_ne,Rhamondre Stevenson,NE,CLE,8,2025,2025_08_CLE_NE,RB,0,0,0,0,90,2,23,19,0,2,2,29.25,27.666666666666668,8
rb_ne,Rhamondre Stevenson,NE,ATL,9,2025,2025_09_ATL_NE,RB,0,0,0,0,55,1,10,23,0,2,2,28.555555555555557,21.333333333333332,9
rb_no,Alvin Kamara,NO,ARI,1,2025,2025_01_ARI_NO,RB,0,0,0,0,52,0,8,18,0,2,2,18.0,18.0,1
rb_no,Alvin Kamara,NO,SF,2,2025,2025_02_SF_NO,RB,0,0,0,0,93,1,24,21,0,2,2,19.5,19.5,2
rb_no,Alvin Kamara,NO,BUF,4,2025,2025_04_NO_BUF,RB,0,0,0,0,50,0,12,29,0,3,3,22.666666666666668,22.666666666666668,3
rb_no,Alvin Kamara,NO,NYG,5,2025,2025_05_NYG_NO,RB,0,0,0,0,79,1,17,47,0,5,6,28.75,32.333333333333336,4
rb_no,Alvin Kamara,NO,NE,6,2025,2025_06_NE_NO,RB,0,0,0,0,48,1,9,62,0,7,9,35.4,46.0,5
rb_no,Alvin Kamara,NO,CHI,7,2025,2025_07_NO_CHI,RB,0,0,0,0,37,0,6,34,0,4,5,35.166666666666664,47.666666666666664,6
rb_no,Alvin Kamara,NO,TB,8,2025,2025_08_TB_NO,RB,0,0,0,0,72,0,16,25,0,3,3,33.714285714285715,40.333333333333336,7
rb_no,Alvin Kamara,NO,LA,9,2025,2025_09_NO_LA,RB,0,0,0,0,80,0,15,15,0,1,1,31.375,24.666666666666668,8
rb_nyg,Devin Singletary,NYG,WAS,1,2025,2025_01_NYG_WAS,RB,0,0,0,0,25,0,8,21,0,2,2,21.0,21.0,1
rb_nyg,Devin Singletary,NYG,DAL,2,2025,2025_02_NYG_DAL,RB,0,0,0,0,50,2,10,20,0,2,2,20.5,20.5,2
rb_nyg,Devin Singletary,NYG,KC,3,2025,2025_03_KC_NYG,RB,0,0,0,0,35,0,6,28,0,3,3,23.0,23.0,3
rb_nyg,Devin Singletary,NYG,LAC,4,2025,2025_04_LAC_NYG,RB,0,0,0,0,39,1,9,29,0,3,3,24.5,25.666666666666668,4
rb_nyg,Devin Singletary,NYG,NO,5,2025,2025_05_NYG_NO,RB,0,0,0,0,34,0,8,35,0,4,5,26.6,30.666666666666668,5
rb_nyg,Devin Singletary,NYG,PHI,6,2025,2025_06_PHI_NYG,RB,0,0,0,0,119,2,27,30,0,3,3,27.166666666666668,31.333333333333332,6
rb_nyg,Devin Singletary,NYG,DEN,7,2025,2025_07_NYG_DEN,RB,0,0,0,0,59,1,12,8,0,1,1,24.428571428571427,24.333333333333332,7
rb_nyg,Devin Singletary,NYG,PHI,8,2025,2025_08_NYG_PHI,RB,0,0,0,0,32,1,7,31,0,3,3,25.25,23.0,8
rb_nyg,Devin Singletary,NYG,SF,9,2025,2025_09_SF_NYG,RB,0,0,0,0,76,1,18,46,0,5,6,27.555555555555557,28.333333333333332,9
rb_nyj,Breece Hall,NYJ,PIT,1,2025,2025_01_PIT_NYJ,RB,0,0,0,0,56,1,13,22,0,2,2,22.0,22.0,1
rb_nyj,Breece Hall,NYJ,BUF,2,2025,2025_02_BUF_NYJ,RB,0,0,0,0,50,0,14,43,0,5,6,32.5,32.5,2
rb_nyj,Breece Hall,NYJ,TB,3,2025,2025_03_NYJ_TB,RB,0,0,0,0,71,2,19,22,0,2,2,29.0,29.0,3
rb_nyj,Breece Hall,NYJ,MIA,4,2025,2025_04_NYJ_MIA,RB,0,0,0,0,63,1,11,52,0,6,7,34.75,39.0,4
rb_nyj,Breece Hall,NYJ,DAL,5,2025,2025_05_DAL_NYJ,RB,0,0,0,0,55,1,11,53,0,6,7,38.4,42.333333333333336,5
rb_nyj,Breece Hall,NYJ,DEN,6,2025,2025_06_DEN_NYJ,RB,0,0,0,0,55,0,12,65,0,8,10,42.833333333333336,56.666666666666664,6
rb_nyj,Breece Hall,NYJ,CAR,7,2025,2025_07_CAR_NYJ,RB,0,0,0,0,93,0,18,45,0,5,6,43.142857142857146,54.333333333333336,7
rb_phi,Saquon Barkley,PHI,DAL,1,2025,2025_01_DAL_PHI,RB,0,0,0,0,54,1,9,41,0,5,6,41.0,41.0,1
rb_phi,Saquon Barkley,PHI,KC,2,2025,2025_02_PHI_KC,RB,0,0,0,0,75,1,16,9,0,1,1,25.0,25.0,2
rb_phi,Saquon Barkley,PHI,LA,3,2025,2025_03_LA_PHI,RB,0,0,0,0,74,2,15,30,0,3,3,26.666666666666668,26.666666666666668,3
rb_phi,Saquon Barkley,PHI,TB,4,2025,2025_04_PHI_TB,RB,0,0,0,0,77,2,16,44,0,5,6,31.0,27.666666666666668,4
rb_phi,Saquon Barkley,PHI,NYG,6,2025,2025_06_PHI_NYG,RB,0,0,0,0,47,1,9,9,0,1,1,26.6,27.666666666666668,5
rb_phi,Saquon Barkley,PHI,MIN,7,2025,2025_07_PHI_MIN,RB,0,0,0,0,93,1,22,50,0,6,7,30.5,34.333333333333336,6
rb_phi,Saquon Barkley,PHI,NYG,8,2025,2025_08_NYG_PHI,RB,0,0,0,0,133,3,29,32,0,4,5,30.714285714285715,30.333333333333332,7
rb_pit,Najee Harris,PIT,NYJ,1,2025,2025_01_PIT_NYJ,RB,0,0,0,0,119,1,27,10,0,1,1,10.0,10.0,1
rb_pit,Najee Harris,PIT,SEA,2,2025,2025_02_SEA_PIT,RB,0,0,0,0,20,1,1,32,0,4,5,21.0,21.0,2
rb_pit,Najee Harris,PIT,NE,3,2025,2025_03_PIT_NE,RB,0,0,0,0,55,1,10,25,0,3,3,22.333333333333332,22.333333333333332,3
rb_pit,Najee Harris,PIT,MIN,4,2025,2025_04_MIN_PIT,RB,0,0,0,0,86,2,20,39,0,4,5,26.5,32.0,4
rb_pit,Najee Harris,PIT,CLE,6,2025,2025_06_CLE_PIT,RB,0,0,0,0,100,1,20,22,0,2,2,25.6,28.666666666666668,5
rb_pit,Najee Harris,PIT,CIN,7,2025,2025_07_PIT_CIN,RB,0,0,0,0,60,1,11,22,0,2,2,25.0,27.666666666666668,6
rb_pit,Najee Harris,PIT,GB,8,2025,2025_08_GB_PIT,RB,0,0,0,0,83,1,20,34,0,4,5,26.285714285714285,26.0,7
rb_pit,Najee Harris,PIT,IND,9,2025,2025_09_IND_PIT,RB,0,0,0,0,92,1,23,53,0,6,7,29.625,36.333333333333336,8
rb_sea,Kenneth Walker,SEA,SF,1,2025,2025_01_SF_SEA,RB,0,0,0,0,79,1,20,30,0,3,3,30.0,30.0,1
rb_sea,Kenneth Walker,SEA,PIT,2,2025,2025_02_SEA_PIT,RB,0,0,0,0,76,1,13,14,0,1,1,22.0,22.0,2
rb_sea,Kenneth Walker,SEA,NO,3,2025,2025_03_NO_SEA,RB,0,0,0,0,67,2,13,14,0,1,1,19.333333333333332,19.333333333333332,3
rb_sea,Kenneth Walker,SEA,ARI,4,2025,2025_04_SEA_ARI,RB,0,0,0,0,68,1,18,35,0,4,5,23.25,21.0,4
rb_sea,Kenneth Walker,SEA,TB,5,2025,2025_05_TB_SEA,RB,0,0,0,0,111,2,28,37,0,4,5,26.0,28.666666666666668,5
rb_sea,Kenneth Walker,SEA,JAX,6,2025,2025_06_SEA_JAX,RB,0,0,0,0,41,1,9,26,0,3,3,26.0,32.666666666666664,6
rb_sea,Kenneth Walker,SEA,HOU,7,2025,2025_07_HOU_SEA,RB,0,0,0,0,36,2,4,29,0,3,3,26.428571428571427,30.666666666666668,7
rb_sf,Christian McCaffrey,SF,SEA,1,2025,2025_01_SF_SEA,RB,0,0,0,0,65,1,16,19,0,2,2,19.0,19.0,1
rb_sf,Christian McCaffrey,SF,NO,2,2025,2025_02_SF_NO,RB,0,0,0,0,76,1,16,25,0,3,3,22.0,22.0,2
rb_sf,Christian McCaffrey,SF,ARI,3,2025,2025_03_ARI_SF,RB,0,0,0,0,61,1,14,60,0,7,9,34.666666666666664,34.666666666666664,3
rb_sf,Christian McCaffrey,SF,JAX,4,2025,2025_04_JAX_SF,RB,0,0,0,0,30,1,6,41,0,5,6,36.25,42.0,4
rb_sf,Christian McCaffrey,SF,LA,5,2025,2025_05_SF_LA,RB,0,0,0,0,63,1,15,28,0,3,3,34.6,43.0,5
rb_sf,Christian McCaffrey,SF,TB,6,2025,2025_06_SF_TB,RB,0,0,0,0,50,1,8,50,0,6,7,37.166666666666664,39.666666666666664,6
rb_sf,Christian McCaffrey,SF,ATL,7,2025,2025_07_ATL_SF,RB,0,0,0,0,54,1,9,38,0,4,5,37.285714285714285,38.666666666666664,7
rb_sf,Christian McCaffrey,SF,HOU,8,2025,2025_08_SF_HOU,RB,0,0,0,0,51,1,10,64,0,8,10,40.625,50.666666666666664,8
rb_sf,Christian McCaffrey,SF,NYG,9,2025,2025_09_SF_NYG,RB,0,0,0,0,98,2,21,29,0,3,3,39.333333333333336,43.666666666666664,9
rb_tb,Rachaad White,TB,ATL,1,2025,2025_01_TB_ATL,RB,0,0,0,0,55,1,13,25,0,3,3,25.0,25.0,1
rb_tb,Rachaad White,TB,HOU,2,2025,2025_02_TB_HOU,RB,0,0,0,0,35,1,7,26,0,3,3,25.5,25.5,2
rb_tb,Rachaad White,TB,NYJ,3,2025,2025_03_NYJ_TB,RB,0,0,0,0,82,1,19,19,0,2,2,23.333333333333332,23.333333333333332,3
rb_tb,Rachaad White,TB,PHI,4,2025,2025_04_PHI_TB,RB,0,0,0,0,83,1,16,35,0,4,5,26.25,26.666666666666668,4
rb_tb,Rachaad White,TB,SEA,5,2025,2025_05_TB_SEA,RB,0,0,0,0,76,2,17,46,0,5,6,30.2,33.333333333333336,5
rb_tb,Rachaad White,TB,SF,6,2025,2025_06_SF_TB,RB,0,0,0,0,67,2,17,26,0,3,3,29.5,35.666666666666664,6
rb_tb,Rachaad White,TB,DET,7,2025,2025_07_TB_DET,RB,0,0,0,0,56,0,9,15,0,1,1,27.428571428571427,29.0,7
rb_tb,Rachaad White,TB,NO,8,2025,2025_08_TB_NO,RB,0,0,0,0,111,1,25,50,0,6,7,30.25,30.333333333333332,8
rb_ten,Tyjae Spears,TEN,DEN,1,2025,2025_01_TEN_DEN,RB,0,0,0,0,94,0,20,20,0,2,2,20.0,20.0,1
rb_ten,Tyjae Spears,TEN,LA,2,2025,2025_02_LA_TEN,RB,0,0,0,0,25,1,8,32,0,4,5,26.0,26.0,2
rb_ten,Tyjae Spears,TEN,IND,3,2025,2025_03_IND_TEN,RB,0,0,0,0,37,1,8,59,0,7,9,37.0,37.0,3
rb_ten,Tyjae Spears,TEN,HOU,4,2025,2025_04_TEN_HOU,RB,0,0,0,0,55,0,12,26,0,3,3,34.25,39.0,4
rb_ten,Tyjae Spears,TEN,ARI,5,2025,2025_05_TEN_ARI,RB,0,0,0,0,68,1,14,52,0,6,7,37.8,45.666666666666664,5
rb_ten,Tyjae Spears,TEN,LV,6,2025,2025_06_TEN_LV,RB,0,0,0,0,101,0,26,24,0,3,3,35.5,34.0,6
rb_ten,Tyjae Spears,TEN,IND,8,2025,2025_08_TEN_IND,RB,0,0,0,0,44,1,8,8,0,1,1,31.571428571428573,28.0,7
rb_ten,Tyjae Spears,TEN,LAC,9,2025,2025_09_LAC_TEN,RB,0,0,0,0,75,0,16,28,0,3,3,31.125,20.0,8
rb_was,Brian Robinson,WAS,NYG,1,2025,2025_01_NYG_WAS,RB,0,0,0,0,101,0,20,39,0,4,5,39.0,39.0,1
rb_was,Brian Robinson,WAS,GB,2,2025,2025_02_WAS_GB,RB,0,0,0,0,86,1,17,32,0,4,5,35.5,35.5,2
rb_was,Brian Robinson,WAS,LV,3,2025,2025_03_LV_WAS,RB,0,0,0,0,106,2,24,53,0,6,7,41.333333333333336,41.333333333333336,3
rb_was,Brian Robinson,WAS,ATL,4,2025,2025_04_WAS_ATL,RB,0,0,0,0,83,1,14,23,0,2,2,36.75,36.0,4
rb_was,Brian Robinson,WAS,LAC,5,2025,2025_05_WAS_LAC,RB,0,0,0,0,54,1,9,51,0,6,7,39.6,42.333333333333336,5
rb_was,Brian Robinson,WAS,CHI,6,2025,2025_06_CHI_WAS,RB,0,0,0,0,49,1,8,57,0,7,9,42.5,43.666666666666664,6
rb_was,Brian Robinson,WAS,DAL,7,2025,2025_07_WAS_DAL,RB,0,0,0,0,48,2,5,32,0,4,5,41.0,46.666666666666664,7
rb_was,Brian Robinson,WAS,KC,8,2025,2025_08_WAS_KC,RB,0,0,0,0,27,0,6,48,0,6,7,41.875,45.666666666666664,8
rb_was,Brian Robinson,WAS,SEA,9,2025,2025_09_SEA_WAS,RB,0,0,0,0,46,0,12,29,0,3,3,40.44444444444444,36.333333333333336,9
wr_ari,Marvin Harrison Jr,ARI,NO,1,2025,2025_01_ARI_NO,WR,0,0,0,0,0,0,0,81,0,6,8,81.0,81.0,1
wr_ari,Marvin Harrison Jr,ARI,CAR,2,2025,2025_02_CAR_ARI,WR,0,0,0,0,0,0,0,111,1,9,12,96.0,96.0,2
wr_ari,Marvin Harrison Jr,ARI,SF,3,2025,2025_03_ARI_SF,WR,0,0,0,0,0,0,0,34,0,2,2,75.33333333333333,75.33333333333333,3
wr_ari,Marvin Harrison Jr,ARI,SEA,4,2025,2025_04_SEA_ARI,WR,0,0,0,0,0,0,0,55,0,4,5,70.25,66.66666666666667,4
wr_ari,Marvin Harrison Jr,ARI,TEN,5,2025,2025_05_TEN_ARI,WR,0,0,0,0,0,0,0,36,0,3,4,63.4,41.666666666666664,5
wr_ari,Marvin Harrison Jr,ARI,IND,6,2025,2025_06_ARI_IND,WR,0,0,0,0,0,0,0,56,0,4,5,62.166666666666664,49.0,6
wr_ari,Marvin Harrison Jr,ARI,GB,7,2025,2025_07_GB_ARI,WR,0,0,0,0,0,0,0,90,0,7,9,66.14285714285714,60.666666666666664,7
wr_ari,Marvin Harrison Jr,ARI,DAL,9,2025,2025_09_ARI_DAL,WR,0,0,0,0,0,0,0,50,1,4,5,64.125,65.33333333333333,8
wr_atl,Drake London,ATL,TB,1,2025,2025_01_TB_ATL,WR,0,0,0,0,0,0,0,51,0,4,5,51.0,51.0,1
wr_atl,Drake London,ATL,MIN,2,2025,2025_02_ATL_MIN,WR,0,0,0,0,0,0,0,83,0,6,8,67.0,67.0,2
wr_atl,Drake London,ATL,CAR,3,2025,2025_03_ATL_CAR,WR,0,0,0,0,0,0,0,37,0,3,4,57.0,57.0,3
wr_atl,Drake London,ATL,WAS,4,2025,2025_04_WAS_ATL,WR,0,0,0,0,0,0,0,108,1,9,12,69.75,76.0,4
wr_atl,Drake London,ATL,BUF,6,2025,2025_06_BUF_ATL,WR,0,0,0,0,0,0,0,83,0,6,8,72.4,76.0,5
wr_atl,Drake London,ATL,SF,7,2025,2025_07_ATL_SF,WR,0,0,0,0,0,0,0,17,0,1,1,63.166666666666664,69.33333333333333,6
wr_atl,Drake London,ATL,MIA,8,2025,2025_08_MIA_ATL,WR,0,0,0,0,0,0,0,45,0,3,4,60.57142857142857,48.333333333333336,7
wr_atl,Drake London,ATL,NE,9,2025,2025_09_ATL_NE,WR,0,0,0,0,0,0,0,102,0,8,11,65.75,54.666666666666664,8
wr_bal,Zay Flowers,BAL,BUF,1,2025,2025_01_BAL_BUF,WR,0,0,0,0,0,0,0,185,2,15,21,185.0,185.0,1
wr_bal,Zay Flowers,BAL,CLE,2,2025,2025_02_CLE_BAL,WR,0,0,0,0,0,0,0,151,1,12,16,168.0,168.0,2
wr_bal,Zay Flowers,BAL,DET,3,2025,2025_03_DET_BAL,WR,0,0,0,0,0,0,0,106,0,8,11,147.33333333333334,147.33333333333334,3
wr_bal,Zay Flowers,BAL,KC,4,2025,2025_04_BAL_KC,WR,0,0,0,0,0,0,0,128,0,10,14,142.5,128.33333333333334,4
wr_bal,Zay Flowers,BAL,HOU,5,2025,2025_05_HOU_BAL,WR,0,0,0,0,0,0,0,19,0,1,1,117.8,84.33333333333333,5
wr_bal,Zay Flowers,BAL,LA,6,2025,2025_06_LA_BAL,WR,0,0,0,0,0,0,0,38,0,3,4,104.5,61.666666666666664,6
wr_bal,Zay Flowers,BAL,CHI,8,2025,2025_08_CHI_BAL,WR,0,0,0,0,0,0,0,131,1,10,14,108.28571428571429,62.666666666666664,7
wr_bal,Zay Flowers,BAL,MIA,9,2025,2025_09_BAL_MIA,WR,0,0,0,0,0,0,0,57,1,4,5,101.875,75.33333333333333,8
wr_buf,Stefon Diggs,BUF,BAL,1,2025,2025_01_BAL_BUF,WR,0,0,0,0,0,0,0,167,1,13,18,167.0,167.0,1
wr_buf,Stefon Diggs,BUF,NYJ,2,2025,2025_02_BUF_NYJ,WR,0,0,0,0,0,0,0,95,0,7,9,131.0,131.0,2
wr_buf,Stefon Diggs,BUF,MIA,3,2025,2025_03_MIA_BUF,WR,0,0,0,0,0,0,0,117,1,9,12,126.33333333333333,126.33333333333333,3
wr_buf,Stefon Diggs,BUF,NO,4,2025,2025_04_NO_BUF,WR,0,0,0,0,0,0,0,95,1,7,9,118.5,102.33333333333333,4
wr_buf,Stefon Diggs,BUF,NE,5,2025,2025_05_NE_BUF,WR,0,0,0,0,0,0,0,61,0,5,7,107.0,91.0,5
wr_buf,Stefon Diggs,BUF,ATL,6,2025,2025_06_BUF_ATL,WR,0,0,0,0,0,0,0,56,0,4,5,98.5,70.66666666666667,6
wr_buf,Stefon Diggs,BUF,CAR,8,2025,2025_08_BUF_CAR,WR,0,0,0,0,0,0,0,123,1,10,14,102.0,80.0,7
wr_buf,Stefon Diggs,BUF,KC,9,2025,2025_09_KC_BUF,WR,0,0,0,0,0,0,0,75,0,6,8,98.625,84.66666666666667,8
wr_car,Diontae Johnson,CAR,JAX,1,2025,2025_01_CAR_JAX,WR,0,0,0,0,0,0,0,82,0,6,8,82.0,82.0,1
wr_car,Diontae Johnson,CAR,ARI,2,2025,2025_02_CAR_ARI,WR,0,0,0,0,0,0,0,48,0,4,5,65.0,65.0,2
wr_car,Diontae Johnson,CAR,ATL,3,2025,2025_03_ATL_CAR,WR,0,0,0,0,0,0,0,114,1,9,12,81.33333333333333,81.33333333333333,3
wr_car,Diontae Johnson,CAR,NE,4,2025,2025_04_CAR_NE,WR,0,0,0,0,0,0,0,64,0,5,7,77.0,75.33333333333333,4
wr_car,Diontae Johnson,CAR,MIA,5,2025,2025_05_MIA_CAR,WR,0,0,0,0,0,0,0,104,0,8,11,82.4,94.0,5
wr_car,Diontae Johnson,CAR,DAL,6,2025,2025_06_DAL_CAR,WR,0,0,0,0,0,0,0,97,1,8,11,84.83333333333333,88.33333333333333,6
wr_car,Diontae Johnson,CAR,NYJ,7,2025,2025_07_CAR_NYJ,WR,0,0,0,0,0,0,0,86,0,7,9,85.0,95.66666666666667,7
wr_car,Diontae Johnson,CAR,BUF,8,2025,2025_08_BUF_CAR,WR,0,0,0,0,0,0,0,16,0,1,1,76.375,66.33333333333333,8
wr_car,Diontae Johnson,CAR,GB,9,2025,2025_09_CAR_GB,WR,0,0,0,0,0,0,0,67,0,5,7,75.33333333333333,56.333333333333336,9
wr_chi,DJ Moore,CHI,MIN,1,2025,2025_01_MIN_CHI,WR,0,0,0,0,0,0,0,53,0,4,5,53.0,53.0,1
wr_chi,DJ Moore,CHI,DET,2,2025,2025_02_CHI_DET,WR,0,0,0,0,0,0,0,93,0,7,9,73.0,73.0,2
wr_chi,DJ Moore,CHI,DAL,3,2025,2025_03_DAL_CHI,WR,0,0,0,0,0,0,0,106,0,8,11,84.0,84.0,3
wr_chi,DJ Moore,CHI,LV,4,2025,2025_04_CHI_LV,WR,0,0,0,0,0,0,0,60,0,5,7,78.0,86.33333333333333,4
wr_chi,DJ Moore,CHI,WAS,6,2025,2025_06_CHI_WAS,WR,0,0,0,0,0,0,0,93,0,7,9,81.0,86.33333333333333,5
wr_chi,DJ Moore,CHI,NO,7,2025,2025_07_NO_CHI,WR,0,0,0,0,0,0,0,71,0,5,7,79.33333333333333,74.66666666666667,6
wr_chi,DJ Moore,CHI,BAL,8,2025,2025_08_CHI_BAL,WR,0,0,0,0,0,0,0,46,0,3,4,74.57142857142857,70.0,7
wr_chi,DJ Moore,CHI,CIN,9,2025,2025_09_CHI_CIN,WR,0,0,0,0,0,0,0,161,2,13,18,85.375,92.66666666666667,8
wr_cin,Ja'Marr Chase,CIN,CLE,1,2025,2025_01_CIN_CLE,WR,0,0,0,0,0,0,0,26,0,2,2,26.0,26.0,1
wr_cin,Ja'Marr Chase,CIN,JAX,2,2025,2025_02_JAX_CIN,WR,0,0,0,0,0,0,0,103,1,8,11,64.5,64.5,2
wr_cin,Ja'Marr Chase,CIN,MIN,3,2025,2025_03_CIN_MIN,WR,0,0,0,0,0,0,0,29,0,2,2,52.666666666666664,52.666666666666664,3
wr_cin,Ja'Marr Chase,CIN,DEN,4,2025,2025_04_CIN_DEN,WR,0,0,0,0,0,0,0,46,0,3,4,51.0,59.333333333333336,4
wr_cin,Ja'Marr Chase,CIN,DET,5,2025,2025_05_DET_CIN,WR,0,0,0,0,0,0,0,62,0,5,7,53.2,45.666666666666664,5
wr_cin,Ja'Marr Chase,CIN,GB,6,2025,2025_06_CIN_GB,WR,0,0,0,0,0,0,0,54,0,4,5,53.333333333333336,54.0,6
wr_cin,Ja'Marr Chase,CIN,PIT,7,2025,2025_07_PIT_CIN,WR,0,0,0,0,0,0,0,113,0,9,12,61.857142857142854,76.33333333333333,7
wr_cin,Ja'Marr Chase,CIN,NYJ,8,2025,2025_08_NYJ_CIN,WR,0,0,0,0,0,0,0,137,1,11,15,71.25,101.33333333333333,8
wr_cin,Ja'Marr Chase,CIN,CHI,9,2025,2025_09_CHI_CIN,WR,0,0,0,0,0,0,0,129,1,10,14,77.66666666666667,126.33333333333333,9
wr_cle,Amari Cooper,CLE,CIN,1,2025,2025_01_CIN_CLE,WR,0,0,0,0,0,0,0,53,0,4,5,53.0,53.0,1
wr_cle,Amari Cooper,CLE,BAL,2,2025,2025_02_CLE_BAL,WR,0,0,0,0,0,0,0,72,0,6,8,62.5,62.5,2
wr_cle,Amari Cooper,CLE,GB,3,2025,2025_03_GB_CLE,WR,0,0,0,0,0,0,0,49,0,4,5,58.0,58.0,3
wr_cle,Amari Cooper,CLE,DET,4,2025,2025_04_CLE_DET,WR,0,0,0,0,0,0,0,63,0,5,7,59.25,61.333333333333336,4
wr_cle,Amari Cooper,CLE,MIN,5,2025,2025_05_MIN_CLE,WR,0,0,0,0,0,0,0,38,0,3,4,55.0,50.0,5
wr_cle,Amari Cooper,CLE,PIT,6,2025,2025_06_CLE_PIT,WR,0,0,0,0,0,0,0,27,0,2,2,50.333333333333336,42.666666666666664,6
wr_cle,Amari Cooper,CLE,MIA,7,2025,2025_07_MIA_CLE,WR,0,0,0,0,0,0,0,106,0,8,11,58.285714285714285,57.0,7
wr_cle,Amari Cooper,CLE,NE,8,2025,2025_08_CLE_NE,WR,0,0,0,0,0,0,0,25,0,2,2,54.125,52.666666666666664,8
wr_dal,CeeDee Lamb,DAL,PHI,1,2025,2025_01_DAL_PHI,WR,0,0,0,0,0,0,0,80,0,6,8,80.0,80.0,1
wr_dal,CeeDee Lamb,DAL,NYG,2,2025,2025_02_NYG_DAL,WR,0,0,0,0,0,0,0,157,1,13,18,118.5,118.5,2
wr_dal,CeeDee Lamb,DAL,CHI,3,2025,2025_03_DAL_CHI,WR,0,0,0,0,0,0,0,54,0,4,5,97.0,97.0,3
wr_dal,CeeDee Lamb,DAL,GB,4,2025,2025_04_GB_DAL,WR,0,0,0,0,0,0,0,130,1,10,14,105.25,113.66666666666667,4
wr_dal,CeeDee Lamb,DAL,NYJ,5,2025,2025_05_DAL_NYJ,WR,0,0,0,0,0,0,0,178,1,14,19,119.8,120.66666666666667,5
wr_dal,CeeDee Lamb,DAL,CAR,6,2025,2025_06_DAL_CAR,WR,0,0,0,0,0,0,0,83,1,6,8,113.66666666666667,130.33333333333334,6
wr_dal,CeeDee Lamb,DAL,WAS,7,2025,2025_07_WAS_DAL,WR,0,0,0,0,0,0,0,138,1,11,15,117.14285714285714,133.0,7
wr_dal,CeeDee Lamb,DAL,DEN,8,2025,2025_08_DAL_DEN,WR,0,0,0,0,0,0,0,116,0,9,12,117.0,112.33333333333333,8
wr_dal,CeeDee Lamb,DAL,ARI,9,2025,2025_09_ARI_DAL,WR,0,0,0,0,0,0,0,46,0,3,4,109.11111111111111,100.0,9
wr_den,Courtland Sutton,DEN,TEN,1,2025,2025_01_TEN_DEN,WR,0,0,0,0,0,0,0,106,0,8,11,106.0,106.0,1
wr_den,Courtland Sutton,DEN,IND,2,2025,2025_02_DEN_IND,WR,0,0,0,0,0,0,0,115,0,9,12,110.5,110.5,2
wr_den,Courtland Sutton,DEN,LAC,3,2025,2025_03_DEN_LAC,WR,0,0,0,0,0,0,0,86,0,7,9,102.33333333333333,102.33333333333333,3
wr_den,Courtland Sutton,DEN,CIN,4,2025,2025_04_CIN_DEN,WR,0,0,0,0,0,0,0,131,1,10,14,109.5,110.66666666666667,4
wr_den,Courtland Sutton,DEN,PHI,5,2025,2025_05_DEN_PHI,WR,0,0,0,0,0,0,0,76,0,6,8,102.8,97.66666666666667,5
wr_den,Courtland Sutton,DEN,NYJ,6,2025,2025_06_DEN_NYJ,WR,0,0,0,0,0,0,0,40,0,3,4,92.33333333333333,82.33333333333333,6
wr_den,Courtland Sutton,DEN,NYG,7,2025,2025_07_NYG_DEN,WR,0,0,0,0,0,0,0,139,0,11,15,99.0,85.0,7
wr_den,Courtland Sutton,DEN,DAL,8,2025,2025_08_DAL_DEN,WR,0,0,0,0,0,0,0,124,1,10,14,102.125,101.0,8
wr_den,Courtland Sutton,DEN,HOU,9,2025,2025_09_DEN_HOU,WR,0,0,0,0,0,0,0,31,0,2,2,94.22222222222223,98.0,9
wr_det,Amon-Ra St. Brown,DET,GB,1,2025,2025_01_DET_GB,WR,0,0,0,0,0,0,0,15,0,1,1,15.0,15.0,1
wr_det,Amon-Ra St. Brown,DET,CHI,2,2025,2025_02_CHI_DET,WR,0,0,0,0,0,0,0,178,1,14,19,96.5,96.5,2
wr_det,Amon-Ra St. Brown,DET,BAL,3,2025,2025_03_DET_BAL,WR,0,0,0,0,0,0,0,112,1,9,12,101.66666666666667,101.66666666666667,3
wr_det,Amon-Ra St. Brown,DET,CLE,4,2025,2025_04_CLE_DET,WR,0,0,0,0,0,0,0,104,1,8,11,102.25,131.33333333333334,4
wr_det,Amon-Ra St. Brown,DET,CIN,5,2025,2025_05_DET_CIN,WR,0,0,0,0,0,0,0,112,1,9,12,104.2,109.33333333333333,5
wr_det,Amon-Ra St. Brown,DET,KC,6,2025,2025_06_DET_KC,WR,0,0,0,0,0,0,0,79,0,6,8,100.0,98.33333333333333,6
wr_det,Amon-Ra St. Brown,DET,TB,7,2025,2025_07_TB_DET,WR,0,0,0,0,0,0,0,129,0,10,14,104.14285714285714,106.66666666666667,7
wr_det,Amon-Ra St. Brown,DET,MIN,9,2025,2025_09_MIN_DET,WR,0,0,0,0,0,0,0,104,0,8,11,104.125,104.0,8
wr_gb,Christian Watson,GB,DET,1,2025,2025_01_DET_GB,WR,0,0,0,0,0,0,0,103,1,8,11,103.0,103.0,1
wr_gb,Christian Watson,GB,WAS,2,2025,2025_02_WAS_GB,WR,0,0,0,0,0,0,0,106,1,8,11,104.5,104.5,2
wr_gb,Christian Watson,GB,CLE,3,2025,2025_03_GB_CLE,WR,0,0,0,0,0,0,0,51,0,4,5,86.66666666666667,86.66666666666667,3
wr_gb,Christian Watson,GB,DAL,4,2025,2025_04_GB_DAL,WR,0,0,0,0,0,0,0,127,1,10,14,96.75,94.66666666666667,4
wr_gb,Christian Watson,GB,CIN,6,2025,2025_06_CIN_GB,WR,0,0,0,0,0,0,0,77,1,6,8,92.8,85.0,5
wr_gb,Christian Watson,GB,ARI,7,2025,2025_07_GB_ARI,WR,0,0,0,0,0,0,0,86,0,7,9,91.66666666666667,96.66666666666667,6
wr_gb,Christian Watson,GB,PIT,8,2025,2025_08_GB_PIT,WR,0,0,0,0,0,0,0,112,1,9,12,94.57142857142857,91.66666666666667,7
wr_gb,Christian Watson,GB,CAR,9,2025,2025_09_CAR_GB,WR,0,0,0,0,0,0,0,41,0,3,4,87.875,79.66666666666667,8
wr_hou,Nico Collins,HOU,LA,1,2025,2025_01_HOU_LA,WR,0,0,0,0,0,0,0,45,0,3,4,45.0,45.0,1
wr_hou,Nico Collins,HOU,TB,2,2025,2025_02_TB_HOU,WR,0,0,0,0,0,0,0,57,0,4,5,51.0,51.0,2
wr_hou,Nico Collins,HOU,TEN,4,2025,2025_04_TEN_HOU,WR,0,0,0,0,0,0,0,97,0,8,11,66.33333333333333,66.33333333333333,3
wr_hou,Nico Collins,HOU,BAL,5,2025,2025_05_HOU_BAL,WR,0,0,0,0,0,0,0,159,1,13,18,89.5,104.33333333333333,4
wr_hou,Nico Collins,HOU,SF,8,2025,2025_08_SF_HOU,WR,0,0,0,0,0,0,0,104,0,8,11,92.4,120.0,5
wr_hou,Nico Collins,HOU,DEN,9,2025,2025_09_DEN_HOU,WR,0,0,0,0,0,0,0,59,0,4,5,86.83333333333333,107.33333333333333,6
wr_ind,Michael Pittman,IND,MIA,1,2025,2025_01_MIA_IND,WR,0,0,0,0,0,0,0,89,1,7,9,89.0,89.0,1
wr_ind,Michael Pittman,IND,DEN,2,2025,2025_02_DEN_IND,WR,0,0,0,0,0,0,0,53,0,4,5,71.0,71.0,2
wr_ind,Michael Pittman,IND,TEN,3,2025,2025_03_IND_TEN,WR,0,0,0,0,0,0,0,138,0,11,15,93.33333333333333,93.33333333333333,3
wr_ind,Michael Pittman,IND,LA,4,2025,2025_04_IND_LA,WR,0,0,0,0,0,0,0,49,0,4,5,82.25,80.0,4
wr_ind,Michael Pittman,IND,LV,5,2025,2025_05_LV_IND,WR,0,0,0,0,0,0,0,118,1,9,12,89.4,101.66666666666667,5
wr_ind,Michael Pittman,IND,ARI,6,2025,2025_06_ARI_IND,WR,0,0,0,0,0,0,0,80,0,6,8,87.83333333333333,82.33333333333333,6
wr_ind,Michael Pittman,IND,LAC,7,2025,2025_07_IND_LAC,WR,0,0,0,0,0,0,0,135,1,11,15,94.57142857142857,111.0,7
wr_ind,Michael Pittman,IND,TEN,8,2025,2025_08_TEN_IND,WR,0,0,0,0,0,0,0,134,1,11,15,99.5,116.33333333333333,8
wr_ind,Michael Pittman,IND,PIT,9,2025,2025_09_IND_PIT,WR,0,0,0,0,0,0,0,64,0,5,7,95.55555555555556,111.0,9
wr_jax,Christian Kirk,JAX,CAR,1,2025,2025_01_CAR_JAX,WR,0,0,0,0,0,0,0,85,0,7,9,85.0,85.0,1
wr_jax,Christian Kirk,JAX,CIN,2,2025,2025_02_JAX_CIN,WR,0,0,0,0,0,0,0,81,0,6,8,83.0,83.0,2
wr_jax,Christian Kirk,JAX,HOU,3,2025,2025_03_HOU_JAX,WR,0,0,0,0,0,0,0,70,0,5,7,78.66666666666667,78.66666666666667,3
wr_jax,Christian Kirk,JAX,SF,4,2025,2025_04_JAX_SF,WR,0,0,0,0,0,0,0,96,0,8,11,83.0,82.33333333333333,4
wr_jax,Christian Kirk,JAX,KC,5,2025,2025_05_KC_JAX,WR,0,0,0,0,0,0,0,114,1,9,12,89.2,93.33333333333333,5
wr_jax,Christian Kirk,JAX,SEA,6,2025,2025_06_SEA_JAX,WR,0,0,0,0,0,0,0,41,0,3,4,81.16666666666667,83.66666666666667,6
wr_jax,Christian Kirk,JAX,LV,9,2025,2025_09_JAX_LV,WR,0,0,0,0,0,0,0,90,0,7,9,82.42857142857143,81.66666666666667,7
wr_kc,Travis Kelce,KC,LAC,1,2025,2025_01_KC_LAC,WR,0,0,0,0,0,0,0,46,0,3,4,46.0,46.0,1
wr_kc,Travis Kelce,KC,PHI,2,2025,2025_02_PHI_KC,WR,0,0,0,0,0,0,0,78,0,6,8,62.0,62.0,2
wr_kc,Travis Kelce,KC,NYG,3,2025,2025_03_KC_NYG,WR,0,0,0,0,0,0,0,51,0,4,5,58.333333333333336,58.333333333333336,3
wr_kc,Travis Kelce,KC,BAL,4,2025,2025_04_BAL_KC,WR,0,0,0,0,0,0,0,122,1,10,14,74.25,83.66666666666667,4
wr_kc,Travis Kelce,KC,JAX,5,2025,2025_05_KC_JAX,WR,0,0,0,0,0,0,0,95,1,7,9,78.4,89.33333333333333,5
wr_kc,Travis Kelce,KC,DET,6,2025,2025_06_DET_KC,WR,0,0,0,0,0,0,0,110,1,9,12,83.66666666666667,109.0,6
wr_kc,Travis Kelce,KC,LV,7,2025,2025_07_LV_KC,WR,0,0,0,0,0,0,0,108,0,9,12,87.14285714285714,104.33333333333333,7
wr_kc,Travis Kelce,KC,WAS,8,2025,2025_08_WAS_KC,WR,0,0,0,0,0,0,0,77,0,6,8,85.875,98.33333333333333,8
wr_kc,Travis Kelce,KC,BUF,9,2025,2025_09_KC_BUF,WR,0,0,0,0,0,0,0,71,0,5,7,84.22222222222223,85.33333333333333,9
wr_la,Puka Nacua,LA,HOU,1,2025,2025_01_HOU_LA,WR,0,0,0,0,0,0,0,58,0,4,5,58.0,58.0,1
wr_la,Puka Nacua,LA,TEN,2,2025,2025_02_LA_TEN,WR,0,0,0,0,0,0,0,79,0,6,8,68.5,68.5,2
wr_la,Puka Nacua,LA,PHI,3,2025,2025_03_LA_PHI,WR,0,0,0,0,0,0,0,29,0,2,2,55.333333333333336,55.333333333333336,3
wr_la,Puka Nacua,LA,IND,4,2025,2025_04_IND_LA,WR,0,0,0,0,0,0,0,95,0,7,9,65.25,67.66666666666667,4
wr_la,Puka Nacua,LA,SF,5,2025,2025_05_SF_LA,WR,0,0,0,0,0,0,0,83,0,6,8,68.8,69.0,5
wr_la,Puka Nacua,LA,BAL,6,2025,2025_06_LA_BAL,WR,0,0,0,0,0,0,0,43,0,3,4,64.5,73.66666666666667,6
wr_la,Puka Nacua,LA,JAX,7,2025,2025_07_LA_JAX,WR,0,0,0,0,0,0,0,97,1,8,11,69.14285714285714,74.33333333333333,7
wr_la,Puka Nacua,LA,NO,9,2025,2025_09_NO_LA,WR,0,0,0,0,0,0,0,146,1,12,16,78.75,95.33333333333333,8
wr_lac,Keenan Allen,LAC,KC,1,2025,2025_01_KC_LAC,WR,0,0,0,0,0,0,0,92,1,7,9,92.0,92.0,1
wr_lac,Keenan Allen,LAC,LV,2,2025,2025_02_LAC_LV,WR,0,0,0,0,0,0,0,47,0,3,4,69.5,69.5,2
wr_lac,Keenan Allen,LAC,DEN,3,2025,2025_03_DEN_LAC,WR,0,0,0,0,0,0,0,73,0,6,8,70.66666666666667,70.66666666666667,3
wr_lac,Keenan Allen,LAC,NYG,4,2025,2025_04_LAC_NYG,WR,0,0,0,0,0,0,0,48,0,4,5,65.0,56.0,4
wr_lac,Keenan Allen,LAC,WAS,5,2025,2025_05_WAS_LAC,WR,0,0,0,0,0,0,0,33,0,2,2,58.6,51.333333333333336,5
wr_lac,Keenan Allen,LAC,MIA,6,2025,2025_06_LAC_MIA,WR,0,0,0,0,0,0,0,101,0,8,11,65.66666666666667,60.666666666666664,6
wr_lac,Keenan Allen,LAC,IND,7,2025,2025_07_IND_LAC,WR,0,0,0,0,0,0,0,114,0,9,12,72.57142857142857,82.66666666666667,7
wr_lac,Keenan Allen,LAC,MIN,8,2025,2025_08_MIN_LAC,WR,0,0,0,0,0,0,0,108,0,9,12,77.0,107.66666666666667,8
wr_lac,Keenan Allen,LAC,TEN,9,2025,2025_09_LAC_TEN,WR,0,0,0,0,0,0,0,119,0,9,12,81.66666666666667,113.66666666666667,9
wr_lv,Davante Adams,LV,NE,1,2025,2025_01_LV_NE,WR,0,0,0,0,0,0,0,58,0,4,5,58.0,58.0,1
wr_lv,Davante Adams,LV,WAS,3,2025,2025_03_LV_WAS,WR,0,0,0,0,0,0,0,66,1,5,7,62.0,62.0,2
wr_lv,Davante Adams,LV,CHI,4,2025,2025_04_CHI_LV,WR,0,0,0,0,0,0,0,89,0,7,9,71.0,71.0,3
wr_lv,Davante Adams,LV,IND,5,2025,2025_05_LV_IND,WR,0,0,0,0,0,0,0,47,0,3,4,65.0,67.33333333333333,4
wr_lv,Davante Adams,LV,TEN,6,2025,2025_06_TEN_LV,WR,0,0,0,0,0,0,0,71,0,5,7,66.2,69.0,5
wr_lv,Davante Adams,LV,KC,7,2025,2025_07_LV_KC,WR,0,0,0,0,0,0,0,48,0,4,5,63.166666666666664,55.333333333333336,6
wr_lv,Davante Adams,LV,JAX,9,2025,2025_09_JAX_LV,WR,0,0,0,0,0,0,0,84,0,7,9,66.14285714285714,67.66666666666667,7
wr_mia,Tyreek Hill,MIA,IND,1,2025,2025_01_MIA_IND,WR,0,0,0,0,0,0,0,41,0,3,4,41.0,41.0,1
wr_mia,Tyreek Hill,MIA,NE,2,2025,2025_02_NE_MIA,WR,0,0,0,0,0,0,0,58,0,4,5,49.5,49.5,2
wr_mia,Tyreek Hill,MIA,BUF,3,2025,2025_03_MIA_BUF,WR,0,0,0,0,0,0,0,49,0,4,5,49.333333333333336,49.333333333333336,3
wr_mia,Tyreek Hill,MIA,NYJ,4,2025,2025_04_NYJ_MIA,WR,0,0,0,0,0,0,0,79,0,6,8,56.75,62.0,4
wr_mia,Tyreek Hill,MIA,CAR,5,2025,2025_05_MIA_CAR,WR,0,0,0,0,0,0,0,102,0,8,11,65.8,76.66666666666667,5
wr_mia,Tyreek Hill,MIA,LAC,6,2025,2025_06_LAC_MIA,WR,0,0,0,0,0,0,0,91,0,7,9,70.0,90.66666666666667,6
wr_mia,Tyreek Hill,MIA,CLE,7,2025,2025_07_MIA_CLE,WR,0,0,0,0,0,0,0,55,0,4,5,67.85714285714286,82.66666666666667,7
wr_mia,Tyreek Hill,MIA,ATL,8,2025,2025_08_MIA_ATL,WR,0,0,0,0,0,0,0,102,1,8,11,72.125,82.66666666666667,8
wr_min,Justin Jefferson,MIN,CHI,1,2025,2025_01_MIN_CHI,WR,0,0,0,0,0,0,0,106,0,8,11,106.0,106.0,1
wr_min,Justin Jefferson,MIN,ATL,2,2025,2025_02_ATL_MIN,WR,0,0,0,0,0,0,0,37,0,3,4,71.5,71.5,2
wr_min,Justin Jefferson,MIN,CIN,3,2025,2025_03_CIN_MIN,WR,0,0,0,0,0,0,0,170,1,14,19,104.33333333333333,104.33333333333333,3
wr_min,Justin Jefferson,MIN,PIT,4,2025,2025_04_MIN_PIT,WR,0,0,0,0,0,0,0,87,0,7,9,100.0,98.0,4
wr_min,Justin Jefferson,MIN,CLE,5,2025,2025_05_MIN_CLE,WR,0,0,0,0,0,0,0,49,0,4,5,89.8,102.0,5
wr_min,Justin Jefferson,MIN,PHI,7,2025,2025_07_PHI_MIN,WR,0,0,0,0,0,0,0,53,0,4,5,83.66666666666667,63.0,6
wr_min,Justin Jefferson,MIN,LAC,8,2025,2025_08_MIN_LAC,WR,0,0,0,0,0,0,0,37,0,3,4,77.0,46.333333333333336,7
wr_min,Justin Jefferson,MIN,DET,9,2025,2025_09_MIN_DET,WR,0,0,0,0,0,0,0,105,0,8,11,80.5,65.0,8
wr_ne,Demario Douglas,NE,LV,1,2025,2025_01_LV_NE,WR,0,0,0,0,0,0,0,47,0,3,4,47.0,47.0,1
wr_ne,Demario Douglas,NE,MIA,2,2025,2025_02_NE_MIA,WR,0,0,0,0,0,0,0,106,1,8,11,76.5,76.5,2
wr_ne,Demario Douglas,NE,PIT,3,2025,2025_03_PIT_NE,WR,0,0,0,0,0,0,0,91,0,7,9,81.33333333333333,81.33333333333333,3
wr_ne,Demario Douglas,NE,CAR,4,2025,2025_04_CAR_NE,WR,0,0,0,0,0,0,0,124,1,10,14,92.0,107.0,4
wr_ne,Demario Douglas,NE,BUF,5,2025,2025_05_NE_BUF,WR,0,0,0,0,0,0,0,54,0,4,5,84.4,89.66666666666667,5
wr_ne,Demario Douglas,NE,NO,6,2025,2025_06_NE_NO,WR,0,0,0,0,0,0,0,75,0,6,8,82.83333333333333,84.33333333333333,6
wr_ne,Demario Douglas,NE,TEN,7,2025,2025_07_NE_TEN,WR,0,0,0,0,0,0,0,82,1,6,8,82.71428571428571,70.33333333333333,7
wr_ne,Demario Douglas,NE,CLE,8,2025,2025_08_CLE_NE,WR,0,0,0,0,0,0,0,73,1,6,8,81.5,76.66666666666667,8
wr_ne,Demario Douglas,NE,ATL,9,2025,2025_09_ATL_NE,WR,0,0,0,0,0,0,0,68,1,5,7,80.0,74.33333333333333,9
wr_no,Chris Olave,NO,ARI,1,2025,2025_01_ARI_NO,WR,0,0,0,0,0,0,0,41,0,3,4,41.0,41.0,1
wr_no,Chris Olave,NO,SF,2,2025,2025_02_SF_NO,WR,0,0,0,0,0,0,0,20,0,1,1,30.5,30.5,2
wr_no,Chris Olave,NO,SEA,3,2025,2025_03_NO_SEA,WR,0,0,0,0,0,0,0,34,0,2,2,31.666666666666668,31.666666666666668,3
wr_no,Chris Olave,NO,BUF,4,2025,2025_04_NO_BUF,WR,0,0,0,0,0,0,0,50,0,4,5,36.25,34.666666666666664,4
wr_no,Chris Olave,NO,NYG,5,2025,2025_05_NYG_NO,WR,0,0,0,0,0,0,0,96,0,8,11,48.2,60.0,5
wr_no,Chris Olave,NO,NE,6,2025,2025_06_NE_NO,WR,0,0,0,0,0,0,0,83,0,6,8,54.0,76.33333333333333,6
wr_no,Chris Olave,NO,CHI,7,2025,2025_07_NO_CHI,WR,0,0,0,0,0,0,0,43,0,3,4,52.42857142857143,74.0,7
wr_no,Chris Olave,NO,TB,8,2025,2025_08_TB_NO,WR,0,0,0,0,0,0,0,33,0,2,2,50.0,53.0,8
wr_no,Chris Olave,NO,LA,9,2025,2025_09_NO_LA,WR,0,0,0,0,0,0,0,56,0,4,5,50.666666666666664,44.0,9
wr_nyg,Malik Nabers,NYG,WAS,1,2025,2025_01_NYG_WAS,WR,0,0,0,0,0,0,0,32,0,2,2,32.0,32.0,1
wr_nyg,Malik Nabers,NYG,DAL,2,2025,2025_02_NYG_DAL,WR,0,0,0,0,0,0,0,137,1,11,15,84.5,84.5,2
wr_nyg,Malik Nabers,NYG,KC,3,2025,2025_03_KC_NYG,WR,0,0,0,0,0,0,0,60,0,5,7,76.33333333333333,76.33333333333333,3
wr_nyg,Malik Nabers,NYG,LAC,4,2025,2025_04_LAC_NYG,WR,0,0,0,0,0,0,0,45,0,3,4,68.5,80.66666666666667,4
wr_nyg,Malik Nabers,NYG,NO,5,2025,2025_05_NYG_NO,WR,0,0,0,0,0,0,0,54,0,4,5,65.6,53.0,5
wr_nyg,Malik Nabers,NYG,PHI,6,2025,2025_06_PHI_NYG,WR,0,0,0,0,0,0,0,109,1,9,12,72.83333333333333,69.33333333333333,6
wr_nyg,Malik Nabers,NYG,DEN,7,2025,2025_07_NYG_DEN,WR,0,0,0,0,0,0,0,126,1,10,14,80.42857142857143,96.33333333333333,7
wr_nyg,Malik Nabers,NYG,PHI,8,2025,2025_08_NYG_PHI,WR,0,0,0,0,0,0,0,60,0,5,7,77.875,98.33333333333333,8
wr_nyg,Malik Nabers,NYG,SF,9,2025,2025_09_SF_NYG,WR,0,0,0,0,0,0,0,94,0,7,9,79.66666666666667,93.33333333333333,9
wr_nyj,Garrett Wilson,NYJ,PIT,1,2025,2025_01_PIT_NYJ,WR,0,0,0,0,0,0,0,117,0,9,12,117.0,117.0,1
wr_nyj,Garrett Wilson,NYJ,BUF,2,2025,2025_02_BUF_NYJ,WR,0,0,0,0,0,0,0,32,0,2,2,74.5,74.5,2
wr_nyj,Garrett Wilson,NYJ,TB,3,2025,2025_03_NYJ_TB,WR,0,0,0,0,0,0,0,91,0,7,9,80.0,80.0,3
wr_nyj,Garrett Wilson,NYJ,MIA,4,2025,2025_04_NYJ_MIA,WR,0,0,0,0,0,0,0,61,0,5,7,75.25,61.333333333333336,4
wr_nyj,Garrett Wilson,NYJ,DAL,5,2025,2025_05_DAL_NYJ,WR,0,0,0,0,0,0,0,47,0,3,4,69.6,66.33333333333333,5
wr_nyj,Garrett Wilson,NYJ,DEN,6,2025,2025_06_DEN_NYJ,WR,0,0,0,0,0,0,0,34,0,2,2,63.666666666666664,47.333333333333336,6
wr_nyj,Garrett Wilson,NYJ,CAR,7,2025,2025_07_CAR_NYJ,WR,0,0,0,0,0,0,0,12,0,1,1,56.285714285714285,31.0,7
wr_nyj,Garrett Wilson,NYJ,CIN,8,2025,2025_08_NYJ_CIN,WR,0,0,0,0,0,0,0,125,1,10,14,64.875,57.0,8
wr_phi,AJ Brown,PHI,DAL,1,2025,2025_01_DAL_PHI,WR,0,0,0,0,0,0,0,54,0,4,5,54.0,54.0,1
wr_phi,AJ Brown,PHI,KC,2,2025,2025_02_PHI_KC,WR,0,0,0,0,0,0,0,58,0,4,5,56.0,56.0,2
wr_phi,AJ Brown,PHI,LA,3,2025,2025_03_LA_PHI,WR,0,0,0,0,0,0,0,101,1,8,11,71.0,71.0,3
wr_phi,AJ Brown,PHI,TB,4,2025,2025_04_PHI_TB,WR,0,0,0,0,0,0,0,123,1,10,14,84.0,94.0,4
wr_phi,AJ Brown,PHI,DEN,5,2025,2025_05_DEN_PHI,WR,0,0,0,0,0,0,0,58,0,4,5,78.8,94.0,5
wr_phi,AJ Brown,PHI,NYG,6,2025,2025_06_PHI_NYG,WR,0,0,0,0,0,0,0,35,0,2,2,71.5,72.0,6
wr_phi,AJ Brown,PHI,MIN,7,2025,2025_07_PHI_MIN,WR,0,0,0,0,0,0,0,83,0,6,8,73.14285714285714,58.666666666666664,7
wr_phi,AJ Brown,PHI,NYG,8,2025,2025_08_NYG_PHI,WR,0,0,0,0,0,0,0,132,0,11,15,80.5,83.33333333333333,8
wr_pit,George Pickens,PIT,NYJ,1,2025,2025_01_PIT_NYJ,WR,0,0,0,0,0,0,0,68,1,5,7,68.0,68.0,1
wr_pit,George Pickens,PIT,SEA,2,2025,2025_02_SEA_PIT,WR,0,0,0,0,0,0,0,85,0,7,9,76.5,76.5,2
wr_pit,George Pickens,PIT,NE,3,2025,2025_03_PIT_NE,WR,0,0,0,0,0,0,0,115,0,9,12,89.33333333333333,89.33333333333333,3
wr_pit,George Pickens,PIT,MIN,4,2025,2025_04_MIN_PIT,WR,0,0,0,0,0,0,0,67,0,5,7,83.75,89.0,4
wr_pit,George Pickens,PIT,CLE,6,2025,2025_06_CLE_PIT,WR,0,0,0,0,0,0,0,80,0,6,8,83.0,87.33333333333333,5
wr_pit,George Pickens,PIT,CIN,7,2025,2025_07_PIT_CIN,WR,0,0,0,0,0,0,0,134,1,11,15,91.5,93.66666666666667,6
wr_pit,George Pickens,PIT,GB,8,2025,2025_08_GB_PIT,WR,0,0,0,0,0,0,0,47,0,3,4,85.14285714285714,87.0,7
wr_pit,George Pickens,PIT,IND,9,2025,2025_09_IND_PIT,WR,0,0,0,0,0,0,0,79,0,6,8,84.375,86.66666666666667,8
wr_sea,DK Metcalf,SEA,SF,1,2025,2025_01_SF_SEA,WR,0,0,0,0,0,0,0,54,0,4,5,54.0,54.0,1
wr_sea,DK Metcalf,SEA,PIT,2,2025,2025_02_SEA_PIT,WR,0,0,0,0,0,0,0,94,1,7,9,74.0,74.0,2
wr_sea,DK Metcalf,SEA,NO,3,2025,2025_03_NO_SEA,WR,0,0,0,0,0,0,0,135,1,11,15,94.33333333333333,94.33333333333333,3
wr_sea,DK Metcalf,SEA,ARI,4,2025,2025_04_SEA_ARI,WR,0,0,0,0,0,0,0,54,0,4,5,84.25,94.33333333333333,4
wr_sea,DK Metcalf,SEA,TB,5,2025,2025_05_TB_SEA,WR,0,0,0,0,0,0,0,81,1,6,8,83.6,90.0,5
wr_sea,DK Metcalf,SEA,JAX,6,2025,2025_06_SEA_JAX,WR,0,0,0,0,0,0,0,81,0,6,8,83.16666666666667,72.0,6
wr_sea,DK Metcalf,SEA,HOU,7,2025,2025_07_HOU_SEA,WR,0,0,0,0,0,0,0,87,1,7,9,83.71428571428571,83.0,7
wr_sea,DK Metcalf,SEA,WAS,9,2025,2025_09_SEA_WAS,WR,0,0,0,0,0,0,0,118,1,9,12,88.0,95.33333333333333,8
wr_sf,Deebo Samuel,SF,SEA,1,2025,2025_01_SF_SEA,WR,0,0,0,0,0,0,0,65,0,5,7,65.0,65.0,1
wr_sf,Deebo Samuel,SF,NO,2,2025,2025_02_SF_NO,WR,0,0,0,0,0,0,0,84,0,7,9,74.5,74.5,2
wr_sf,Deebo Samuel,SF,ARI,3,2025,2025_03_ARI_SF,WR,0,0,0,0,0,0,0,64,0,5,7,71.0,71.0,3
wr_sf,Deebo Samuel,SF,JAX,4,2025,2025_04_JAX_SF,WR,0,0,0,0,0,0,0,71,0,5,7,71.0,73.0,4
wr_sf,Deebo Samuel,SF,LA,5,2025,2025_05_SF_LA,WR,0,0,0,0,0,0,0,90,0,7,9,74.8,75.0,5
wr_sf,Deebo Samuel,SF,TB,6,2025,2025_06_SF_TB,WR,0,0,0,0,0,0,0,80,0,6,8,75.66666666666667,80.33333333333333,6
wr_sf,Deebo Samuel,SF,ATL,7,2025,2025_07_ATL_SF,WR,0,0,0,0,0,0,0,63,0,5,7,73.85714285714286,77.66666666666667,7
wr_sf,Deebo Samuel,SF,HOU,8,2025,2025_08_SF_HOU,WR,0,0,0,0,0,0,0,59,0,4,5,72.0,67.33333333333333,8
wr_sf,Deebo Samuel,SF,NYG,9,2025,2025_09_SF_NYG,WR,0,0,0,0,0,0,0,171,1,14,19,83.0,97.66666666666667,9
wr_tb,Mike Evans,TB,ATL,1,2025,2025_01_TB_ATL,WR,0,0,0,0,0,0,0,61,0,5,7,61.0,61.0,1
wr_tb,Mike Evans,TB,HOU,2,2025,2025_02_TB_HOU,WR,0,0,0,0,0,0,0,28,0,2,2,44.5,44.5,2
wr_tb,Mike Evans,TB,NYJ,3,2025,2025_03_NYJ_TB,WR,0,0,0,0,0,0,0,112,0,9,12,67.0,67.0,3
wr_tb,Mike Evans,TB,PHI,4,2025,2025_04_PHI_TB,WR,0,0,0,0,0,0,0,104,0,8,11,76.25,81.33333333333333,4
wr_tb,Mike Evans,TB,SEA,5,2025,2025_05_TB_SEA,WR,0,0,0,0,0,0,0,99,1,8,11,80.8,105.0,5
wr_tb,Mike Evans,TB,SF,6,2025,2025_06_SF_TB,WR,0,0,0,0,0,0,0,129,0,10,14,88.83333333333333,110.66666666666667,6
wr_tb,Mike Evans,TB,DET,7,2025,2025_07_TB_DET,WR,0,0,0,0,0,0,0,52,0,4,5,83.57142857142857,93.33333333333333,7
wr_tb,Mike Evans,TB,NO,8,2025,2025_08_TB_NO,WR,0,0,0,0,0,0,0,72,0,6,8,82.125,84.33333333333333,8
wr_ten,DeAndre Hopkins,TEN,LA,2,2025,2025_02_LA_TEN,WR,0,0,0,0,0,0,0,105,0,8,11,105.0,105.0,1
wr_ten,DeAndre Hopkins,TEN,IND,3,2025,2025_03_IND_TEN,WR,0,0,0,0,0,0,0,15,0,1,1,60.0,60.0,2
wr_ten,DeAndre Hopkins,TEN,HOU,4,2025,2025_04_TEN_HOU,WR,0,0,0,0,0,0,0,43,0,3,4,54.333333333333336,54.333333333333336,3
wr_ten,DeAndre Hopkins,TEN,ARI,5,2025,2025_05_TEN_ARI,WR,0,0,0,0,0,0,0,21,0,1,1,46.0,26.333333333333332,4
wr_ten,DeAndre Hopkins,TEN,LV,6,2025,2025_06_TEN_LV,WR,0,0,0,0,0,0,0,46,0,3,4,46.0,36.666666666666664,5
wr_ten,DeAndre Hopkins,TEN,NE,7,2025,2025_07_NE_TEN,WR,0,0,0,0,0,0,0,40,0,3,4,45.0,35.666666666666664,6
wr_ten,DeAndre Hopkins,TEN,IND,8,2025,2025_08_TEN_IND,WR,0,0,0,0,0,0,0,75,0,6,8,49.285714285714285,53.666666666666664,7
wr_ten,DeAndre Hopkins,TEN,LAC,9,2025,2025_09_LAC_TEN,WR,0,0,0,0,0,0,0,106,0,8,11,56.375,73.66666666666667,8
wr_was,Terry McLaurin,WAS,NYG,1,2025,2025_01_NYG_WAS,WR,0,0,0,0,0,0,0,94,0,7,9,94.0,94.0,1
wr_was,Terry McLaurin,WAS,GB,2,2025,2025_02_WAS_GB,WR,0,0,0,0,0,0,0,48,0,4,5,71.0,71.0,2
wr_was,Terry McLaurin,WAS,LV,3,2025,2025_03_LV_WAS,WR,0,0,0,0,0,0,0,123,1,10,14,88.33333333333333,88.33333333333333,3
wr_was,Terry McLaurin,WAS,ATL,4,2025,2025_04_WAS_ATL,WR,0,0,0,0,0,0,0,69,0,5,7,83.5,80.0,4
wr_was,Terry McLaurin,WAS,LAC,5,2025,2025_05_WAS_LAC,WR,0,0,0,0,0,0,0,97,1,8,11,86.2,96.33333333333333,5
wr_was,Terry McLaurin,WAS,CHI,6,2025,2025_06_CHI_WAS,WR,0,0,0,0,0,0,0,108,0,9,12,89.83333333333333,91.33333333333333,6
wr_was,Terry McLaurin,WAS,DAL,7,2025,2025_07_WAS_DAL,WR,0,0,0,0,0,0,0,57,0,4,5,85.14285714285714,87.33333333333333,7
wr_was,Terry McLaurin,WAS,KC,8,2025,2025_08_WAS_KC,WR,0,0,0,0,0,0,0,64,0,5,7,82.5,76.33333333333333,8
wr_was,Terry McLaurin,WAS,SEA,9,2025,2025_09_SEA_WAS,WR,0,0,0,0,0,0,0,60,0,5,7,80.0,60.333333333333336,9
