player_id,player_name,team,opponent,week,season,game_id,position,passing_yards,passing_tds,completions,attempts,rushing_yards,rushing_tds,carries,receiving_yards,receiving_tds,receptions,targets,season_avg_rush_yards,l3_avg_rush_yards,games_played
rb_ari,James Conner,ARI,NO,1,2025,2025_01_ARI_NO,RB,0,0,0,0,81,1,18,5,0,0,0,81.0,81.0,1
rb_ari,James Conner,ARI,CAR,2,2025,2025_02_CAR_ARI,RB,0,0,0,0,88,1,22,43,0,5,6,84.5,84.5,2
rb_ari,James Conner,ARI,SF,3,2025,2025_03_ARI_SF,RB,0,0,0,0,36,1,9,30,0,3,3,68.33333333333333,68.33333333333333,3
rb_ari,James Conner,ARI,SEA,4,2025,2025_04_SEA_ARI,RB,0,0,0,0,45,0,9,4,0,0,0,62.5,56.333333333333336,4
rb_ari,James Conner,ARI,TEN,5,2025,2025_05_TEN_ARI,RB,0,0,0,0,115,1,26,15,0,1,1,73.0,65.33333333333333,5
rb_ari,James Conner,ARI,IND,6,2025,2025_06_ARI_IND,RB,0,0,0,0,76,0,17,26,0,3,3,73.5,78.66666666666667,6
rb_ari,James Conner,ARI,GB,7,2025,2025_07_GB_ARI,RB,0,0,0,0,102,1,26,32,0,4,5,77.57142857142857,97.66666666666667,7
rb_ari,James Conner,ARI,DAL,9,2025,2025_09_ARI_DAL,RB,0,0,0,0,93,1,19,44,0,5,6,79.5,90.33333333333333,8
rb_atl,Bijan Robinson,ATL,TB,1,2025,2025_01_TB_ATL,RB,0,0,0,0,97,1,22,26,0,3,3,97.0,97.0,1
rb_atl,Bijan Robinson,ATL,MIN,2,2025,2025_02_ATL_MIN,RB,0,0,0,0,114,1,29,8,0,1,1,105.5,105.5,2
rb_atl,Bijan Robinson,ATL,CAR,3,2025,2025_03_ATL_CAR,RB,0,0,0,0,34,0,3,9,0,1,1,81.66666666666667,81.66666666666667,3
rb_atl,Bijan Robinson,ATL,WAS,4,2025,2025_04_WAS_ATL,RB,0,0,0,0,81,1,16,35,0,4,5,81.5,76.33333333333333,4
rb_atl,Bijan Robinson,ATL,BUF,6,2025,2025_06_BUF_ATL,RB,0,0,0,0,80,1,15,41,0,5,6,81.2,65.0,5
rb_atl,Bijan Robinson,ATL,SF,7,2025,2025_07_ATL_SF,RB,0,0,0,0,61,0,10,23,0,2,2,77.83333333333333,74.0,6
rb_atl,Bijan Robinson,ATL,MIA,8,2025,2025_08_MIA_ATL,RB,0,0,0,0,73,0,16,9,0,1,1,77.14285714285714,71.33333333333333,7
rb_atl,Bijan Robinson,ATL,NE,9,2025,2025_09_ATL_NE,RB,0,0,0,0,63,1,14,11,0,1,1,75.375,65.66666666666667,8
rb_bal,Derrick Henry,BAL,BUF,1,2025,2025_01_BAL_BUF,RB,0,0,0,0,52,2,11,34,0,4,5,52.0,52.0,1
rb_bal,Derrick Henry,BAL,CLE,2,2025,2025_02_CLE_BAL,RB,0,0,0,0,75,2,18,42,0,5,6,63.5,63.5,2
rb_bal,Derrick Henry,BAL,DET,3,2025,2025_03_DET_BAL,RB,0,0,0,0,43,2,10,28,0,3,3,56.666666666666664,56.666666666666664,3
rb_bal,Derrick Henry,BAL,KC,4,2025,2025_04_BAL_KC,RB,0,0,0,0,70,1,15,41,0,5,6,60.0,62.666666666666664,4
rb_bal,Derrick Henry,BAL,HOU,5,2025,2025_05_HOU_BAL,RB,0,0,0,0,43,0,8,28,0,3,3,56.6,52.0,5
rb_bal,Derrick Henry,BAL,LA,6,2025,2025_06_LA_BAL,RB,0,0,0,0,61,0,11,55,0,6,7,57.333333333333336,58.0,6
rb_bal,Derrick Henry,BAL,CHI,8,2025,2025_08_CHI_BAL,RB,0,0,0,0,86,1,22,46,0,5,6,61.42857142857143,63.333333333333336,7
rb_bal,Derrick Henry,BAL,MIA,9,2025,2025_09_BAL_MIA,RB,0,0,0,0,63,1,12,9,0,1,1,61.625,70.0,8
rb_buf,James Cook,BUF,BAL,1,2025,2025_01_BAL_BUF,RB,0,0,0,0,133,2,28,8,0,1,1,133.0,133.0,1
rb_buf,James Cook,BUF,NYJ,2,2025,2025_02_BUF_NYJ,RB,0,0,0,0,54,2,12,28,0,3,3,93.5,93.5,2
rb_buf,James Cook,BUF,MIA,3,2025,2025_03_MIA_BUF,RB,0,0,0,0,82,1,20,38,0,4,5,89.66666666666667,89.66666666666667,3
rb_buf,James Cook,BUF,NO,4,2025,2025_04_NO_BUF,RB,0,0,0,0,83,2,21,23,0,2,2,88.0,73.0,4
rb_buf,James Cook,BUF,NE,5,2025,2025_05_NE_BUF,RB,0,0,0,0,63,1,13,21,0,2,2,83.0,76.0,5
rb_buf,James Cook,BUF,ATL,6,2025,2025_06_BUF_ATL,RB,0,0,0,0,79,0,18,47,0,5,6,82.33333333333333,75.0,6
rb_buf,James Cook,BUF,CAR,8,2025,2025_08_BUF_CAR,RB,0,0,0,0,74,2,17,35,0,4,5,81.14285714285714,72.0,7
rb_buf,James Cook,BUF,KC,9,2025,2025_09_KC_BUF,RB,0,0,0,0,109,2,25,63,0,7,9,84.625,87.33333333333333,8
rb_car,Chuba Hubbard,CAR,JAX,1,2025,2025_01_CAR_JAX,RB,0,0,0,0,43,0,9,26,0,3,3,43.0,43.0,1
rb_car,Chuba Hubbard,CAR,ARI,2,2025,2025_02_CAR_ARI,RB,0,0,0,0,46,1,8,49,0,6,7,44.5,44.5,2
rb_car,Chuba Hubbard,CAR,ATL,3,2025,2025_03_ATL_CAR,RB,0,0,0,0,115,1,26,30,0,3,3,68.0,68.0,3
rb_car,Chuba Hubbard,CAR,NE,4,2025,2025_04_CAR_NE,RB,0,0,0,0,67,0,15,20,0,2,2,67.75,76.0,4
rb_car,Chuba Hubbard,CAR,MIA,5,2025,2025_05_MIA_CAR,RB,0,0,0,0,52,2,12,28,0,3,3,64.6,78.0,5
rb_car,Chuba Hubbard,CAR,DAL,6,2025,2025_06_DAL_CAR,RB,0,0,0,0,62,2,14,42,0,5,6,64.16666666666667,60.333333333333336,6
rb_car,Chuba Hubbard,CAR,NYJ,7,2025,2025_07_CAR_NYJ,RB,0,0,0,0,50,1,9,15,0,1,1,62.142857142857146,54.666666666666664,7
rb_car,Chuba Hubbard,CAR,BUF,8,2025,2025_08_BUF_CAR,RB,0,0,0,0,46,1,9,53,0,6,7,60.125,52.666666666666664,8
rb_car,Chuba Hubbard,CAR,GB,9,2025,2025_09_CAR_GB,RB,0,0,0,0,54,1,9,21,0,2,2,59.44444444444444,50.0,9
rb_chi,D'Andre Swift,CHI,MIN,1,2025,2025_01_MIN_CHI,RB,0,0,0,0,74,1,17,48,0,6,7,74.0,74.0,1
rb_chi,D'Andre Swift,CHI,DET,2,2025,2025_02_CHI_DET,RB,0,0,0,0,57,1,11,46,0,5,6,65.5,65.5,2
rb_chi,D'Andre Swift,CHI,DAL,3,2025,2025_03_DAL_CHI,RB,0,0,0,0,71,1,15,7,0,0,0,67.33333333333333,67.33333333333333,3
rb_chi,D'Andre Swift,CHI,LV,4,2025,2025_04_CHI_LV,RB,0,0,0,0,84,1,21,32,0,4,5,71.5,70.66666666666667,4
rb_chi,D'Andre Swift,CHI,WAS,6,2025,2025_06_CHI_WAS,RB,0,0,0,0,98,1,18,41,0,5,6,76.8,84.33333333333333,5
rb_chi,D'Andre Swift,CHI,NO,7,2025,2025_07_NO_CHI,RB,0,0,0,0,87,2,19,42,0,5,6,78.5,89.66666666666667,6
rb_chi,D'Andre Swift,CHI,BAL,8,2025,2025_08_CHI_BAL,RB,0,0,0,0,77,0,17,38,0,4,5,78.28571428571429,87.33333333333333,7
rb_chi,D'Andre Swift,CHI,CIN,9,2025,2025_09_CHI_CIN,RB,0,0,0,0,99,3,20,10,0,1,1,80.875,87.66666666666667,8
rb_cin,CIN RB,CIN,CLE,1,2025,2025_01_CIN_CLE,RB,0,0,0,0,39,0,9,28,0,3,3,39.0,39.0,1
rb_cin,CIN RB,CIN,JAX,2,2025,2025_02_JAX_CIN,RB,0,0,0,0,47,2,8,31,0,3,3,43.0,43.0,2
rb_cin,CIN RB,CIN,MIN,3,2025,2025_03_CIN_MIN,RB,0,0,0,0,24,0,4,33,0,4,5,36.666666666666664,36.666666666666664,3
rb_cin,CIN RB,CIN,DEN,4,2025,2025_04_CIN_DEN,RB,0,0,0,0,96,0,24,44,0,5,6,51.5,55.666666666666664,4
rb_cin,CIN RB,CIN,DET,5,2025,2025_05_DET_CIN,RB,0,0,0,0,46,1,13,56,0,7,9,50.4,55.333333333333336,5
rb_cin,CIN RB,CIN,GB,6,2025,2025_06_CIN_GB,RB,0,0,0,0,46,1,12,39,0,4,5,49.666666666666664,62.666666666666664,6
rb_cin,CIN RB,CIN,PIT,7,2025,2025_07_PIT_CIN,RB,0,0,0,0,59,2,13,43,0,5,6,51.0,50.333333333333336,7
rb_cin,CIN RB,CIN,NYJ,8,2025,2025_08_NYJ_CIN,RB,0,0,0,0,61,2,15,48,0,6,7,52.25,55.333333333333336,8
rb_cin,CIN RB,CIN,CHI,9,2025,2025_09_CHI_CIN,RB,0,0,0,0,83,2,19,22,0,2,2,55.666666666666664,67.66666666666667,9
rb_cle,Nick Chubb,CLE,CIN,1,2025,2025_01_CIN_CLE,RB,0,0,0,0,95,1,20,15,0,1,1,95.0,95.0,1
rb_cle,Nick Chubb,CLE,BAL,2,2025,2025_02_CLE_BAL,RB,0,0,0,0,38,0,13,17,0,2,2,66.5,66.5,2
rb_cle,Nick Chubb,CLE,GB,3,2025,2025_03_GB_CLE,RB,0,0,0,0,41,0,10,25,0,3,3,58.0,58.0,3
rb_cle,Nick Chubb,CLE,DET,4,2025,2025_04_CLE_DET,RB,0,0,0,0,57,0,9,30,0,3,3,57.75,45.333333333333336,4
rb_cle,Nick Chubb,CLE,MIN,5,2025,2025_05_MIN_CLE,RB,0,0,0,0,80,1,20,19,0,2,2,62.2,59.333333333333336,5
rb_cle,Nick Chubb,CLE,PIT,6,2025,2025_06_CLE_PIT,RB,0,0,0,0,65,0,14,35,0,4,5,62.666666666666664,67.33333333333333,6
rb_cle,Nick Chubb,CLE,MIA,7,2025,2025_07_MIA_CLE,RB,0,0,0,0,46,2,9,26,0,3,3,60.285714285714285,63.666666666666664,7
rb_cle,Nick Chubb,CLE,NE,8,2025,2025_08_CLE_NE,RB,0,0,0,0,40,0,9,46,0,5,6,57.75,50.333333333333336,8
rb_dal,Tony Pollard,DAL,PHI,1,2025,2025_01_DAL_PHI,RB,0,0,0,0,95,1,20,34,0,4,5,95.0,95.0,1
rb_dal,Tony Pollard,DAL,NYG,2,2025,2025_02_NYG_DAL,RB,0,0,0,0,62,3,15,15,0,1,1,78.5,78.5,2
rb_dal,Tony Pollard,DAL,CHI,3,2025,2025_03_DAL_CHI,RB,0,0,0,0,63,0,15,20,0,2,2,73.33333333333333,73.33333333333333,3
rb_dal,Tony Pollard,DAL,GB,4,2025,2025_04_GB_DAL,RB,0,0,0,0,43,2,9,22,0,2,2,65.75,56.0,4
rb_dal,Tony Pollard,DAL,NYJ,5,2025,2025_05_DAL_NYJ,RB,0,0,0,0,77,3,15,46,0,5,6,68.0,61.0,5
rb_dal,Tony Pollard,DAL,CAR,6,2025,2025_06_DAL_CAR,RB,0,0,0,0,62,2,16,43,0,5,6,67.0,60.666666666666664,6
rb_dal,Tony Pollard,DAL,WAS,7,2025,2025_07_WAS_DAL,RB,0,0,0,0,93,2,21,43,0,5,6,70.71428571428571,77.33333333333333,7
rb_dal,Tony Pollard,DAL,DEN,8,2025,2025_08_DAL_DEN,RB,0,0,0,0,49,1,12,13,0,1,1,68.0,68.0,8
rb_dal,Tony Pollard,DAL,ARI,9,2025,2025_09_ARI_DAL,RB,0,0,0,0,50,1,11,39,0,4,5,66.0,64.0,9
rb_den,Javonte Williams,DEN,TEN,1,2025,2025_01_TEN_DEN,RB,0,0,0,0,34,1,8,11,0,1,1,34.0,34.0,1
rb_den,Javonte Williams,DEN,IND,2,2025,2025_02_DEN_IND,RB,0,0,0,0,84,2,21,36,0,4,5,59.0,59.0,2
rb_den,Javonte Williams,DEN,LAC,3,2025,2025_03_DEN_LAC,RB,0,0,0,0,78,0,18,39,0,4,5,65.33333333333333,65.33333333333333,3
rb_den,Javonte Williams,DEN,CIN,4,2025,2025_04_CIN_DEN,RB,0,0,0,0,94,1,20,43,0,5,6,72.5,85.33333333333333,4
rb_den,Javonte Williams,DEN,PHI,5,2025,2025_05_DEN_PHI,RB,0,0,0,0,66,1,17,1,0,0,0,71.2,79.33333333333333,5
rb_den,Javonte Williams,DEN,NYJ,6,2025,2025_06_DEN_NYJ,RB,0,0,0,0,76,0,15,27,0,3,3,72.0,78.66666666666667,6
rb_den,Javonte Williams,DEN,NYG,7,2025,2025_07_NYG_DEN,RB,0,0,0,0,62,2,14,22,0,2,2,70.57142857142857,68.0,7
rb_den,Javonte Williams,DEN,DAL,8,2025,2025_08_DAL_DEN,RB,0,0,0,0,95,3,20,30,0,3,3,73.625,77.66666666666667,8
rb_den,Javonte Williams,DEN,HOU,9,2025,2025_09_DEN_HOU,RB,0,0,0,0,110,1,19,30,0,3,3,77.66666666666667,89.0,9
rb_det,Jahmyr Gibbs,DET,GB,1,2025,2025_01_DET_GB,RB,0,0,0,0,97,0,20,23,0,2,2,97.0,97.0,1
rb_det,Jahmyr Gibbs,DET,CHI,2,2025,2025_02_CHI_DET,RB,0,0,0,0,66,3,13,58,0,7,9,81.5,81.5,2
rb_det,Jahmyr Gibbs,DET,BAL,3,2025,2025_03_DET_BAL,RB,0,0,0,0,65,2,14,25,0,3,3,76.0,76.0,3
rb_det,Jahmyr Gibbs,DET,CLE,4,2025,2025_04_CLE_DET,RB,0,0,0,0,96,1,19,20,0,2,2,81.0,75.66666666666667,4
rb_det,Jahmyr Gibbs,DET,CIN,5,2025,2025_05_DET_CIN,RB,0,0,0,0,90,3,21,1,0,0,0,82.8,83.66666666666667,5
rb_det,Jahmyr Gibbs,DET,KC,6,2025,2025_06_DET_KC,RB,0,0,0,0,51,0,14,36,0,4,5,77.5,79.0,6
rb_det,Jahmyr Gibbs,DET,TB,7,2025,2025_07_TB_DET,RB,0,0,0,0,86,1,19,44,0,5,6,78.71428571428571,75.66666666666667,7
rb_det,Jahmyr Gibbs,DET,MIN,9,2025,2025_09_MIN_DET,RB,0,0,0,0,66,0,15,61,0,7,9,77.125,67.66666666666667,8
rb_gb,Josh Jacobs,GB,DET,1,2025,2025_01_DET_GB,RB,0,0,0,0,95,1,23,14,0,1,1,95.0,95.0,1
rb_gb,Josh Jacobs,GB,WAS,2,2025,2025_02_WAS_GB,RB,0,0,0,0,45,1,9,25,0,3,3,70.0,70.0,2
rb_gb,Josh Jacobs,GB,CLE,3,2025,2025_03_GB_CLE,RB,0,0,0,0,82,0,15,12,0,1,1,74.0,74.0,3
rb_gb,Josh Jacobs,GB,DAL,4,2025,2025_04_GB_DAL,RB,0,0,0,0,62,2,13,52,0,6,7,71.0,63.0,4
rb_gb,Josh Jacobs,GB,CIN,6,2025,2025_06_CIN_GB,RB,0,0,0,0,63,1,11,26,0,3,3,69.4,69.0,5
rb_gb,Josh Jacobs,GB,ARI,7,2025,2025_07_GB_ARI,RB,0,0,0,0,78,2,16,25,0,3,3,70.83333333333333,67.66666666666667,6
rb_gb,Josh Jacobs,GB,PIT,8,2025,2025_08_GB_PIT,RB,0,0,0,0,69,2,21,37,0,4,5,70.57142857142857,70.0,7
rb_gb,Josh Jacobs,GB,CAR,9,2025,2025_09_CAR_GB,RB,0,0,0,0,78,0,16,21,0,2,2,71.5,75.0,8
rb_hou,Joe Mixon,HOU,LA,1,2025,2025_01_HOU_LA,RB,0,0,0,0,29,0,7,-1,0,0,0,29.0,29.0,1
rb_hou,Joe Mixon,HOU,TB,2,2025,2025_02_TB_HOU,RB,0,0,0,0,38,1,5,63,0,7,9,33.5,33.5,2
rb_hou,Joe Mixon,HOU,JAX,3,2025,2025_03_HOU_JAX,RB,0,0,0,0,91,0,19,67,0,8,10,52.666666666666664,52.666666666666664,3
rb_hou,Joe Mixon,HOU,TEN,4,2025,2025_04_TEN_HOU,RB,0,0,0,0,91,1,20,37,0,4,5,62.25,73.33333333333333,4
rb_hou,Joe Mixon,HOU,BAL,5,2025,2025_05_HOU_BAL,RB,0,0,0,0,83,2,18,1,0,0,0,66.4,88.33333333333333,5
rb_hou,Joe Mixon,HOU,SEA,7,2025,2025_07_HOU_SEA,RB,0,0,0,0,87,1,22,12,0,1,1,69.83333333333333,87.0,6
rb_hou,Joe Mixon,HOU,SF,8,2025,2025_08_SF_HOU,RB,0,0,0,0,50,1,12,33,0,4,5,67.0,73.33333333333333,7
rb_hou,Joe Mixon,HOU,DEN,9,2025,2025_09_DEN_HOU,RB,0,0,0,0,50,1,6,48,0,6,7,64.875,62.333333333333336,8
rb_ind,Jonathan Taylor,IND,MIA,1,2025,2025_01_MIA_IND,RB,0,0,0,0,97,2,19,13,0,1,1,97.0,97.0,1
rb_ind,Jonathan Taylor,IND,DEN,2,2025,2025_02_DEN_IND,RB,0,0,0,0,76,2,12,18,0,2,2,86.5,86.5,2
rb_ind,Jonathan Taylor,IND,TEN,3,2025,2025_03_IND_TEN,RB,0,0,0,0,125,2,28,54,0,6,7,99.33333333333333,99.33333333333333,3
rb_ind,Jonathan Taylor,IND,LA,4,2025,2025_04_IND_LA,RB,0,0,0,0,109,0,21,26,0,3,3,101.75,103.33333333333333,4
rb_ind,Jonathan Taylor,IND,LV,5,2025,2025_05_LV_IND,RB,0,0,0,0,97,2,27,22,0,2,2,100.8,110.33333333333333,5
rb_ind,Jonathan Taylor,IND,ARI,6,2025,2025_06_ARI_IND,RB,0,0,0,0,53,2,9,26,0,3,3,92.83333333333333,86.33333333333333,6
rb_ind,Jonathan Taylor,IND,LAC,7,2025,2025_07_IND_LAC,RB,0,0,0,0,31,3,9,34,0,4,5,84.0,60.333333333333336,7
rb_ind,Jonathan Taylor,IND,TEN,8,2025,2025_08_TEN_IND,RB,0,0,0,0,92,2,18,9,0,1,1,85.0,58.666666666666664,8
rb_ind,Jonathan Taylor,IND,PIT,9,2025,2025_09_IND_PIT,RB,0,0,0,0,56,1,14,29,0,3,3,81.77777777777777,59.666666666666664,9
rb_jax,Travis Etienne,JAX,CAR,1,2025,2025_01_CAR_JAX,RB,0,0,0,0,112,1,23,15,0,1,1,112.0,112.0,1
rb_jax,Travis Etienne,JAX,CIN,2,2025,2025_02_JAX_CIN,RB,0,0,0,0,92,1,23,24,0,3,3,102.0,102.0,2
rb_jax,Travis Etienne,JAX,HOU,3,2025,2025_03_HOU_JAX,RB,0,0,0,0,80,1,17,35,0,4,5,94.66666666666667,94.66666666666667,3
rb_jax,Travis Etienne,JAX,SF,4,2025,2025_04_JAX_SF,RB,0,0,0,0,82,2,18,37,0,4,5,91.5,84.66666666666667,4
rb_jax,Travis Etienne,JAX,KC,5,2025,2025_05_KC_JAX,RB,0,0,0,0,64,2,16,48,0,6,7,86.0,75.33333333333333,5
rb_jax,Travis Etienne,JAX,SEA,6,2025,2025_06_SEA_JAX,RB,0,0,0,0,85,0,21,13,0,1,1,85.83333333333333,77.0,6
rb_jax,Travis Etienne,JAX,LA,7,2025,2025_07_LA_JAX,RB,0,0,0,0,78,0,18,17,0,2,2,84.71428571428571,75.66666666666667,7
rb_jax,Travis Etienne,JAX,LV,9,2025,2025_09_JAX_LV,RB,0,0,0,0,60,2,15,35,0,4,5,81.625,74.33333333333333,8
rb_kc,Isiah Pacheco,KC,LAC,1,2025,2025_01_KC_LAC,RB,0,0,0,0,52,1,9,36,0,4,5,52.0,52.0,1
rb_kc,Isiah Pacheco,KC,PHI,2,2025,2025_02_PHI_KC,RB,0,0,0,0,65,1,14,32,0,4,5,58.5,58.5,2
rb_kc,Isiah Pacheco,KC,NYG,3,2025,2025_03_KC_NYG,RB,0,0,0,0,103,1,26,20,0,2,2,73.33333333333333,73.33333333333333,3
rb_kc,Isiah Pacheco,KC,BAL,4,2025,2025_04_BAL_KC,RB,0,0,0,0,70,1,11,16,0,2,2,72.5,79.33333333333333,4
rb_kc,Isiah Pacheco,KC,JAX,5,2025,2025_05_KC_JAX,RB,0,0,0,0,83,2,18,53,0,6,7,74.6,85.33333333333333,5
rb_kc,Isiah Pacheco,KC,DET,6,2025,2025_06_DET_KC,RB,0,0,0,0,76,2,15,45,0,5,6,74.83333333333333,76.33333333333333,6
rb_kc,Isiah Pacheco,KC,LV,7,2025,2025_07_LV_KC,RB,0,0,0,0,101,1,20,32,0,4,5,78.57142857142857,86.66666666666667,7
rb_kc,Isiah Pacheco,KC,WAS,8,2025,2025_08_WAS_KC,RB,0,0,0,0,105,2,19,27,0,3,3,81.875,94.0,8
rb_kc,Isiah Pacheco,KC,BUF,9,2025,2025_09_KC_BUF,RB,0,0,0,0,72,1,16,34,0,4,5,80.77777777777777,92.66666666666667,9
rb_la,Kyren Williams,LA,HOU,1,2025,2025_01_HOU_LA,RB,0,0,0,0,61,1,13,45,0,5,6,61.0,61.0,1
rb_la,Kyren Williams,LA,TEN,2,2025,2025_02_LA_TEN,RB,0,0,0,0,86,2,20,35,0,4,5,73.5,73.5,2
rb_la,Kyren Williams,LA,PHI,3,2025,2025_03_LA_PHI,RB,0,0,0,0,68,1,14,24,0,3,3,71.66666666666667,71.66666666666667,3
rb_la,Kyren Williams,LA,IND,4,2025,2025_04_IND_LA,RB,0,0,0,0,78,2,16,24,0,3,3,73.25,77.33333333333333,4
rb_la,Kyren Williams,LA,SF,5,2025,2025_05_SF_LA,RB,0,0,0,0,38,1,10,21,0,2,2,66.2,61.333333333333336,5
rb_la,Kyren Williams,LA,BAL,6,2025,2025_06_LA_BAL,RB,0,0,0,0,109,1,23,39,0,4,5,73.33333333333333,75.0,6
rb_la,Kyren Williams,LA,JAX,7,2025,2025_07_LA_JAX,RB,0,0,0,0,62,2,15,44,0,5,6,71.71428571428571,69.66666666666667,7
rb_la,Kyren Williams,LA,NO,9,2025,2025_09_NO_LA,RB,0,0,0,0,123,2,29,0,0,0,0,78.125,98.0,8
rb_lac,JK Dobbins,LAC,KC,1,2025,2025_01_KC_LAC,RB,0,0,0,0,57,1,12,46,0,5,6,57.0,57.0,1
rb_lac,JK Dobbins,LAC,LV,2,2025,2025_02_LAC_LV,RB,0,0,0,0,97,1,20,25,0,3,3,77.0,77.0,2
rb_lac,JK Dobbins,LAC,DEN,3,2025,2025_03_DEN_LAC,RB,0,0,0,0,108,1,25,11,0,1,1,87.33333333333333,87.33333333333333,3
rb_lac,JK Dobbins,LAC,NYG,4,2025,2025_04_LAC_NYG,RB,0,0,0,0,64,1,10,42,0,5,6,81.5,89.66666666666667,4
rb_lac,JK Dobbins,LAC,WAS,5,2025,2025_05_WAS_LAC,RB,0,0,0,0,52,1,10,10,0,1,1,75.6,74.66666666666667,5
rb_lac,JK Dobbins,LAC,MIA,6,2025,2025_06_LAC_MIA,RB,0,0,0,0,78,1,19,39,0,4,5,76.0,64.66666666666667,6
rb_lac,JK Dobbins,LAC,IND,7,2025,2025_07_IND_LAC,RB,0,0,0,0,61,1,11,28,0,3,3,73.85714285714286,63.666666666666664,7
rb_lac,JK Dobbins,LAC,MIN,8,2025,2025_08_MIN_LAC,RB,0,0,0,0,97,2,22,12,0,1,1,76.75,78.66666666666667,8
rb_lac,JK Dobbins,LAC,TEN,9,2025,2025_09_LAC_TEN,RB,0,0,0,0,50,2,10,3,0,0,0,73.77777777777777,69.33333333333333,9
rb_lv,Alexander Mattison,LV,NE,1,2025,2025_01_LV_NE,RB,0,0,0,0,101,1,19,49,0,6,7,101.0,101.0,1
rb_lv,Alexander Mattison,LV,LAC,2,2025,2025_02_LAC_LV,RB,0,0,0,0,61,0,14,34,0,4,5,81.0,81.0,2
rb_lv,Alexander Mattison,LV,WAS,3,2025,2025_03_LV_WAS,RB,0,0,0,0,56,1,9,30,0,3,3,72.66666666666667,72.66666666666667,3
rb_lv,Alexander Mattison,LV,CHI,4,2025,2025_04_CHI_LV,RB,0,0,0,0,43,1,9,8,0,1,1,65.25,53.333333333333336,4
rb_lv,Alexander Mattison,LV,IND,5,2025,2025_05_LV_IND,RB,0,0,0,0,74,0,18,16,0,2,2,67.0,57.666666666666664,5
rb_lv,Alexander Mattison,LV,TEN,6,2025,2025_06_TEN_LV,RB,0,0,0,0,30,1,6,40,0,5,6,60.833333333333336,49.0,6
rb_lv,Alexander Mattison,LV,KC,7,2025,2025_07_LV_KC,RB,0,0,0,0,67,0,14,33,0,4,5,61.714285714285715,57.0,7
rb_lv,Alexander Mattison,LV,JAX,9,2025,2025_09_JAX_LV,RB,0,0,0,0,63,2,12,44,0,5,6,61.875,53.333333333333336,8
rb_mia,De'Von Achane,MIA,IND,1,2025,2025_01_MIA_IND,RB,0,0,0,0,50,0,9,28,0,3,3,50.0,50.0,1
rb_mia,De'Von Achane,MIA,NE,2,2025,2025_02_NE_MIA,RB,0,0,0,0,78,1,15,39,0,4,5,64.0,64.0,2
rb_mia,De'Von Achane,MIA,BUF,3,2025,2025_03_MIA_BUF,RB,0,0,0,0,112,1,26,13,0,1,1,80.0,80.0,3
rb_mia,De'Von Achane,MIA,NYJ,4,2025,2025_04_NYJ_MIA,RB,0,0,0,0,28,2,5,15,0,1,1,67.0,72.66666666666667,4
rb_mia,De'Von Achane,MIA,CAR,5,2025,2025_05_MIA_CAR,RB,0,0,0,0,24,1,3,39,0,4,5,58.4,54.666666666666664,5
rb_mia,De'Von Achane,MIA,LAC,6,2025,2025_06_LAC_MIA,RB,0,0,0,0,31,1,3,24,0,3,3,53.833333333333336,27.666666666666668,6
rb_mia,De'Von Achane,MIA,CLE,7,2025,2025_07_MIA_CLE,RB,0,0,0,0,38,0,10,45,0,5,6,51.57142857142857,31.0,7
rb_mia,De'Von Achane,MIA,ATL,8,2025,2025_08_MIA_ATL,RB,0,0,0,0,67,2,17,32,0,4,5,53.5,45.333333333333336,8
rb_mia,De'Von Achane,MIA,BAL,9,2025,2025_09_BAL_MIA,RB,0,0,0,0,74,0,14,35,0,4,5,55.77777777777778,59.666666666666664,9
rb_min,Aaron Jones,MIN,CHI,1,2025,2025_01_MIN_CHI,RB,0,0,0,0,56,2,11,57,0,7,9,56.0,56.0,1
rb_min,Aaron Jones,MIN,ATL,2,2025,2025_02_ATL_MIN,RB,0,0,0,0,52,0,11,51,0,6,7,54.0,54.0,2
rb_min,Aaron Jones,MIN,CIN,3,2025,2025_03_CIN_MIN,RB,0,0,0,0,113,2,23,34,0,4,5,73.66666666666667,73.66666666666667,3
rb_min,Aaron Jones,MIN,PIT,4,2025,2025_04_MIN_PIT,RB,0,0,0,0,118,1,26,46,0,5,6,84.75,94.33333333333333,4
rb_min,Aaron Jones,MIN,CLE,5,2025,2025_05_MIN_CLE,RB,0,0,0,0,71,0,14,30,0,3,3,82.0,100.66666666666667,5
rb_min,Aaron Jones,MIN,PHI,7,2025,2025_07_PHI_MIN,RB,0,0,0,0,74,1,14,20,0,2,2,80.66666666666667,87.66666666666667,6
rb_min,Aaron Jones,MIN,LAC,8,2025,2025_08_MIN_LAC,RB,0,0,0,0,37,1,9,35,0,4,5,74.42857142857143,60.666666666666664,7
rb_min,Aaron Jones,MIN,DET,9,2025,2025_09_MIN_DET,RB,0,0,0,0,75,1,15,23,0,2,2,74.5,62.0,8
rb_ne,Rhamondre Stevenson,NE,LV,1,2025,2025_01_LV_NE,RB,0,0,0,0,53,0,14,32,0,4,5,53.0,53.0,1
rb_ne,Rhamondre Stevenson,NE,MIA,2,2025,2025_02_NE_MIA,RB,0,0,0,0,46,1,12,11,0,1,1,49.5,49.5,2
rb_ne,Rhamondre Stevenson,NE,PIT,3,2025,2025_03_PIT_NE,RB,0,0,0,0,83,0,20,59,0,7,9,60.666666666666664,60.666666666666664,3
rb_ne,Rhamondre Stevenson,NE,CAR,4,2025,2025_04_CAR_NE,RB,0,0,0,0,75,2,19,18,0,2,2,64.25,68.0,4
rb_ne,Rhamondre Stevenson,NE,BUF,5,2025,2025_05_NE_BUF,RB,0,0,0,0,73,1,17,31,0,3,3,66.0,77.0,5
rb_ne,Rhamondre Stevenson,NE,NO,6,2025,2025_06_NE_NO,RB,0,0,0,0,92,1,21,42,0,5,6,70.33333333333333,80.0,6
rb_ne,Rhamondre Stevenson,NE,TEN,7,2025,2025_07_NE_TEN,RB,0,0,0,0,104,2,24,22,0,2,2,75.14285714285714,89.66666666666667,7
rb_ne,Rhamondre Stevenson,NE,CLE,8,2025,2025_08_CLE_NE,RB,0,0,0,0,90,2,23,19,0,2,2,77.0,95.33333333333333,8
rb_ne,Rhamondre Stevenson,NE,ATL,9,2025,2025_09_ATL_NE,RB,0,0,0,0,55,1,10,23,0,2,2,74.55555555555556,83.0,9
rb_no,Alvin Kamara,NO,ARI,1,2025,2025_01_ARI_NO,RB,0,0,0,0,52,0,8,18,0,2,2,52.0,52.0,1
rb_no,Alvin Kamara,NO,SF,2,2025,2025_02_SF_NO,RB,0,0,0,0,93,1,24,21,0,2,2,72.5,72.5,2
rb_no,Alvin Kamara,NO,SEA,3,2025,2025_03_NO_SEA,RB,0,0,0,0,44,1,12,-2,0,0,0,63.0,63.0,3
rb_no,Alvin Kamara,NO,BUF,4,2025,2025_04_NO_BUF,RB,0,0,0,0,50,0,12,29,0,3,3,59.75,62.333333333333336,4
rb_no,Alvin Kamara,NO,NYG,5,2025,2025_05_NYG_NO,RB,0,0,0,0,79,1,17,47,0,5,6,63.6,57.666666666666664,5
rb_no,Alvin Kamara,NO,NE,6,2025,2025_06_NE_NO,RB,0,0,0,0,48,1,9,62,0,7,9,61.0,59.0,6
rb_no,Alvin Kamara,NO,CHI,7,2025,2025_07_NO_CHI,RB,0,0,0,0,37,0,6,34,0,4,5,57.57142857142857,54.666666666666664,7
rb_no,Alvin Kamara,NO,TB,8,2025,2025_08_TB_NO,RB,0,0,0,0,72,0,16,25,0,3,3,59.375,52.333333333333336,8
rb_no,Alvin Kamara,NO,LA,9,2025,2025_09_NO_LA,RB,0,0,0,0,80,0,15,15,0,1,1,61.666666666666664,63.0,9
rb_nyg,Devin Singletary,NYG,WAS,1,2025,2025_01_NYG_WAS,RB,0,0,0,0,25,0,8,21,0,2,2,25.0,25.0,1
rb_nyg,Devin Singletary,NYG,DAL,2,2025,2025_02_NYG_DAL,RB,0,0,0,0,50,2,10,20,0,2,2,37.5,37.5,2
rb_nyg,Devin Singletary,NYG,KC,3,2025,2025_03_KC_NYG,RB,0,0,0,0,35,0,6,28,0,3,3,36.666666666666664,36.666666666666664,3
rb_nyg,Devin Singletary,NYG,LAC,4,2025,2025_04_LAC_NYG,RB,0,0,0,0,39,1,9,29,0,3,3,37.25,41.333333333333336,4
rb_nyg,Devin Singletary,NYG,NO,5,2025,2025_05_NYG_NO,RB,0,0,0,0,34,0,8,35,0,4,5,36.6,36.0,5
rb_nyg,Devin Singletary,NYG,PHI,6,2025,2025_06_PHI_NYG,RB,0,0,0,0,119,2,27,30,0,3,3,50.333333333333336,64.0,6
rb_nyg,Devin Singletary,NYG,DEN,7,2025,2025_07_NYG_DEN,RB,0,0,0,0,59,1,12,8,0,1,1,51.57142857142857,70.66666666666667,7
rb_nyg,Devin Singletary,NYG,PHI,8,2025,2025_08_NYG_PHI,RB,0,0,0,0,32,1,7,31,0,3,3,49.125,70.0,8
rb_nyg,Devin Singletary,NYG,SF,9,2025,2025_09_SF_NYG,RB,0,0,0,0,76,1,18,46,0,5,6,52.111111111111114,55.666666666666664,9
rb_nyj,Breece Hall,NYJ,PIT,1,2025,2025_01_PIT_NYJ,RB,0,0,0,0,56,1,13,22,0,2,2,56.0,56.0,1
rb_nyj,Breece Hall,NYJ,BUF,2,2025,2025_02_BUF_NYJ,RB,0,0,0,0,50,0,14,43,0,5,6,53.0,53.0,2
rb_nyj,Breece Hall,NYJ,TB,3,2025,2025_03_NYJ_TB,RB,0,0,0,0,71,2,19,22,0,2,2,59.0,59.0,3
rb_nyj,Breece Hall,NYJ,MIA,4,2025,2025_04_NYJ_MIA,RB,0,0,0,0,63,1,11,52,0,6,7,60.0,61.333333333333336,4
rb_nyj,Breece Hall,NYJ,DAL,5,2025,2025_05_DAL_NYJ,RB,0,0,0,0,55,1,11,53,0,6,7,59.0,63.0,5
rb_nyj,Breece Hall,NYJ,DEN,6,2025,2025_06_DEN_NYJ,RB,0,0,0,0,55,0,12,65,0,8,10,58.333333333333336,57.666666666666664,6
rb_nyj,Breece Hall,NYJ,CAR,7,2025,2025_07_CAR_NYJ,RB,0,0,0,0,93,0,18,45,0,5,6,63.285714285714285,67.66666666666667,7
rb_nyj,Breece Hall,NYJ,CIN,8,2025,2025_08_NYJ_CIN,RB,0,0,0,0,89,2,19,-2,0,0,0,66.5,79.0,8
rb_phi,Saquon Barkley,PHI,DAL,1,2025,2025_01_DAL_PHI,RB,0,0,0,0,54,1,9,41,0,5,6,54.0,54.0,1
rb_phi,Saquon Barkley,PHI,KC,2,2025,2025_02_PHI_KC,RB,0,0,0,0,75,1,16,9,0,1,1,64.5,64.5,2
rb_phi,Saquon Barkley,PHI,LA,3,2025,2025_03_LA_PHI,RB,0,0,0,0,74,2,15,30,0,3,3,67.66666666666667,67.66666666666667,3
rb_phi,Saquon Barkley,PHI,TB,4,2025,2025_04_PHI_TB,RB,0,0,0,0,77,2,16,44,0,5,6,70.0,75.33333333333333,4
rb_phi,Saquon Barkley,PHI,DEN,5,2025,2025_05_DEN_PHI,RB,0,0,0,0,79,0,20,7,0,0,0,71.8,76.66666666666667,5
rb_phi,Saquon Barkley,PHI,NYG,6,2025,2025_06_PHI_NYG,RB,0,0,0,0,47,1,9,9,0,1,1,67.66666666666667,67.66666666666667,6
rb_phi,Saquon Barkley,PHI,MIN,7,2025,2025_07_PHI_MIN,RB,0,0,0,0,93,1,22,50,0,6,7,71.28571428571429,73.0,7
rb_phi,Saquon Barkley,PHI,NYG,8,2025,2025_08_NYG_PHI,RB,0,0,0,0,133,3,29,32,0,4,5,79.0,91.0,8
rb_pit,Najee Harris,PIT,NYJ,1,2025,2025_01_PIT_NYJ,RB,0,0,0,0,119,1,27,10,0,1,1,119.0,119.0,1
rb_pit,Najee Harris,PIT,SEA,2,2025,2025_02_SEA_PIT,RB,0,0,0,0,20,1,1,32,0,4,5,69.5,69.5,2
rb_pit,Najee Harris,PIT,NE,3,2025,2025_03_PIT_NE,RB,0,0,0,0,55,1,10,25,0,3,3,64.66666666666667,64.66666666666667,3
rb_pit,Najee Harris,PIT,MIN,4,2025,2025_04_MIN_PIT,RB,0,0,0,0,86,2,20,39,0,4,5,70.0,53.666666666666664,4
rb_pit,Najee Harris,PIT,CLE,6,2025,2025_06_CLE_PIT,RB,0,0,0,0,100,1,20,22,0,2,2,76.0,80.33333333333333,5
rb_pit,Najee Harris,PIT,CIN,7,2025,2025_07_PIT_CIN,RB,0,0,0,0,60,1,11,22,0,2,2,73.33333333333333,82.0,6
rb_pit,Najee Harris,PIT,GB,8,2025,2025_08_GB_PIT,RB,0,0,0,0,83,1,20,34,0,4,5,74.71428571428571,81.0,7
rb_pit,Najee Harris,PIT,IND,9,2025,2025_09_IND_PIT,RB,0,0,0,0,92,1,23,53,0,6,7,76.875,78.33333333333333,8
rb_sea,Kenneth Walker,SEA,SF,1,2025,2025_01_SF_SEA,RB,0,0,0,0,79,1,20,30,0,3,3,79.0,79.0,1
rb_sea,Kenneth Walker,SEA,PIT,2,2025,2025_02_SEA_PIT,RB,0,0,0,0,76,1,13,14,0,1,1,77.5,77.5,2
rb_sea,Kenneth Walker,SEA,NO,3,2025,2025_03_NO_SEA,RB,0,0,0,0,67,2,13,14,0,1,1,74.0,74.0,3
rb_sea,Kenneth Walker,SEA,ARI,4,2025,2025_04_SEA_ARI,RB,0,0,0,0,68,1,18,35,0,4,5,72.5,70.33333333333333,4
rb_sea,Kenneth Walker,SEA,TB,5,2025,2025_05_TB_SEA,RB,0,0,0,0,111,2,28,37,0,4,5,80.2,82.0,5
rb_sea,Kenneth Walker,SEA,JAX,6,2025,2025_06_SEA_JAX,RB,0,0,0,0,41,1,9,26,0,3,3,73.66666666666667,73.33333333333333,6
rb_sea,Kenneth Walker,SEA,HOU,7,2025,2025_07_HOU_SEA,RB,0,0,0,0,36,2,4,29,0,3,3,68.28571428571429,62.666666666666664,7
rb_sea,Kenneth Walker,SEA,WAS,9,2025,2025_09_SEA_WAS,RB,0,0,0,0,128,2,28,0,0,0,0,75.75,68.33333333333333,8
rb_sf,Christian McCaffrey,SF,SEA,1,2025,2025_01_SF_SEA,RB,0,0,0,0,65,1,16,19,0,2,2,65.0,65.0,1
rb_sf,Christian McCaffrey,SF,NO,2,2025,2025_02_SF_NO,RB,0,0,0,0,76,1,16,25,0,3,3,70.5,70.5,2
rb_sf,Christian McCaffrey,SF,ARI,3,2025,2025_03_ARI_SF,RB,0,0,0,0,61,1,14,60,0,7,9,67.33333333333333,67.33333333333333,3
rb_sf,Christian McCaffrey,SF,JAX,4,2025,2025_04_JAX_SF,RB,0,0,0,0,30,1,6,41,0,5,6,58.0,55.666666666666664,4
rb_sf,Christian McCaffrey,SF,LA,5,2025,2025_05_SF_LA,RB,0,0,0,0,63,1,15,28,0,3,3,59.0,51.333333333333336,5
rb_sf,Christian McCaffrey,SF,TB,6,2025,2025_06_SF_TB,RB,0,0,0,0,50,1,8,50,0,6,7,57.5,47.666666666666664,6
rb_sf,Christian McCaffrey,SF,ATL,7,2025,2025_07_ATL_SF,RB,0,0,0,0,54,1,9,38,0,4,5,57.0,55.666666666666664,7
rb_sf,Christian McCaffrey,SF,HOU,8,2025,2025_08_SF_HOU,RB,0,0,0,0,51,1,10,64,0,8,10,56.25,51.666666666666664,8
rb_sf,Christian McCaffrey,SF,NYG,9,2025,2025_09_SF_NYG,RB,0,0,0,0,98,2,21,29,0,3,3,60.888888888888886,67.66666666666667,9
rb_tb,Rachaad White,TB,ATL,1,2025,2025_01_TB_ATL,RB,0,0,0,0,55,1,13,25,0,3,3,55.0,55.0,1
rb_tb,Rachaad White,TB,HOU,2,2025,2025_02_TB_HOU,RB,0,0,0,0,35,1,7,26,0,3,3,45.0,45.0,2
rb_tb,Rachaad White,TB,NYJ,3,2025,2025_03_NYJ_TB,RB,0,0,0,0,82,1,19,19,0,2,2,57.333333333333336,57.333333333333336,3
rb_tb,Rachaad White,TB,PHI,4,2025,2025_04_PHI_TB,RB,0,0,0,0,83,1,16,35,0,4,5,63.75,66.66666666666667,4
rb_tb,Rachaad White,TB,SEA,5,2025,2025_05_TB_SEA,RB,0,0,0,0,76,2,17,46,0,5,6,66.2,80.33333333333333,5
rb_tb,Rachaad White,TB,SF,6,2025,2025_06_SF_TB,RB,0,0,0,0,67,2,17,26,0,3,3,66.33333333333333,75.33333333333333,6
rb_tb,Rachaad White,TB,DET,7,2025,2025_07_TB_DET,RB,0,0,0,0,56,0,9,15,0,1,1,64.85714285714286,66.33333333333333,7
rb_tb,Rachaad White,TB,NO,8,2025,2025_08_TB_NO,RB,0,0,0,0,111,1,25,50,0,6,7,70.625,78.0,8
rb_ten,Tyjae Spears,TEN,DEN,1,2025,2025_01_TEN_DEN,RB,0,0,0,0,94,0,20,20,0,2,2,94.0,94.0,1
rb_ten,Tyjae Spears,TEN,LA,2,2025,2025_02_LA_TEN,RB,0,0,0,0,25,1,8,32,0,4,5,59.5,59.5,2
rb_ten,Tyjae Spears,TEN,IND,3,2025,2025_03_IND_TEN,RB,0,0,0,0,37,1,8,59,0,7,9,52.0,52.0,3
rb_ten,Tyjae Spears,TEN,HOU,4,2025,2025_04_TEN_HOU,RB,0,0,0,0,55,0,12,26,0,3,3,52.75,39.0,4
rb_ten,Tyjae Spears,TEN,ARI,5,2025,2025_05_TEN_ARI,RB,0,0,0,0,68,1,14,52,0,6,7,55.8,53.333333333333336,5
rb_ten,Tyjae Spears,TEN,LV,6,2025,2025_06_TEN_LV,RB,0,0,0,0,101,0,26,24,0,3,3,63.333333333333336,74.66666666666667,6
rb_ten,Tyjae Spears,TEN,NE,7,2025,2025_07_NE_TEN,RB,0,0,0,0,43,0,8,5,0,0,0,60.42857142857143,70.66666666666667,7
rb_ten,Tyjae Spears,TEN,IND,8,2025,2025_08_TEN_IND,RB,0,0,0,0,44,1,8,8,0,1,1,58.375,62.666666666666664,8
rb_ten,Tyjae Spears,TEN,LAC,9,2025,2025_09_LAC_TEN,RB,0,0,0,0,75,0,16,28,0,3,3,60.22222222222222,54.0,9
rb_was,Brian Robinson,WAS,NYG,1,2025,2025_01_NYG_WAS,RB,0,0,0,0,101,0,20,39,0,4,5,101.0,101.0,1
rb_was,Brian Robinson,WAS,GB,2,2025,2025_02_WAS_GB,RB,0,0,0,0,86,1,17,32,0,4,5,93.5,93.5,2
rb_was,Brian Robinson,WAS,LV,3,2025,2025_03_LV_WAS,RB,0,0,0,0,106,2,24,53,0,6,7,97.66666666666667,97.66666666666667,3
rb_was,Brian Robinson,WAS,ATL,4,2025,2025_04_WAS_ATL,RB,0,0,0,0,83,1,14,23,0,2,2,94.0,91.66666666666667,4
rb_was,Brian Robinson,WAS,LAC,5,2025,2025_05_WAS_LAC,RB,0,0,0,0,54,1,9,51,0,6,7,86.0,81.0,5
rb_was,Brian Robinson,WAS,CHI,6,2025,2025_06_CHI_WAS,RB,0,0,0,0,49,1,8,57,0,7,9,79.83333333333333,62.0,6
rb_was,Brian Robinson,WAS,DAL,7,2025,2025_07_WAS_DAL,RB,0,0,0,0,48,2,5,32,0,4,5,75.28571428571429,50.333333333333336,7
rb_was,Brian Robinson,WAS,KC,8,2025,2025_08_WAS_KC,RB,0,0,0,0,27,0,6,48,0,6,7,69.25,41.333333333333336,8
rb_was,Brian Robinson,WAS,SEA,9,2025,2025_09_SEA_WAS,RB,0,0,0,0,46,0,12,29,0,3,3,66.66666666666667,40.333333333333336,9
